ID,State,StartTime,EndTime,StopTime,duration,workTag,Tags,runAttemptCount,stopReason,Pid/Tid,Temp(℃),totalPSS(MB),CPU(%),msg
502248a5-c658-4d7f-b0a9-0846dda99f86-0,END,2026/07/14 03:35:45.743,2026/07/14 03:35:45.864,,00:00:00.121,REALTIME_DATA_COLLECTOR,contacts,0,NOT_STOPPED,8838/9246,36.3,77.0,19.4,contacts:68:noData:36.3:-24.4:-1.2:on;contacts:67:16.7:0.00:-24.6:-1.0:0:0:0:1;
a19a0184-62f5-4a93-aa7c-617b08ef9117-0,END,2026/07/14 03:35:45.747,2026/07/14 03:35:45.795,,00:00:00.048,REALTIME_DATA_COLLECTOR,my_contact_profile,0,NOT_STOPPED,8838/9245,36.3,100.6,22.3,my_contact_profile:8:noData:36.3:0.2:0.0:on;my_contact_profile:7:0.0:0.00:0.1:0.0:0:0:0:1;
192a1b5c-69d5-41c0-8f92-1d2e60e8c535-0,END,2026/07/14 03:35:35.707,2026/07/14 03:35:35.710,,00:00:00.003,DATA_OBSERVER,my_contact_profile,0,NOT_STOPPED,8838/9245,36.4,98.5,0.0,
c73093fc-8667-4ca5-905d-36750010581c-0,END,2026/07/14 03:35:35.702,2026/07/14 03:35:35.709,,00:00:00.007,DATA_OBSERVER,contacts,0,NOT_STOPPED,8838/9844,36.4,98.5,0.0,
d327d558-9c75-410c-8b72-928d248c4146-0,END,2026/07/14 03:34:46.705,2026/07/14 03:34:46.839,,00:00:00.134,REALTIME_DATA_COLLECTOR,contacts,0,NOT_STOPPED,8838/9561,36.9,99.8,11.3,contacts:96:noData:36.9:0.5:-0.4:on;contacts:94:11.5:0.00:0.4:-0.4:0:0:0:1;
e3885dc7-78a7-4d90-b45b-ab09b6599526-0,END,2026/07/14 03:34:46.738,2026/07/14 03:34:46.786,,00:00:00.048,REALTIME_DATA_COLLECTOR,my_contact_profile,0,NOT_STOPPED,8838/9844,36.9,98.7,13.8,my_contact_profile:14:noData:36.9:0.3:0.1:on;my_contact_profile:13:8.5:0.00:0.1:0.0:0:0:0:1;
5b1725d1-27e9-4220-b193-1eddba49e389-0,END,2026/07/14 03:34:36.674,2026/07/14 03:34:36.698,,00:00:00.024,DATA_OBSERVER,my_contact_profile,0,NOT_STOPPED,8838/9245,36.2,95.6,5.8,
276eec7e-1520-4836-8f15-ec4a488cfd86-0,END,2026/07/14 03:34:36.674,2026/07/14 03:34:36.684,,00:00:00.010,DATA_OBSERVER,contacts,0,NOT_STOPPED,8838/9844,36.2,94.6,9.0,
cbf4bbe4-905f-429d-b3af-2c994464e921-0,END,2026/07/14 03:16:49.898,2026/07/14 03:16:50.127,,00:00:00.229,REALTIME_ANALYSIS,call_log,0,NOT_STOPPED,8838/9844,34.8,99.8,11.4,
f69c0e06-2ae3-45f5-91c9-f06fb83e99a6-0,END,2026/07/14 03:16:47.754,2026/07/14 03:16:47.873,,00:00:00.119,REALTIME_DATA_COLLECTOR,call_log,0,NOT_STOPPED,8838/9246,34.8,98.5,7.6,call_log:82:success:34.8:1.3:0.2:on;call_log:76:5.5:0.00:1.1:0.2:0:1:0:1;
17c10f1c-eea0-4fdc-bfa4-ea1f04018d6b-0,END,2026/07/14 03:16:37.736,2026/07/14 03:16:37.741,,00:00:00.005,DATA_OBSERVER,call_log,0,NOT_STOPPED,8838/9561,34.8,96.9,0.0,
24f5a4d0-8c13-4fef-bcc0-fabdb07d6c89-0,END,2026/07/14 03:16:26.467,2026/07/14 03:16:27.008,,00:00:00.541,REALTIME_ANALYSIS,call_log,0,NOT_STOPPED,8838/9246,34.9,96.9,9.2,
4e08fe3e-9488-4f38-a165-4b51860db760-0,END,2026/07/14 03:16:24.002,2026/07/14 03:16:24.427,,00:00:00.425,REALTIME_DATA_COLLECTOR,call_log,0,NOT_STOPPED,8838/9844,34.9,89.2,6.5,call_log:351:success:34.9:1.2:0.0:on;call_log:296:5.2:0.00:1.0:-0.0:1:0:0:1;
d0fc5567-1ec4-419d-89ff-df7effe3da71-0,END,2026/07/14 03:16:13.905,2026/07/14 03:16:13.944,,00:00:00.039,DATA_OBSERVER,call_log,0,NOT_STOPPED,8838/9245,34.9,80.5,4.9,
e7031fb1-8d18-4041-bee0-08daf5899008-0,END,2026/07/14 03:00:42.776,2026/07/14 03:00:42.863,,00:00:00.087,REALTIME_DATA_COLLECTOR,contacts,0,NOT_STOPPED,8838/9245,38.8,80.2,16.6,contacts:45:noData:38.8:0.5:0.0:on;contacts:43:12.8:0.00:0.3:-0.0:0:0:0:1;
d0958104-8766-4a98-9787-1606eb430502-0,END,2026/07/14 03:00:42.781,2026/07/14 03:00:42.822,,00:00:00.041,REALTIME_DATA_COLLECTOR,my_contact_profile,0,NOT_STOPPED,8838/9844,38.8,79.9,20.0,my_contact_profile:7:noData:38.8:0.3:0.1:on;my_contact_profile:6:0.0:0.00:0.2:0.1:0:0:0:1;
1be5a9cc-1a3d-4957-8d8e-ade7b14b4111-0,END,2026/07/14 03:00:41.115,2026/07/14 03:00:41.120,,00:00:00.005,DATA_OBSERVER,contacts,0,NOT_STOPPED,8838/9844,38.8,79.5,0.0,
ba4e3256-96b1-4a51-9556-9ee905ba1462-0,END,2026/07/14 03:00:41.106,2026/07/14 03:00:41.119,,00:00:00.013,DATA_OBSERVER,my_contact_profile,0,NOT_STOPPED,8838/9246,38.8,79.5,8.5,
52e85356-b879-4558-b015-23684dc302ad-0,END,2026/07/14 03:00:32.749,2026/07/14 03:00:32.753,,00:00:00.004,DATA_OBSERVER,my_contact_profile,0,NOT_STOPPED,8838/9245,39.2,81.6,0.0,
aad61c07-3670-4e8a-a8ef-878c72831b4f-0,END,2026/07/14 03:00:32.749,2026/07/14 03:00:32.752,,00:00:00.003,DATA_OBSERVER,contacts,0,NOT_STOPPED,8838/9844,39.2,81.5,0.0,
f8a53b20-7627-4e88-9729-b25c2711c929-0,END,2026/07/14 03:00:30.249,2026/07/14 03:00:30.330,,00:00:00.081,REALTIME_DATA_COLLECTOR,contacts,0,NOT_STOPPED,8838/9245,39.2,81.2,6.5,contacts:50:noData:39.2:0.4:0.1:on;contacts:49:2.9:0.00:0.3:0.1:0:0:0:1;
05ad55d7-1140-4ca0-8d98-04352f77c67e-0,END,2026/07/14 03:00:30.166,2026/07/14 03:00:30.225,,00:00:00.059,REALTIME_DATA_COLLECTOR,my_contact_profile,0,NOT_STOPPED,8838/9245,39.2,79.7,7.8,my_contact_profile:22:noData:39.2:0.1:-0.0:on;my_contact_profile:22:5.9:0.00:0.1:-0.0:0:0:0:1;
1c4ccbd9-2819-4431-96db-30920e84fbd5-0,END,2026/07/14 03:00:20.235,2026/07/14 03:00:20.241,,00:00:00.006,DATA_OBSERVER,contacts,0,NOT_STOPPED,8838/9561,38.7,78.6,0.0,
9817de8c-03d5-463e-bbc7-a1168a7c4d6a-0,END,2026/07/14 03:00:20.127,2026/07/14 03:00:20.145,,00:00:00.018,DATA_OBSERVER,my_contact_profile,0,NOT_STOPPED,8838/9246,38.7,76.9,8.9,
eafb1228-f0ea-4d87-8de7-8eaff6eb0cf5-0,END,2026/07/14 02:01:11.298,2026/07/14 02:01:11.454,,00:00:00.156,REALTIME_DATA_COLLECTOR,contacts,0,NOT_STOPPED,8838/9561,35.7,79.9,17.4,contacts:92:noData:35.7:0.8:0.0:on;contacts:90:13.1:0.00:0.5:0.0:0:0:0:1;
e044ed77-cfb4-4575-86fa-7fd9604b8cc1-0,END,2026/07/14 02:01:11.293,2026/07/14 02:01:11.394,,00:00:00.101,REALTIME_DATA_COLLECTOR,my_contact_profile,0,NOT_STOPPED,8838/9245,35.7,78.4,22.4,my_contact_profile:31:noData:35.7:0.6:0.1:on;my_contact_profile:30:21.7:0.00:0.3:0.1:0:0:0:1;
775b45eb-04cd-437c-8040-b2a9b3c82a3e-0,END,2026/07/14 02:01:11.318,2026/07/14 02:01:11.329,,00:00:00.011,DATA_OBSERVER,contacts,0,NOT_STOPPED,8838/9844,35.7,80.7,29.1,
a9a91404-185a-4e0d-b05b-6af83d62aeb3-0,END,2026/07/14 02:01:11.322,2026/07/14 02:01:11.325,,00:00:00.003,DATA_OBSERVER,my_contact_profile,0,NOT_STOPPED,8838/9246,35.7,80.5,0.0,
8665c59b-2c14-4999-865f-ac38b3b6b039-0,END,2026/07/14 02:01:01.216,2026/07/14 02:01:01.236,,00:00:00.020,DATA_OBSERVER,contacts,0,NOT_STOPPED,8838/9561,35.5,76.9,9.0,
c69c3331-0253-4de7-99eb-2709fc4ef597-0,END,2026/07/14 02:01:01.217,2026/07/14 02:01:01.236,,00:00:00.019,DATA_OBSERVER,my_contact_profile,0,NOT_STOPPED,8838/9246,35.5,77.1,8.9,
e2f7bd50-6870-4c33-8264-08d6fa411850-0,END,2026/07/14 01:47:57.718,2026/07/14 01:47:57.846,,00:00:00.128,REALTIME_DATA_COLLECTOR,contacts,0,NOT_STOPPED,8838/9561,35.9,84.3,12.5,contacts:83:noData:35.9:0.6:-4.7:on;contacts:82:10.2:0.00:0.4:-4.7:0:0:0:1;
235cebc2-e3c5-4134-97fe-b31271aa345b-0,END,2026/07/14 01:47:57.726,2026/07/14 01:47:57.806,,00:00:00.080,REALTIME_DATA_COLLECTOR,my_contact_profile,0,NOT_STOPPED,8838/9844,35.9,83.0,13.4,my_contact_profile:44:noData:35.9:0.3:-4.6:on;my_contact_profile:43:9.5:0.00:0.2:-4.6:0:0:0:1;
3c977148-1625-440b-b5cc-309b7c462aec-0,END,2026/07/14 01:47:47.685,2026/07/14 01:47:47.697,,00:00:00.012,DATA_OBSERVER,my_contact_profile,0,NOT_STOPPED,8838/9245,36.0,80.2,13.3,
d8c2ee30-00cf-441a-9b22-bfcd6c63a7cd-0,END,2026/07/14 01:47:47.683,2026/07/14 01:47:47.697,,00:00:00.014,DATA_OBSERVER,contacts,0,NOT_STOPPED,8838/9844,36.0,79.5,12.9,
49f8614d-1b2d-449a-a557-0133744a4124-0,END,2026/07/14 00:39:47.464,2026/07/14 00:47:50.489,2026/07/14 00:47:47.524,00:08:03.025,BATCH_ANALYSIS,,0,CANCELLED_BY_APP,8838/9246,36.4,82.4,1.0,32.5:notification_user_action:basicDomain:69116:stopped;media_history:basicDomain:4.7:0.00:25:25:8:8:1:32:0:0:1;media_history:fourWEvent:5.2:0.00:29:29:2:2:1:32:0:0:1;media_history:preference:3.8:0.00:1030:1030:5:5:1:32:0:0:1;media_history:memory:6.9:0.00:1242:1242:7:7:1:32:0:0:1;media_history:inference:11.1:0.00:14:14:16:16:1:32:0:0:1;keyboard_text:basicDomain:8.3:0.00:10:10:8:8:1:22:0:0:1;keyboard_text:fourWEvent:6.1:0.00:15:15:7:7:1:22:0:0:1;keyboard_text:preference:8.4:0.00:67:67:16:16:1:22:0:0:1;keyboard_text:memory:6.7:0.00:26:26:2:2:1:22:0:0:1;keyboard_text:inference:11.9:0.00:10:10:12:12:1:22:0:0:1;event_context:basicDomain:6.0:0.00:21:21:2:2:1:10:0:0:1;event_context:fourWEvent:7.2:0.00:19:19:2:2:1:10:0:0:1;event_context:preference:8.2:0.00:92:92:17:17:1:10:0:0:1;event_context:memory:6.6:0.00:29:29:2:2:1:10:0:0:1;event_context:inference:8.6:0.00:16:16:6:6:1:10:0:0:1;visited_area_record:memory:7.9:1.10:886:355:442:154:5:65:0:0:1;calendar:memory:7.4:0.00:35:35:13:13:1:0:1:0:1;call_log:basicDomain:7.9:0.00:85:22:60:34:6:5:202:0:1;call_log:fourWEvent:7.7:0.00:96:23:28:8:6:5:202:0:1;call_log:preference:8.0:0.00:745:157:176:91:6:5:202:0:1;call_log:memory:7.2:0.00:5225:1189:351:182:8:12:285:0:1;call_log:inference:8.6:0.00:88:20:40:11:6:5:202:0:1;notification:basicDomain:6.6:0.00:354:48:36:18:10:454:0:0:1;notification:fourWEvent:7.3:1.50:186:27:47:12:10:454:0:0:1;notification:preference:8.4:0.00:763:110:204:45:10:454:0:0:1;notification:memory:8.2:0.00:269:32:86:17:10:454:0:0:1;notification:inference:7.8:0.00:372:84:129:39:10:454:0:0:1;notification_user_action:basicDomain:0.9:1.20:279:46:123:43:17:850:0:0:1;notification_user_action:fourWEvent:7.4:0.00:276:32:69:10:16:800:0:0:1;notification_user_action:preference:8.1:0.00:1208:122:303:35:16:800:0:0:1;notification_user_action:memory:7.9:0.00:531:55:197:89:16:800:0:0:1;notification_user_action:inference:7.8:0.00:294:31:96:20:16:800:0:0:1;
bce07cec-84c4-4991-91f9-c6fed33945f5-0,END,2026/07/14 00:41:10.379,2026/07/14 00:41:51.598,,00:00:41.219,SEARCH_INDEXING,,0,NOT_STOPPED,8838/9844,36.7,107.8,7.9,
58b59bfd-66e7-4333-a54f-1a49483fbf79-0,END,2026/07/13 23:28:07.209,2026/07/13 23:28:08.709,,00:00:01.500,SEARCH_INDEXING,,0,NOT_STOPPED,8838/9245,32.1,81.5,0.1,Not compliant
d82909cc-3f74-4231-8feb-ca768c4deb7f-0,END,2026/07/13 23:28:07.212,2026/07/13 23:28:08.709,,00:00:01.497,BATCH_DATA_COLLECTOR,,0,NOT_STOPPED,8838/9844,32.1,81.5,0.1,Not compliant
1e99daa6-ff4c-40c0-9146-4fcdafc0c57c-0,END,2026/07/13 23:12:26.571,2026/07/13 23:12:26.743,,00:00:00.172,REALTIME_DATA_COLLECTOR,contacts,0,NOT_STOPPED,8838/9844,32.3,79.8,16.3,contacts:70:noData:32.3:0.5:0.0:on;contacts:68:11.0:0.00:0.4:0.0:0:0:0:1;
e0f8797c-ecad-4142-af67-7e1b0b4af077-0,END,2026/07/13 23:12:26.567,2026/07/13 23:12:26.686,,00:00:00.119,REALTIME_DATA_COLLECTOR,my_contact_profile,0,NOT_STOPPED,8838/9561,32.3,79.6,18.8,my_contact_profile:14:noData:32.3:0.4:0.2:on;my_contact_profile:13:11.5:0.00:0.2:0.2:0:0:0:1;
276303c0-1698-4d67-ac1b-04149939da22-0,END,2026/07/13 23:12:02.741,2026/07/13 23:12:02.757,,00:00:00.016,DATA_OBSERVER,my_contact_profile,0,NOT_STOPPED,8838/9246,32.3,79.0,3.8,
116a6b65-f2c8-4e5e-b9d6-1e4bcc5d39e8-0,END,2026/07/13 23:12:02.786,2026/07/13 23:12:02.789,,00:00:00.003,DATA_OBSERVER,contacts,0,NOT_STOPPED,8838/9844,32.3,79.1,0.0,
f9c8e202-2445-4543-b262-c87e5dc9ffeb-0,END,2026/07/13 23:11:54.853,2026/07/13 23:11:55.063,,00:00:00.210,REALTIME_DATA_COLLECTOR,contacts,0,NOT_STOPPED,8838/9561,32.2,78.8,16.0,contacts:92:noData:32.2:0.5:0.0:on;contacts:88:12.5:0.00:0.4:0.0:0:0:0:1;
feb49f50-4b5c-4c5a-b38f-933ebf8c8ee0-0,END,2026/07/13 23:11:54.855,2026/07/13 23:11:55.004,,00:00:00.149,REALTIME_DATA_COLLECTOR,my_contact_profile,0,NOT_STOPPED,8838/9844,32.2,78.0,17.2,my_contact_profile:32:noData:32.2:0.3:0.1:on;my_contact_profile:30:13.3:0.00:0.2:0.1:0:0:0:1;
3a5a1335-9123-4cfd-a3a8-7c44a3db9b92-0,END,2026/07/13 23:11:44.767,2026/07/13 23:11:44.797,,00:00:00.030,DATA_OBSERVER,my_contact_profile,0,NOT_STOPPED,8838/9246,32.2,75.1,12.0,
47ff19ea-15be-45ce-8a64-0c1818579171-0,END,2026/07/13 23:11:44.766,2026/07/13 23:11:44.797,,00:00:00.031,DATA_OBSERVER,contacts,0,NOT_STOPPED,8838/9844,32.2,75.0,12.0,
8697a41b-ea4a-4426-b017-3f315852d481-0,END,2026/07/13 21:52:55.725,2026/07/13 21:52:55.813,,00:00:00.088,REALTIME_DATA_COLLECTOR,contacts,0,NOT_STOPPED,8838/9844,30.9,76.3,13.8,contacts:52:noData:30.9:0.9:0.0:on;contacts:51:14.1:0.00:0.5:0.0:0:0:0:1;
486b6b8b-1351-45d7-8782-236947a6feec-0,END,2026/07/13 21:52:55.758,2026/07/13 21:52:55.793,,00:00:00.035,REALTIME_DATA_COLLECTOR,my_contact_profile,0,NOT_STOPPED,8838/9246,30.9,76.2,16.3,my_contact_profile:4:noData:30.9:0.5:0.0:on;my_contact_profile:4:0.0:0.00:0.1:0.0:0:0:0:1;
e99346b5-3334-4d4e-859f-62970141a662-0,END,2026/07/13 21:52:36.253,2026/07/13 21:52:36.260,,00:00:00.007,DATA_OBSERVER,my_contact_profile,0,NOT_STOPPED,8838/9561,31.1,96.6,0.0,
ae539cd7-66a4-48ed-98eb-b76fabcd050c-0,END,2026/07/13 21:52:36.243,2026/07/13 21:52:36.248,,00:00:00.005,DATA_OBSERVER,contacts,0,NOT_STOPPED,8838/9246,31.1,96.5,0.0,
47a1b801-984f-491a-86a7-e82353440649-0,END,2026/07/13 21:38:19.270,2026/07/13 21:38:19.324,,00:00:00.054,REALTIME_DATA_COLLECTOR,contacts,0,NOT_STOPPED,8838/9844,32.4,96.0,17.4,contacts:21:noData:32.4:0.6:-0.5:on;contacts:19:14.7:0.00:0.4:-0.5:0:0:0:1;
8cf590df-41ac-4259-adb4-3f5869487035-0,END,2026/07/13 21:38:19.272,2026/07/13 21:38:19.309,,00:00:00.037,REALTIME_DATA_COLLECTOR,my_contact_profile,0,NOT_STOPPED,8838/9245,32.4,95.9,19.5,my_contact_profile:5:noData:32.4:0.3:-0.4:on;my_contact_profile:4:0.0:0.00:0.2:-0.4:0:0:0:1;
2ec09255-bb7a-4cbd-937e-e112b28b84e4-0,END,2026/07/13 21:38:09.252,2026/07/13 21:38:09.258,,00:00:00.006,DATA_OBSERVER,my_contact_profile,0,NOT_STOPPED,8838/9245,32.4,95.4,0.0,
45df8abe-a5b7-464d-a1a0-061e20a3719b-0,END,2026/07/13 21:38:09.252,2026/07/13 21:38:09.258,,00:00:00.006,DATA_OBSERVER,contacts,0,NOT_STOPPED,8838/9561,32.4,95.4,0.0,
374afa91-7c2c-4946-bcdf-e114a41ff747-0,END,2026/07/13 21:38:05.333,2026/07/13 21:38:05.613,,00:00:00.280,REALTIME_ANALYSIS,call_log,0,NOT_STOPPED,8838/9561,32.6,94.7,10.2,
5edfe0d5-c10c-4f6c-9319-c93bee449b99-0,END,2026/07/13 21:38:02.780,2026/07/13 21:38:03.309,,00:00:00.529,REALTIME_DATA_COLLECTOR,call_log,0,NOT_STOPPED,8838/9844,32.6,89.9,9.1,call_log:453:success:32.6:3.2:0.6:on;call_log:442:6.7:0.00:2.8:0.6:1:72:0:1;
2c89007a-b0c0-4676-b552-13d3b4d9fa6f-0,END,2026/07/13 21:38:02.814,2026/07/13 21:38:02.911,,00:00:00.097,REALTIME_DATA_COLLECTOR,contacts,0,NOT_STOPPED,8838/9561,32.6,86.7,19.7,contacts:70:noData:32.6:1.5:0.4:on;contacts:69:15.5:0.00:1.3:0.4:0:0:0:1;
d2d1c05a-f985-46f8-958e-36b339fd677b-0,END,2026/07/13 21:38:02.780,2026/07/13 21:38:02.840,,00:00:00.060,REALTIME_DATA_COLLECTOR,my_contact_profile,0,NOT_STOPPED,8838/9246,32.6,84.4,24.7,my_contact_profile:16:noData:32.6:0.3:0.0:on;my_contact_profile:15:26.7:0.00:0.1:0.0:0:0:0:1;
167ce89c-ff12-40d9-a2b8-7050ec419ce6-0,END,2026/07/13 21:37:57.565,2026/07/13 21:37:57.576,,00:00:00.011,DATA_OBSERVER,my_contact_profile,0,NOT_STOPPED,8838/9245,32.6,83.5,20.0,
89a833c0-cc87-4a3e-a3c2-d1ba1fa756d9-0,END,2026/07/13 21:37:57.571,2026/07/13 21:37:57.573,,00:00:00.002,DATA_OBSERVER,contacts,0,NOT_STOPPED,8838/9561,32.6,83.5,0.0,
131ab797-b865-4660-b7ac-82e8e1137cf7-0,END,2026/07/13 21:37:52.716,2026/07/13 21:37:52.730,,00:00:00.014,DATA_OBSERVER,my_contact_profile,0,NOT_STOPPED,8838/9246,32.6,83.1,10.7,
b9cd6c42-6601-4a5b-a0de-f4edbd94e73d-0,END,2026/07/13 21:37:52.735,2026/07/13 21:37:52.741,,00:00:00.006,DATA_OBSERVER,contacts,0,NOT_STOPPED,8838/9561,32.6,82.9,0.0,
3a22649b-c39c-4f01-ac79-ad9ea059fc42-0,END,2026/07/13 21:37:52.728,2026/07/13 21:37:52.730,,00:00:00.002,DATA_OBSERVER,call_log,0,NOT_STOPPED,8838/9844,32.6,82.8,0.0,
57613857-6d1d-4296-af77-b0c2b46f58eb-0,END,2026/07/13 21:33:54.504,2026/07/13 21:33:54.823,,00:00:00.319,REALTIME_ANALYSIS,call_log,0,NOT_STOPPED,8838/9561,32.2,91.8,10.5,
89246cbf-3d68-4f8e-8fcc-76b5b10e8252-0,END,2026/07/13 21:33:51.852,2026/07/13 21:33:52.472,,00:00:00.620,REALTIME_DATA_COLLECTOR,call_log,0,NOT_STOPPED,8838/9246,32.2,86.1,6.8,call_log:550:success:32.2:3.2:0.2:on;call_log:534:4.1:0.00:2.6:0.0:0:69:0:1;
b5432abd-38b2-4af7-ac41-fa7537f243ac-0,END,2026/07/13 21:33:51.858,2026/07/13 21:33:51.936,,00:00:00.078,REALTIME_DATA_COLLECTOR,contacts,0,NOT_STOPPED,8838/9561,32.2,82.5,25.0,contacts:44:noData:32.2:0.6:0.4:on;contacts:43:20.2:0.00:0.5:0.4:0:0:0:1;
a52ae6bc-b183-4e3c-9b3d-4ade70f3bab4-0,END,2026/07/13 21:33:51.853,2026/07/13 21:33:51.902,,00:00:00.049,REALTIME_DATA_COLLECTOR,my_contact_profile,0,NOT_STOPPED,8838/9245,32.2,81.9,27.1,my_contact_profile:11:noData:32.2:0.3:0.2:on;my_contact_profile:11:19.1:0.00:0.2:0.2:0:0:0:1;
63c6c8dd-a358-4111-b243-0e35621da87d-0,END,2026/07/13 21:33:41.815,2026/07/13 21:33:41.817,,00:00:00.002,DATA_OBSERVER,contacts,0,NOT_STOPPED,8838/9844,32.1,82.1,0.0,
a600109e-518d-47c5-9a12-dcddfb557c11-0,END,2026/07/13 21:33:41.808,2026/07/13 21:33:41.810,,00:00:00.002,DATA_OBSERVER,my_contact_profile,0,NOT_STOPPED,8838/9245,32.1,82.0,0.0,
d95120ee-9536-443b-a54f-4b830c11e149-0,END,2026/07/13 21:33:41.807,2026/07/13 21:33:41.812,,00:00:00.005,DATA_OBSERVER,call_log,0,NOT_STOPPED,8838/9561,32.1,82.0,0.0,
28f79a41-37fd-463d-be54-305a73022ed1-0,END,2026/07/13 21:26:59.823,2026/07/13 21:26:59.878,,00:00:00.055,REALTIME_DATA_COLLECTOR,my_contact_profile,0,NOT_STOPPED,8838/9245,31.3,94.4,20.4,my_contact_profile:12:noData:31.3:0.5:0.0:on;my_contact_profile:11:17.3:0.00:0.3:0.0:0:0:0:1;
069bc134-ab18-4654-9bad-f6346a3b2a58-0,END,2026/07/13 21:26:59.823,2026/07/13 21:26:59.894,,00:00:00.071,REALTIME_DATA_COLLECTOR,contacts,0,NOT_STOPPED,8838/9561,31.3,94.5,19.0,contacts:29:noData:31.3:0.6:0.0:on;contacts:28:15.7:0.00:0.5:0.0:0:0:0:1;
11b4e6e8-b812-41bb-b62d-cff75297dad2-0,END,2026/07/13 21:26:49.784,2026/07/13 21:26:49.787,,00:00:00.003,DATA_OBSERVER,contacts,0,NOT_STOPPED,8838/9844,31.2,94.4,0.0,
56f0a2cc-3e86-4ba3-b23b-7ab73cf944e0-0,END,2026/07/13 21:26:49.784,2026/07/13 21:26:49.787,,00:00:00.003,DATA_OBSERVER,my_contact_profile,0,NOT_STOPPED,8838/9246,31.2,94.4,0.0,
8a0888b4-0858-4f59-b1a3-837681fe50a1-0,END,2026/07/13 21:26:49.596,2026/07/13 21:26:49.686,,00:00:00.090,REALTIME_DATA_COLLECTOR,contacts,0,NOT_STOPPED,8838/9246,31.2,93.9,18.8,contacts:21:noData:31.2:0.5:0.0:on;contacts:20:16.5:0.00:0.2:0.1:0:0:0:1;
4c25a9fe-ef55-4a36-8cb8-acc1731fe726-0,END,2026/07/13 21:26:49.599,2026/07/13 21:26:49.637,,00:00:00.038,REALTIME_DATA_COLLECTOR,my_contact_profile,0,NOT_STOPPED,8838/9844,31.2,92.8,20.3,my_contact_profile:6:noData:31.2:0.1:-0.1:on;my_contact_profile:5:0.0:0.00:0.0:-0.0:0:0:0:1;
b4da03ae-5e5b-4336-a5d6-a5a05d393022-0,END,2026/07/13 21:26:39.567,2026/07/13 21:26:39.573,,00:00:00.006,DATA_OBSERVER,my_contact_profile,0,NOT_STOPPED,8838/9561,30.5,94.0,0.0,
9356d587-22cd-4f88-9237-b2cba43fa5b0-0,END,2026/07/13 21:26:39.568,2026/07/13 21:26:39.571,,00:00:00.003,DATA_OBSERVER,contacts,0,NOT_STOPPED,8838/9844,30.5,94.0,0.0,
bca2207c-fe08-49f6-ab99-2a833d3bc69f-0,END,2026/07/13 21:26:38.594,2026/07/13 21:26:38.663,,00:00:00.069,REALTIME_DATA_COLLECTOR,contacts,0,NOT_STOPPED,8838/9844,30.5,113.8,20.6,contacts:32:noData:30.5:0.6:-0.1:on;contacts:31:18.4:0.00:0.4:-0.1:0:0:0:1;
c0ed5035-1eea-4955-a953-3ac39209296a-0,END,2026/07/13 21:26:38.594,2026/07/13 21:26:38.642,,00:00:00.048,REALTIME_DATA_COLLECTOR,my_contact_profile,0,NOT_STOPPED,8838/9245,30.5,113.3,21.0,my_contact_profile:10:noData:30.5:0.4:0.0:on;my_contact_profile:9:0.0:0.00:0.2:-0.2:0:0:0:1;
98b966ee-639b-4bbe-b5a1-b875e4aa7975-0,END,2026/07/13 21:26:28.569,2026/07/13 21:26:28.571,,00:00:00.002,DATA_OBSERVER,my_contact_profile,0,NOT_STOPPED,8838/9561,30.4,111.9,0.0,
077ec763-aee0-4b89-9277-1dbea6e08582-0,END,2026/07/13 21:26:28.558,2026/07/13 21:26:28.561,,00:00:00.003,DATA_OBSERVER,contacts,0,NOT_STOPPED,8838/9246,30.4,111.8,0.0,
42981fb9-c1ba-479d-ab95-23fbb4a84c98-0,END,2026/07/13 21:26:28.342,2026/07/13 21:26:28.455,,00:00:00.113,REALTIME_DATA_COLLECTOR,contacts,0,NOT_STOPPED,8838/9245,30.4,111.7,15.7,contacts:45:noData:30.4:0.6:0.0:on;contacts:45:7.8:0.00:0.3:0.1:0:0:0:1;
86f24e39-95ff-4ec0-9e50-256f30ed43d0-0,END,2026/07/13 21:26:28.344,2026/07/13 21:26:28.397,,00:00:00.053,REALTIME_DATA_COLLECTOR,my_contact_profile,0,NOT_STOPPED,8838/9844,30.4,111.3,21.1,my_contact_profile:8:noData:30.4:0.3:-0.0:on;my_contact_profile:7:0.0:0.00:0.1:-0.0:0:0:0:1;
366db17a-c3b1-47f5-84b9-56cbfd74c70f-0,END,2026/07/13 21:26:18.289,2026/07/13 21:26:18.294,,00:00:00.005,DATA_OBSERVER,contacts,0,NOT_STOPPED,8838/9246,30.3,110.9,0.0,
8fac742b-ac36-466b-9093-3411c25dac12-0,END,2026/07/13 21:26:18.289,2026/07/13 21:26:18.295,,00:00:00.006,DATA_OBSERVER,my_contact_profile,0,NOT_STOPPED,8838/9844,30.3,110.9,0.0,
b9d65714-7bb8-4b70-a77e-18e22788f1cb-0,END,2026/07/13 21:25:01.600,2026/07/13 21:25:03.603,,00:00:02.003,REALTIME_ANALYSIS,contacts,0,NOT_STOPPED,8838/9246,30.4,108.0,7.5,
cefaedce-a2e1-40f5-ad53-67f5ca23b88e-0,END,2026/07/13 21:24:59.437,2026/07/13 21:24:59.557,,00:00:00.120,REALTIME_DATA_COLLECTOR,contacts,0,NOT_STOPPED,8838/9561,30.4,83.2,13.4,contacts:80:success:30.4:0.7:0.2:on;contacts:72:10.4:0.00:0.4:0.2:1:0:0:1;
b11843fe-8427-4a41-ba35-1909578fd626-0,END,2026/07/13 21:24:59.436,2026/07/13 21:24:59.491,,00:00:00.055,REALTIME_DATA_COLLECTOR,my_contact_profile,0,NOT_STOPPED,8838/9245,30.4,81.2,17.8,my_contact_profile:15:noData:30.4:0.5:0.2:on;my_contact_profile:14:12.9:0.00:0.3:0.2:0:0:0:1;
3b0f408b-8fb3-4c8b-b4ba-82c9526de64b-0,END,2026/07/13 21:24:49.389,2026/07/13 21:24:49.392,,00:00:00.003,DATA_OBSERVER,contacts,0,NOT_STOPPED,8838/9844,30.3,80.7,0.0,
66ed9709-4725-469a-844f-b542b0b48aa8-0,END,2026/07/13 21:24:49.397,2026/07/13 21:24:49.399,,00:00:00.002,DATA_OBSERVER,my_contact_profile,0,NOT_STOPPED,8838/9561,30.3,80.9,0.0,
600b4254-47fe-4ad0-b0ae-0763dfd016fe-0,END,2026/07/13 21:19:17.848,2026/07/13 21:19:17.908,,00:00:00.060,REALTIME_DATA_COLLECTOR,contacts,0,NOT_STOPPED,8838/9245,30.9,76.2,20.5,contacts:25:noData:30.9:0.5:-0.0:on;contacts:23:17.8:0.00:0.4:-0.0:0:0:0:1;
e6b7bd80-72ce-4a0d-b864-f16dbdde0caf-0,END,2026/07/13 21:19:17.848,2026/07/13 21:19:17.906,,00:00:00.058,REALTIME_DATA_COLLECTOR,my_contact_profile,0,NOT_STOPPED,8838/9246,30.9,76.1,19.8,my_contact_profile:5:noData:30.9:0.5:-0.0:on;my_contact_profile:4:0.0:0.00:0.1:-0.2:0:0:0:1;
1a70f639-5e1b-41c0-92f9-19322f86ed1e-0,END,2026/07/13 21:19:07.770,2026/07/13 21:19:07.775,,00:00:00.005,DATA_OBSERVER,contacts,0,NOT_STOPPED,8838/9561,30.9,75.5,0.0,
ef31db5f-4c52-4c0e-8552-2c5bd648844d-0,END,2026/07/13 21:19:07.770,2026/07/13 21:19:07.776,,00:00:00.006,DATA_OBSERVER,my_contact_profile,0,NOT_STOPPED,8838/9844,30.9,75.5,0.0,
d118e79d-76ba-45b6-b1cb-9b3ab343f15d-0,END,2026/07/13 21:19:06.644,2026/07/13 21:19:06.710,,00:00:00.066,REALTIME_DATA_COLLECTOR,contacts,0,NOT_STOPPED,8838/9245,31.1,75.3,18.9,contacts:29:noData:31.1:0.5:-0.1:on;contacts:28:17.5:0.00:0.4:-0.1:0:0:0:1;
0569a978-4ccb-42df-9e60-865df92a4ed7-0,END,2026/07/13 21:19:06.650,2026/07/13 21:19:06.689,,00:00:00.039,REALTIME_DATA_COLLECTOR,my_contact_profile,0,NOT_STOPPED,8838/9844,31.1,75.1,21.3,my_contact_profile:7:noData:31.1:0.3:0.0:on;my_contact_profile:6:0.0:0.00:0.1:-0.1:0:0:0:1;
7e9902bd-c305-49ce-bd43-3681eb1aabf3-0,END,2026/07/13 21:18:56.585,2026/07/13 21:18:56.602,,00:00:00.017,DATA_OBSERVER,my_contact_profile,0,NOT_STOPPED,8838/9561,31.1,74.3,9.4,
bd4cfb7c-3dd0-46f1-b607-ac872cef8701-0,END,2026/07/13 21:18:56.585,2026/07/13 21:18:56.600,,00:00:00.015,DATA_OBSERVER,contacts,0,NOT_STOPPED,8838/9844,31.1,74.3,8.0,
bf7859e4-94d6-41fb-9332-2033dc2baf8b-0,END,2026/07/13 21:18:19.056,2026/07/13 21:18:19.130,,00:00:00.074,REALTIME_DATA_COLLECTOR,contacts,0,NOT_STOPPED,8838/9246,31.4,74.0,17.3,contacts:30:noData:31.4:0.6:0.2:on;contacts:29:16.6:0.00:0.5:0.2:0:0:0:1;
﻿ec3abedf-fc27-4a1b-ac14-8be9e3b0b9ed-0,END,2026/07/13 21:18:19.055,2026/07/13 21:18:19.105,,00:00:00.050,REALTIME_DATA_COLLECTOR,my_contact_profile,0,NOT_STOPPED,8838/9844,31.4,73.8,19.8,my_contact_profile:7:noData:31.4:0.5:0.1:on;my_contact_profile:6:0.0:0.00:0.3:0.1:0:0:0:1;
7e03d0b8-faa1-4d01-ac1c-d91a2ee03a58-0,END,2026/07/13 21:18:09.019,2026/07/13 21:18:09.022,,00:00:00.003,DATA_OBSERVER,my_contact_profile,0,NOT_STOPPED,8838/9245,31.4,73.3,0.0,
449c1380-3eee-44a5-a959-6c76685c2947-0,END,2026/07/13 21:18:09.017,2026/07/13 21:18:09.021,,00:00:00.004,DATA_OBSERVER,contacts,0,NOT_STOPPED,8838/9246,31.4,73.3,0.0,
e924cca0-bc86-4982-a54f-66ae6f529624-0,END,2026/07/13 21:18:08.048,2026/07/13 21:18:08.128,,00:00:00.080,REALTIME_DATA_COLLECTOR,contacts,0,NOT_STOPPED,8838/9246,31.4,73.1,17.9,contacts:43:noData:31.4:0.5:-0.1:on;contacts:41:14.4:0.00:0.3:-0.1:0:0:0:1;
a2022603-5ba1-430c-8761-04102fb6a59d-0,END,2026/07/13 21:18:08.048,2026/07/13 21:18:08.096,,00:00:00.048,REALTIME_DATA_COLLECTOR,my_contact_profile,0,NOT_STOPPED,8838/9844,31.4,73.0,20.6,my_contact_profile:9:noData:31.4:0.4:-0.1:on;my_contact_profile:9:0.0:0.00:0.2:-0.1:0:0:0:1;
98bbb8da-104f-413e-a673-269141f7bd4a-0,END,2026/07/13 21:17:58.018,2026/07/13 21:17:58.020,,00:00:00.002,DATA_OBSERVER,my_contact_profile,0,NOT_STOPPED,8838/9561,31.5,72.0,0.0,
87dbbfa3-b917-4499-b098-a7c5d292fcdc-0,END,2026/07/13 21:17:58.009,2026/07/13 21:17:58.013,,00:00:00.004,DATA_OBSERVER,contacts,0,NOT_STOPPED,8838/9844,31.5,72.0,0.0,
fc3a6d87-780e-4194-a174-c0de7807bd09-0,END,2026/07/13 21:17:57.843,2026/07/13 21:17:57.928,,00:00:00.085,REALTIME_DATA_COLLECTOR,contacts,0,NOT_STOPPED,8838/9245,31.5,71.8,17.9,contacts:44:noData:31.5:0.6:0.2:on;contacts:42:15.2:0.00:0.4:0.2:0:0:0:1;
73f4add4-34e4-4910-b630-480a9896b91e-0,END,2026/07/13 21:17:57.843,2026/07/13 21:17:57.896,,00:00:00.053,REALTIME_DATA_COLLECTOR,my_contact_profile,0,NOT_STOPPED,8838/9246,31.5,71.7,20.8,my_contact_profile:13:noData:31.5:0.4:0.2:on;my_contact_profile:11:20.0:0.00:0.2:0.2:0:0:0:1;
8d688cc4-f2e3-44f7-a02b-ae16b7c0d15e-0,END,2026/07/13 21:17:47.798,2026/07/13 21:17:47.800,,00:00:00.002,DATA_OBSERVER,my_contact_profile,0,NOT_STOPPED,8838/9561,31.6,71.0,0.0,
e089a574-ca8e-4981-8e14-fa2d3bd3cfc8-0,END,2026/07/13 21:17:47.797,2026/07/13 21:17:47.800,,00:00:00.003,DATA_OBSERVER,contacts,0,NOT_STOPPED,8838/9245,31.6,71.0,0.0,
c5290335-12da-4d3b-8647-8bf870be9afb-0,END,2026/07/13 21:17:46.778,2026/07/13 21:17:46.861,,00:00:00.083,REALTIME_DATA_COLLECTOR,contacts,0,NOT_STOPPED,8838/9245,31.6,70.8,17.2,contacts:43:noData:31.6:0.6:-0.1:on;contacts:42:14.3:0.00:0.4:-0.1:0:0:0:1;
6627dd9a-dfba-42ee-a5f4-0a230ba1e827-0,END,2026/07/13 21:17:46.779,2026/07/13 21:17:46.829,,00:00:00.050,REALTIME_DATA_COLLECTOR,my_contact_profile,0,NOT_STOPPED,8838/9844,31.6,70.6,19.2,my_contact_profile:10:noData:31.6:0.3:0.0:on;my_contact_profile:10:13.0:0.00:0.1:-0.0:0:0:0:1;
5fd49e8f-f670-4640-b7f7-7a96993c16de-0,END,2026/07/13 21:17:36.741,2026/07/13 21:17:36.744,,00:00:00.003,DATA_OBSERVER,my_contact_profile,0,NOT_STOPPED,8838/9844,31.7,70.1,0.0,
0356ee73-722d-4f89-a15c-0f246b04dac2-0,END,2026/07/13 21:17:36.742,2026/07/13 21:17:36.744,,00:00:00.002,DATA_OBSERVER,contacts,0,NOT_STOPPED,8838/9561,31.7,70.1,0.0,
8543da22-9ab1-4b4b-9ba5-1cabd6e226c1-0,END,2026/07/13 21:17:36.602,2026/07/13 21:17:36.704,,00:00:00.102,REALTIME_DATA_COLLECTOR,contacts,0,NOT_STOPPED,8838/9246,31.7,69.8,16.6,contacts:62:noData:31.6:0.6:0.2:on;contacts:60:14.3:0.00:0.4:0.2:0:0:0:1;
8a02fffc-873f-411f-ab64-c828ed0ef7e4-0,END,2026/07/13 21:17:36.603,2026/07/13 21:17:36.661,,00:00:00.058,REALTIME_DATA_COLLECTOR,my_contact_profile,0,NOT_STOPPED,8838/9245,31.7,69.3,18.3,my_contact_profile:18:noData:31.6:0.2:0.2:on;my_contact_profile:16:18.1:0.00:0.1:0.2:0:0:0:1;
eb0a270c-0a51-4e1c-a449-b367156e8150-0,END,2026/07/13 21:17:26.530,2026/07/13 21:17:26.548,,00:00:00.018,DATA_OBSERVER,contacts,0,NOT_STOPPED,8838/9844,31.2,68.0,17.8,
90f2294c-fe2a-4574-9eb4-53b7c493eeca-0,END,2026/07/13 21:17:26.530,2026/07/13 21:17:26.549,,00:00:00.019,DATA_OBSERVER,my_contact_profile,0,NOT_STOPPED,8838/9245,31.2,68.0,18.4,
e9e48696-d8f4-4cae-a971-6cf4b92d3a47-0,END,2026/07/13 21:12:34.485,2026/07/13 21:12:34.557,,00:00:00.072,REALTIME_DATA_COLLECTOR,contacts,0,NOT_STOPPED,8838/9245,32.8,71.0,17.4,contacts:33:noData:32.8:0.6:-0.1:on;contacts:32:14.4:0.00:0.4:-0.1:0:0:0:1;
503a373f-dc13-472f-b05a-0bfe76071760-0,END,2026/07/13 21:12:34.485,2026/07/13 21:12:34.539,,00:00:00.054,REALTIME_DATA_COLLECTOR,my_contact_profile,0,NOT_STOPPED,8838/9844,32.8,70.8,18.1,my_contact_profile:16:noData:32.8:0.4:-0.1:on;my_contact_profile:14:11.4:0.00:0.2:-0.1:0:0:0:1;
b1889d3e-6f84-4c07-a237-ca441dd79915-0,END,2026/07/13 21:12:24.436,2026/07/13 21:12:24.442,,00:00:00.006,DATA_OBSERVER,my_contact_profile,0,NOT_STOPPED,8838/9246,32.9,70.4,0.0,
4e568bbe-c731-4937-9551-72e810c40656-0,END,2026/07/13 21:12:24.436,2026/07/13 21:12:24.440,,00:00:00.004,DATA_OBSERVER,contacts,0,NOT_STOPPED,8838/9844,32.9,70.4,0.0,
441aead8-a261-473d-b1ea-e0cc78a65bcc-0,END,2026/07/13 21:11:46.756,2026/07/13 21:11:46.823,,00:00:00.067,REALTIME_DATA_COLLECTOR,contacts,0,NOT_STOPPED,8838/9246,33.2,70.6,18.2,contacts:30:noData:33.2:0.4:-0.0:on;contacts:28:16.1:0.00:0.3:0.0:0:0:0:1;
63ce80c1-af13-4655-a2b5-951b0ef9c4b4-0,END,2026/07/13 21:11:46.753,2026/07/13 21:11:46.806,,00:00:00.053,REALTIME_DATA_COLLECTOR,my_contact_profile,0,NOT_STOPPED,8838/9844,33.2,70.5,19.1,my_contact_profile:5:noData:33.2:0.4:0.0:on;my_contact_profile:4:0.0:0.00:0.2:-0.1:0:0:0:1;
84d0ab50-acb0-40ba-ae57-005050d91d03-0,END,2026/07/13 21:11:36.713,2026/07/13 21:11:36.718,,00:00:00.005,DATA_OBSERVER,my_contact_profile,0,NOT_STOPPED,8838/9245,33.1,69.9,0.0,
b7f931b3-e0aa-45ca-b0ab-a863f3ce0f0d-0,END,2026/07/13 21:11:36.714,2026/07/13 21:11:36.718,,00:00:00.004,DATA_OBSERVER,contacts,0,NOT_STOPPED,8838/9246,33.1,69.9,0.0,
e0316fc6-d889-4b32-92c0-f0af5c11582e-0,END,2026/07/13 21:11:35.951,2026/07/13 21:11:36.004,,00:00:00.053,REALTIME_DATA_COLLECTOR,contacts,0,NOT_STOPPED,8838/9561,33.1,91.5,18.8,contacts:21:noData:33.1:0.5:0.0:on;contacts:21:21.4:0.00:0.4:0.0:0:0:0:1;
77e70b7b-cdad-47b4-8dc3-ace45256dfa6-0,END,2026/07/13 21:11:35.963,2026/07/13 21:11:35.998,,00:00:00.035,REALTIME_DATA_COLLECTOR,my_contact_profile,0,NOT_STOPPED,8838/9246,33.1,91.5,18.9,my_contact_profile:8:noData:33.1:0.4:0.0:on;my_contact_profile:7:0.0:0.00:0.1:0.0:0:0:0:1;
080d7234-07cb-450f-9f5a-35c3af7c5e97-0,END,2026/07/13 21:11:25.932,2026/07/13 21:11:25.940,,00:00:00.008,DATA_OBSERVER,my_contact_profile,0,NOT_STOPPED,8838/9844,33.2,91.8,0.0,
4ab419e7-3de8-44b1-8a16-f3f6af45719b-0,END,2026/07/13 21:11:25.932,2026/07/13 21:11:25.936,,00:00:00.004,DATA_OBSERVER,contacts,0,NOT_STOPPED,8838/9246,33.2,91.8,0.0,
2359bd1e-2fab-48bd-9b41-4c3698e97e3f-0,END,2026/07/13 21:11:25.694,2026/07/13 21:11:25.761,,00:00:00.067,REALTIME_DATA_COLLECTOR,contacts,0,NOT_STOPPED,8838/9246,33.2,91.5,16.6,contacts:29:noData:33.2:0.6:0.0:on;contacts:28:12.5:0.00:0.3:0.0:0:0:0:1;
ddaa4d30-672c-4d0f-9575-8df4198ea88d-0,END,2026/07/13 21:11:25.695,2026/07/13 21:11:25.743,,00:00:00.048,REALTIME_DATA_COLLECTOR,my_contact_profile,0,NOT_STOPPED,8838/9561,33.2,91.4,18.1,my_contact_profile:12:noData:33.2:0.4:0.0:on;my_contact_profile:11:10.9:0.00:0.2:0.0:0:0:0:1;
bba074d6-7914-4532-8255-7166ee111473-0,END,2026/07/13 21:11:15.649,2026/07/13 21:11:15.656,,00:00:00.007,DATA_OBSERVER,contacts,0,NOT_STOPPED,8838/9844,33.4,90.6,0.0,
ae211d9d-7253-4ec3-aec1-671e02b82396-0,END,2026/07/13 21:11:15.650,2026/07/13 21:11:15.654,,00:00:00.004,DATA_OBSERVER,my_contact_profile,0,NOT_STOPPED,8838/9561,33.4,90.6,0.0,
569d60d0-e9af-4c7d-86de-4a6b353e36ec-0,END,2026/07/13 21:11:14.751,2026/07/13 21:11:14.822,,00:00:00.071,REALTIME_DATA_COLLECTOR,contacts,0,NOT_STOPPED,8838/9561,33.4,90.4,14.4,contacts:41:noData:33.4:0.5:0.2:on;contacts:38:10.5:0.00:0.4:0.2:0:0:0:1;
07478fce-453a-453e-b872-dc0f7b58b9eb-0,END,2026/07/13 21:11:14.745,2026/07/13 21:11:14.793,,00:00:00.048,REALTIME_DATA_COLLECTOR,my_contact_profile,0,NOT_STOPPED,8838/9844,33.4,90.3,18.3,my_contact_profile:11:noData:33.4:0.4:0.2:on;my_contact_profile:9:0.0:0.00:0.2:0.2:0:0:0:1;
4ec7e48e-ff08-490a-9e28-1f7451062d3e-0,END,2026/07/13 21:11:04.712,2026/07/13 21:11:04.718,,00:00:00.006,DATA_OBSERVER,my_contact_profile,0,NOT_STOPPED,8838/9561,33.2,89.6,0.0,
2ef50be2-bba3-4db6-8584-310b3c06b827-0,END,2026/07/13 21:11:04.716,2026/07/13 21:11:04.717,,00:00:00.001,DATA_OBSERVER,contacts,0,NOT_STOPPED,8838/9246,33.2,89.6,0.0,
4de423c1-3f81-42e6-9c98-749c56b05824-0,END,2026/07/13 21:11:04.400,2026/07/13 21:11:04.499,,00:00:00.099,REALTIME_DATA_COLLECTOR,contacts,0,NOT_STOPPED,8838/9246,33.2,89.4,15.1,contacts:65:noData:33.2:0.5:0.0:on;contacts:64:13.1:0.00:0.4:0.0:0:0:0:1;
969ce9bc-48a0-4927-808b-ad99804c06f7-0,END,2026/07/13 21:11:04.406,2026/07/13 21:11:04.453,,00:00:00.047,REALTIME_DATA_COLLECTOR,my_contact_profile,0,NOT_STOPPED,8838/9561,33.2,89.1,18.5,my_contact_profile:12:noData:33.2:0.3:0.1:on;my_contact_profile:11:10.9:0.00:0.2:0.1:0:0:0:1;
a33cd6b2-3609-4bd1-ae65-a2ba8bb25c25-0,END,2026/07/13 21:10:54.386,2026/07/13 21:10:54.390,,00:00:00.004,DATA_OBSERVER,contacts,0,NOT_STOPPED,8838/9245,32.8,89.0,0.0,
5cc86597-1053-4e7e-909a-6a4c5db7a0db-0,END,2026/07/13 21:10:54.387,2026/07/13 21:10:54.390,,00:00:00.003,DATA_OBSERVER,my_contact_profile,0,NOT_STOPPED,8838/9561,32.8,89.0,0.0,
6080e9d9-4525-436c-82a7-44d94b32206b-0,END,2026/07/13 20:53:51.701,2026/07/13 20:53:52.018,,00:00:00.317,REALTIME_ANALYSIS,call_log,0,NOT_STOPPED,8838/9245,31.9,94.2,9.3,
c625d17a-04da-443c-9cc0-2a1c54d72e88-0,END,2026/07/13 20:53:49.397,2026/07/13 20:53:49.649,,00:00:00.252,REALTIME_DATA_COLLECTOR,call_log,0,NOT_STOPPED,8838/9561,31.9,92.5,6.9,call_log:134:success:31.9:1.2:-0.0:on;call_log:126:3.7:0.00:1.1:-0.0:1:0:0:1;
cd488035-9fc6-46fc-87c6-acc71f702bbc-0,END,2026/07/13 20:53:19.642,2026/07/13 20:53:19.651,,00:00:00.009,DATA_OBSERVER,call_log,0,NOT_STOPPED,8838/9844,31.9,88.8,0.0,
195574a1-d29a-4d56-9f36-f3886cd69bc7-0,END,2026/07/13 20:35:28.209,2026/07/13 20:35:28.613,,00:00:00.404,REALTIME_ANALYSIS,call_log,0,NOT_STOPPED,8838/9844,32.6,87.4,11.1,
5a9a2f66-54a6-442c-b091-9b77348fcc00-0,END,2026/07/13 20:35:25.633,2026/07/13 20:35:26.169,,00:00:00.536,REALTIME_DATA_COLLECTOR,call_log,0,NOT_STOPPED,8838/9245,32.6,85.9,6.4,call_log:468:success:32.6:2.5:0.1:on;call_log:453:5.5:0.00:2.3:0.0:0:68:0:1;
cb814c88-a8ff-4311-8e9d-7e04c87ef44f-0,END,2026/07/13 20:34:55.771,2026/07/13 20:34:55.774,,00:00:00.003,DATA_OBSERVER,call_log,0,NOT_STOPPED,8838/9246,32.8,83.3,0.0,
f32b7d37-8557-4ccc-a379-df0000d599be-0,END,2026/07/13 20:34:04.270,2026/07/13 20:34:04.616,,00:00:00.346,REALTIME_ANALYSIS,call_log,0,NOT_STOPPED,8838/9246,33.4,83.3,11.7,
5692447b-0905-4c54-a25e-789282b80229-0,END,2026/07/13 20:34:02.139,2026/07/13 20:34:02.248,,00:00:00.109,REALTIME_DATA_COLLECTOR,call_log,0,NOT_STOPPED,8838/9246,33.3,80.9,23.5,call_log:62:success:33.3:1.8:-0.2:on;call_log:60:20.5:0.00:1.4:-0.1:1:0:0:1;
fdeaa784-a752-4a8d-a89c-6c52935ac594-0,END,2026/07/13 20:34:02.130,2026/07/13 20:34:02.215,,00:00:00.085,REALTIME_DATA_COLLECTOR,contacts,0,NOT_STOPPED,8838/9561,33.3,80.6,25.3,contacts:33:noData:33.3:1.7:-0.1:on;contacts:32:25.9:0.00:1.4:-0.1:0:0:0:1;
dd92fb00-1761-4bfe-a362-6f6a3cb145fc-0,END,2026/07/13 20:34:02.132,2026/07/13 20:34:02.195,,00:00:00.063,REALTIME_DATA_COLLECTOR,my_contact_profile,0,NOT_STOPPED,8838/9844,33.3,79.3,26.2,my_contact_profile:13:noData:33.3:1.0:-0.1:on;my_contact_profile:13:30.0:0.00:0.7:-0.1:0:0:0:1;
f622d797-aaa7-41cd-b9a0-93bd278bc0d7-0,END,2026/07/13 20:33:52.021,2026/07/13 20:33:52.025,,00:00:00.004,DATA_OBSERVER,contacts,0,NOT_STOPPED,8838/9245,33.3,78.6,0.0,
c3ac2cb7-d491-4935-986f-e4ce00257f1c-0,END,2026/07/13 20:33:52.024,2026/07/13 20:33:52.029,,00:00:00.005,DATA_OBSERVER,call_log,0,NOT_STOPPED,8838/9844,33.3,78.6,0.0,
dc1a3f05-7d5f-417e-94da-d54720635991-0,END,2026/07/13 20:33:52.024,2026/07/13 20:33:52.025,,00:00:00.001,DATA_OBSERVER,my_contact_profile,0,NOT_STOPPED,8838/9561,33.3,78.6,0.0,
21b89cb5-0f25-43e9-a61b-f5be67669820-0,END,2026/07/13 20:32:55.016,2026/07/13 20:32:55.532,,00:00:00.516,REALTIME_ANALYSIS,call_log,0,NOT_STOPPED,8838/9245,33.4,79.3,9.7,
98a2d9fb-a6d0-425f-9ab2-5eab71cba1b5-0,END,2026/07/13 20:32:52.341,2026/07/13 20:32:52.976,,00:00:00.635,REALTIME_DATA_COLLECTOR,call_log,0,NOT_STOPPED,8838/9246,33.4,75.2,5.6,call_log:585:success:33.4:2.6:0.4:on;call_log:573:5.0:0.00:2.4:0.4:0:70:0:1;
fc53085b-a8ea-489d-9499-67a96aaf0e18-0,END,2026/07/13 20:32:46.152,2026/07/13 20:32:46.257,,00:00:00.105,REALTIME_DATA_COLLECTOR,contacts,0,NOT_STOPPED,8838/9561,33.1,71.4,20.3,contacts:64:noData:33.1:-22.5:-0.5:on;contacts:62:18.9:0.00:-22.6:-0.4:0:0:0:1;
549fa151-20b1-4d95-b259-206d93764c43-0,END,2026/07/13 20:32:46.151,2026/07/13 20:32:46.205,,00:00:00.054,REALTIME_DATA_COLLECTOR,my_contact_profile,0,NOT_STOPPED,8838/9245,33.1,92.7,22.2,my_contact_profile:12:noData:33.1:0.3:0.2:on;my_contact_profile:10:22.0:0.00:0.1:0.1:0:0:0:1;
6659db4d-bced-44d8-892e-7c11c5268e1c-0,END,2026/07/13 20:32:42.359,2026/07/13 20:32:42.360,,00:00:00.001,DATA_OBSERVER,contacts,0,NOT_STOPPED,8838/9246,33.1,90.2,0.0,
8184ef3a-512a-40de-a7f1-b3771babc50b-0,END,2026/07/13 20:32:42.358,2026/07/13 20:32:42.361,,00:00:00.003,DATA_OBSERVER,my_contact_profile,0,NOT_STOPPED,8838/9561,33.1,90.3,0.0,
23e49ee0-3951-4cc7-aa82-df8d4cace5d3-0,END,2026/07/13 20:32:42.291,2026/07/13 20:32:42.296,,00:00:00.005,DATA_OBSERVER,call_log,0,NOT_STOPPED,8838/9844,33.1,90.0,0.0,
46441181-4e08-44fc-8097-15c64f99b858-0,END,2026/07/13 20:32:36.091,2026/07/13 20:32:36.105,,00:00:00.014,DATA_OBSERVER,contacts,0,NOT_STOPPED,8838/9561,32.7,100.2,11.4,
5df541b5-0f54-4371-aed7-a219c27176a0-0,END,2026/07/13 20:32:36.091,2026/07/13 20:32:36.095,,00:00:00.004,DATA_OBSERVER,my_contact_profile,0,NOT_STOPPED,8838/9246,32.7,100.1,0.0,
d9a29194-5cf7-4f22-a948-affa9e2ec0b8-0,END,2026/07/13 20:01:01.299,2026/07/13 20:01:01.481,,00:00:00.182,REALTIME_DATA_COLLECTOR,contacts,0,NOT_STOPPED,8838/9245,31.7,98.4,7.6,contacts:64:noData:31.7:0.3:0.0:on;contacts:61:3.3:0.00:0.3:0.0:0:0:0:1;
cefe94e6-0e89-4375-a10f-87f6723185c8-0,END,2026/07/13 20:00:51.257,2026/07/13 20:00:51.263,,00:00:00.006,DATA_OBSERVER,contacts,0,NOT_STOPPED,8838/9844,31.8,98.0,0.0,
53a39b81-1198-4a16-b68f-7c75405e64fb-0,END,2026/07/13 20:00:50.516,2026/07/13 20:00:50.689,,00:00:00.173,REALTIME_DATA_COLLECTOR,contacts,0,NOT_STOPPED,8838/9246,31.8,97.8,16.8,contacts:67:noData:31.8:0.5:0.0:on;contacts:63:11.7:0.00:0.4:0.0:0:0:0:1;
ae726a97-ff24-493b-b34a-ea7bd89e5842-0,END,2026/07/13 20:00:50.516,2026/07/13 20:00:50.643,,00:00:00.127,REALTIME_DATA_COLLECTOR,my_contact_profile,0,NOT_STOPPED,8838/9245,31.8,97.6,18.3,my_contact_profile:21:noData:31.8:0.4:0.2:on;my_contact_profile:20:11.0:0.00:0.2:0.2:0:0:0:1;
507fbd14-cc3c-4497-8fbd-07b69a4bd6e6-0,END,2026/07/13 20:00:40.454,2026/07/13 20:00:40.459,,00:00:00.005,DATA_OBSERVER,my_contact_profile,0,NOT_STOPPED,8838/9844,31.9,97.0,0.0,
50feda5b-7a19-4a48-b948-58416fcc792a-0,END,2026/07/13 20:00:40.454,2026/07/13 20:00:40.459,,00:00:00.005,DATA_OBSERVER,contacts,0,NOT_STOPPED,8838/9246,31.9,97.0,0.0,
03c01eeb-f1f7-4d74-8b36-e5db89b3b1dd-0,END,2026/07/13 20:00:40.066,2026/07/13 20:00:40.157,,00:00:00.091,REALTIME_DATA_COLLECTOR,contacts,0,NOT_STOPPED,8838/9844,31.9,96.8,16.2,contacts:39:noData:31.9:0.6:-0.2:on;contacts:36:10.0:0.00:0.3:-0.2:0:0:0:1;
7ff8c7f3-dc13-414f-b0ca-a0578e28ee76-0,END,2026/07/13 20:00:40.065,2026/07/13 20:00:40.125,,00:00:00.060,REALTIME_DATA_COLLECTOR,my_contact_profile,0,NOT_STOPPED,8838/9246,31.9,96.6,20.5,my_contact_profile:6:noData:31.9:0.4:-0.1:on;my_contact_profile:6:0.0:0.00:0.1:-0.1:0:0:0:1;
3c2da2d6-e728-4a1e-ae92-683181a79e29-0,END,2026/07/13 20:00:30.033,2026/07/13 20:00:30.034,,00:00:00.001,DATA_OBSERVER,contacts,0,NOT_STOPPED,8838/9844,31.7,96.8,0.0,
42831b1a-dd16-40d1-958a-34d822b0b44f-0,END,2026/07/13 20:00:30.029,2026/07/13 20:00:30.033,,00:00:00.004,DATA_OBSERVER,my_contact_profile,0,NOT_STOPPED,8838/9245,31.7,96.8,0.0,
46bcc9c8-4ec1-499a-982f-456248481cd6-0,END,2026/07/13 19:59:30.710,2026/07/13 19:59:30.801,,00:00:00.091,REALTIME_DATA_COLLECTOR,contacts,0,NOT_STOPPED,8838/9245,32.0,96.8,18.6,contacts:23:noData:32.0:0.6:0.2:on;contacts:23:13.5:0.00:0.3:0.2:0:0:0:1;
cbee2872-df3c-4042-85c8-958749114680-0,END,2026/07/13 19:59:30.714,2026/07/13 19:59:30.760,,00:00:00.046,REALTIME_DATA_COLLECTOR,my_contact_profile,0,NOT_STOPPED,8838/9561,32.0,96.4,20.0,my_contact_profile:8:noData:32.0:0.2:0.0:on;my_contact_profile:7:0.0:0.00:0.1:0.0:0:0:0:1;
eb111581-226a-4853-8b10-a22f77912b56-0,END,2026/07/13 19:59:20.666,2026/07/13 19:59:20.671,,00:00:00.005,DATA_OBSERVER,contacts,0,NOT_STOPPED,8838/9844,32.1,96.1,0.0,
cd2227b5-15af-446f-a3c3-b02f96e6036a-0,END,2026/07/13 19:59:20.666,2026/07/13 19:59:20.671,,00:00:00.005,DATA_OBSERVER,my_contact_profile,0,NOT_STOPPED,8838/9561,32.1,96.1,0.0,
2bdd7d38-1158-4bee-8ba9-7e1f11d898b2-0,END,2026/07/13 19:59:12.852,2026/07/13 19:59:13.500,,00:00:00.648,REALTIME_ANALYSIS,call_log,0,NOT_STOPPED,8838/9561,32.2,95.9,8.6,
bf524dce-db33-4e5e-9dc5-b4bd16c2fd91-0,END,2026/07/13 19:59:10.472,2026/07/13 19:59:10.800,,00:00:00.328,REALTIME_DATA_COLLECTOR,call_log,0,NOT_STOPPED,8838/9245,32.2,86.3,11.4,call_log:246:success:32.2:1.8:0.0:on;call_log:208:6.7:0.00:1.1:0.0:1:0:0:1;
da87877e-e640-4fa2-af33-6e65dd43e5a4-0,END,2026/07/13 19:59:10.494,2026/07/13 19:59:10.553,,00:00:00.059,REALTIME_DATA_COLLECTOR,contacts,0,NOT_STOPPED,8838/9844,32.2,82.1,25.9,contacts:32:noData:32.2:0.5:0.0:on;contacts:32:22.2:0.00:0.3:0.1:0:0:0:1;
f7256a47-9047-4620-b3a1-5c03b2fbf9ac-0,END,2026/07/13 19:59:10.473,2026/07/13 19:59:10.514,,00:00:00.041,REALTIME_DATA_COLLECTOR,my_contact_profile,0,NOT_STOPPED,8838/9561,32.2,81.7,26.1,my_contact_profile:6:noData:32.2:0.2:-0.0:on;my_contact_profile:5:0.0:0.00:0.1:-0.1:0:0:0:1;
d0367080-7090-4596-821d-2610d591fbcf-0,END,2026/07/13 19:59:09.016,2026/07/13 19:59:09.020,,00:00:00.004,DATA_OBSERVER,contacts,0,NOT_STOPPED,8838/9246,32.2,81.3,0.0,
b3b0a451-874a-4df5-9c6a-d0d940f41820-0,END,2026/07/13 19:59:09.016,2026/07/13 19:59:09.020,,00:00:00.004,DATA_OBSERVER,my_contact_profile,0,NOT_STOPPED,8838/9561,32.2,81.3,0.0,
32a21195-2d13-4269-a29e-616f9ed932da-0,END,2026/07/13 19:59:00.434,2026/07/13 19:59:00.439,,00:00:00.005,DATA_OBSERVER,call_log,0,NOT_STOPPED,8838/9844,32.1,81.2,0.0,
d866ff9d-404c-4493-b9a8-830618a942db-0,END,2026/07/13 19:59:00.434,2026/07/13 19:59:00.439,,00:00:00.005,DATA_OBSERVER,contacts,0,NOT_STOPPED,8838/9245,32.1,81.2,0.0,
12074185-11b9-41b4-91a3-03d3bb52ddb7-0,END,2026/07/13 19:59:00.434,2026/07/13 19:59:00.446,,00:00:00.012,DATA_OBSERVER,my_contact_profile,0,NOT_STOPPED,8838/9246,32.1,81.2,24.2,
ed9f1c86-ae50-4639-bd95-135fa551f1d0-0,END,2026/07/13 19:58:49.055,2026/07/13 19:58:49.175,,00:00:00.120,REALTIME_DATA_COLLECTOR,contacts,0,NOT_STOPPED,8838/9245,32.1,81.1,12.0,contacts:81:noData:32.1:0.6:0.0:on;contacts:79:8.7:0.00:0.5:0.0:0:0:0:1;
e139f43e-aa02-4f6d-b652-f0a239bf9973-0,END,2026/07/13 19:58:49.055,2026/07/13 19:58:49.109,,00:00:00.054,REALTIME_DATA_COLLECTOR,my_contact_profile,0,NOT_STOPPED,8838/9246,32.1,81.0,17.8,my_contact_profile:15:noData:32.1:0.5:0.0:on;my_contact_profile:13:12.3:0.00:0.3:0.0:0:0:0:1;
21c536d2-45a3-4193-8622-96e0ed146686-0,END,2026/07/13 19:58:39.014,2026/07/13 19:58:39.018,,00:00:00.004,DATA_OBSERVER,my_contact_profile,0,NOT_STOPPED,8838/9561,32.2,80.4,0.0,
6704968c-9106-47b9-bb9f-d16f33229bd9-0,END,2026/07/13 19:58:39.009,2026/07/13 19:58:39.018,,00:00:00.009,DATA_OBSERVER,contacts,0,NOT_STOPPED,8838/9245,32.2,80.4,0.0,
49ac34e1-edac-4c5a-ac01-972c962d8f1d-0,END,2026/07/13 19:58:37.276,2026/07/13 19:58:37.327,,00:00:00.051,REALTIME_DATA_COLLECTOR,my_contact_profile,0,NOT_STOPPED,8838/9844,32.1,80.1,19.4,my_contact_profile:11:noData:32.1:0.3:0.0:on;my_contact_profile:9:0.0:0.00:0.1:0.0:0:0:0:1;
d1bf9bff-26b2-42e4-8edd-5a99a2d79f0b-0,END,2026/07/13 19:58:37.275,2026/07/13 19:58:37.347,,00:00:00.072,REALTIME_DATA_COLLECTOR,contacts,0,NOT_STOPPED,8838/9561,32.1,80.2,17.5,contacts:32:noData:32.1:0.5:-0.1:on;contacts:30:15.3:0.00:0.4:-0.1:0:0:0:1;
70a28932-86af-47a3-8f8f-02489335c5b9-0,END,2026/07/13 19:58:27.220,2026/07/13 19:58:27.224,,00:00:00.004,DATA_OBSERVER,my_contact_profile,0,NOT_STOPPED,8838/9245,31.9,79.5,0.0,
6f63e4a6-4b9f-413e-a01f-6504a97cbfc4-0,END,2026/07/13 19:58:27.220,2026/07/13 19:58:27.224,,00:00:00.004,DATA_OBSERVER,contacts,0,NOT_STOPPED,8838/9844,31.9,79.5,0.0,
4d4e769a-846e-4b19-a779-04f1bb91196d-0,END,2026/07/13 19:58:25.295,2026/07/13 19:58:25.369,,00:00:00.074,REALTIME_DATA_COLLECTOR,contacts,0,NOT_STOPPED,8838/9844,31.9,79.2,17.9,contacts:35:noData:31.9:0.6:0.2:on;contacts:33:14.7:0.00:0.4:0.2:0:0:0:1;
bd12bc0e-a9d7-42d3-b6b6-b502459940c0-0,END,2026/07/13 19:58:25.294,2026/07/13 19:58:25.345,,00:00:00.051,REALTIME_DATA_COLLECTOR,my_contact_profile,0,NOT_STOPPED,8838/9245,31.9,79.0,19.2,my_contact_profile:11:noData:31.9:0.4:0.1:on;my_contact_profile:9:0.0:0.00:0.1:0.1:0:0:0:1;
4730a7eb-a7f1-4094-9c43-8b72291c78da-0,END,2026/07/13 19:58:15.246,2026/07/13 19:58:15.250,,00:00:00.004,DATA_OBSERVER,my_contact_profile,0,NOT_STOPPED,8838/9561,31.9,77.9,0.0,
bfbff388-22e0-43b2-bfe6-62d50f17e344-0,END,2026/07/13 19:58:15.246,2026/07/13 19:58:15.251,,00:00:00.005,DATA_OBSERVER,contacts,0,NOT_STOPPED,8838/9844,31.9,77.9,0.0,
﻿a9e54c77-fa02-4a50-958c-e43550b24729-0,END,2026/07/13 19:58:03.792,2026/07/13 19:58:03.956,,00:00:00.164,REALTIME_DATA_COLLECTOR,contacts,0,NOT_STOPPED,8838/9561,31.8,77.4,18.5,contacts:85:noData:31.8:0.8:0.0:on;contacts:84:19.0:0.00:0.6:0.0:0:0:0:1;
f20815a5-503d-4163-bb02-b0fe28f0daa8-0,END,2026/07/13 19:58:03.792,2026/07/13 19:58:03.912,,00:00:00.120,REALTIME_DATA_COLLECTOR,my_contact_profile,0,NOT_STOPPED,8838/9844,31.8,76.4,18.3,my_contact_profile:42:noData:31.8:0.6:0.1:on;my_contact_profile:40:18.8:0.00:0.3:0.1:0:0:0:1;
f24ebcf0-6133-497c-85f9-1a738b230143-0,END,2026/07/13 19:58:03.881,2026/07/13 19:58:03.886,,00:00:00.005,DATA_OBSERVER,my_contact_profile,0,NOT_STOPPED,8838/9245,31.8,75.3,0.0,
2f2e62ba-1aec-4c61-9d1a-b6d9b3e3c825-0,END,2026/07/13 19:58:03.881,2026/07/13 19:58:03.886,,00:00:00.005,DATA_OBSERVER,contacts,0,NOT_STOPPED,8838/9561,31.8,75.2,0.0,
c5543e8d-3ddb-4a56-b980-6363a98251fc-0,END,2026/07/13 19:57:53.726,2026/07/13 19:57:53.749,,00:00:00.023,DATA_OBSERVER,my_contact_profile,0,NOT_STOPPED,8838/9245,31.2,71.6,15.2,
190b2ded-2c8c-4fb1-8be6-b521baf79f1b-0,END,2026/07/13 19:57:53.726,2026/07/13 19:57:53.740,,00:00:00.014,DATA_OBSERVER,contacts,0,NOT_STOPPED,8838/9246,31.2,71.4,14.3,
a3aea4b8-7db9-4199-b502-1b63b6f30a01-0,END,2026/07/13 19:41:14.068,2026/07/13 19:41:14.113,,00:00:00.045,REALTIME_DATA_COLLECTOR,my_contact_profile,0,NOT_STOPPED,8838/9561,32.6,72.3,20.7,my_contact_profile:11:noData:32.6:0.5:0.0:on;my_contact_profile:9:0.0:0.00:0.3:0.0:0:0:0:1;
3983c9a3-13c9-414f-9b0a-1b2889e4a025-0,END,2026/07/13 19:41:14.068,2026/07/13 19:41:14.127,,00:00:00.059,REALTIME_DATA_COLLECTOR,contacts,0,NOT_STOPPED,8838/9245,32.6,72.3,19.0,contacts:24:noData:32.6:0.5:0.0:on;contacts:22:15.5:0.00:0.3:0.0:0:0:0:1;
b535d285-ced7-4f64-95e4-7dca1479feca-0,END,2026/07/13 19:41:04.021,2026/07/13 19:41:04.026,,00:00:00.005,DATA_OBSERVER,contacts,0,NOT_STOPPED,8838/9246,32.8,71.6,0.0,
9b157c7a-007b-4c34-9be5-5f6f76e06c1e-0,END,2026/07/13 19:41:04.022,2026/07/13 19:41:04.026,,00:00:00.004,DATA_OBSERVER,my_contact_profile,0,NOT_STOPPED,8838/9844,32.8,71.6,0.0,
bdca43db-b3f2-48b6-8331-079bcd52a558-0,END,2026/07/13 19:41:02.978,2026/07/13 19:41:03.044,,00:00:00.066,REALTIME_DATA_COLLECTOR,contacts,0,NOT_STOPPED,8838/9246,32.8,71.4,16.1,contacts:37:noData:32.8:0.5:0.0:on;contacts:36:13.9:0.00:0.3:0.0:0:0:0:1;
ca1419b5-f65f-4304-a728-ebe58316db23-0,END,2026/07/13 19:41:02.978,2026/07/13 19:41:03.018,,00:00:00.040,REALTIME_DATA_COLLECTOR,my_contact_profile,0,NOT_STOPPED,8838/9844,32.8,71.2,17.0,my_contact_profile:10:noData:32.8:0.3:0.1:on;my_contact_profile:10:0.0:0.00:0.1:0.1:0:0:0:1;
1dd10ce7-e8a5-43d2-9855-54dd130d2d8c-0,END,2026/07/13 19:40:52.925,2026/07/13 19:40:52.936,,00:00:00.011,DATA_OBSERVER,contacts,0,NOT_STOPPED,8838/9245,33.0,70.7,10.0,
df4d2935-dae6-41ae-af00-0af9826d4579-0,END,2026/07/13 19:40:52.924,2026/07/13 19:40:52.934,,00:00:00.010,DATA_OBSERVER,my_contact_profile,0,NOT_STOPPED,8838/9246,33.0,70.7,9.0,
d85ce658-b2ec-4b24-938c-21c0f5d200ba-0,END,2026/07/13 19:40:26.585,2026/07/13 19:40:26.635,,00:00:00.050,REALTIME_DATA_COLLECTOR,my_contact_profile,0,NOT_STOPPED,8838/9246,33.3,93.2,29.2,my_contact_profile:8:noData:33.3:0.3:0.0:on;my_contact_profile:7:0.0:0.00:0.2:0.0:0:0:0:1;
a0a4ce31-79ab-4459-bde6-261e02fb9260-0,END,2026/07/13 19:40:26.583,2026/07/13 19:40:26.648,,00:00:00.065,REALTIME_DATA_COLLECTOR,contacts,0,NOT_STOPPED,8838/9561,33.3,93.3,27.7,contacts:20:noData:33.3:0.5:0.0:on;contacts:19:25.8:0.00:0.3:-0.0:0:0:0:1;
8e8208a3-066b-4361-8d7d-33084d07e615-0,END,2026/07/13 19:40:16.546,2026/07/13 19:40:16.555,,00:00:00.009,DATA_OBSERVER,contacts,0,NOT_STOPPED,8838/9245,33.4,91.1,0.0,
fb30ba30-7a90-4b51-805b-988f6c9a1d0a-0,END,2026/07/13 19:40:16.546,2026/07/13 19:40:16.552,,00:00:00.006,DATA_OBSERVER,my_contact_profile,0,NOT_STOPPED,8838/9246,33.4,91.0,0.0,
3bbc9cdd-6659-46ae-b797-001f2bc0b136-0,END,2026/07/13 19:40:15.978,2026/07/13 19:40:16.095,,00:00:00.117,REALTIME_DATA_COLLECTOR,contacts,0,NOT_STOPPED,8838/9844,33.4,90.8,12.1,contacts:75:noData:33.4:0.5:0.0:on;contacts:74:7.4:0.00:0.4:0.0:0:0:0:1;
d5914746-d67a-4e60-859d-b3d6dfa5bc91-0,END,2026/07/13 19:40:15.978,2026/07/13 19:40:16.025,,00:00:00.047,REALTIME_DATA_COLLECTOR,my_contact_profile,0,NOT_STOPPED,8838/9561,33.4,90.6,20.2,my_contact_profile:6:noData:33.4:0.3:0.2:on;my_contact_profile:5:0.0:0.00:0.2:0.2:0:0:0:1;
a1ec0dc6-fee5-4659-9b3d-801296158062-0,END,2026/07/13 19:40:05.929,2026/07/13 19:40:05.933,,00:00:00.004,DATA_OBSERVER,my_contact_profile,0,NOT_STOPPED,8838/9245,33.6,90.1,0.0,
e48f7a73-352b-489e-bdfe-fe7c1a5a43d2-0,END,2026/07/13 19:40:05.929,2026/07/13 19:40:05.933,,00:00:00.004,DATA_OBSERVER,contacts,0,NOT_STOPPED,8838/9246,33.6,90.1,0.0,
6da64b84-9456-4051-8423-420efecb0f07-0,END,2026/07/13 19:40:05.546,2026/07/13 19:40:05.638,,00:00:00.092,REALTIME_DATA_COLLECTOR,contacts,0,NOT_STOPPED,8838/9246,33.6,89.9,18.0,contacts:47:noData:33.6:0.5:-0.1:on;contacts:46:15.4:0.00:0.4:-0.2:0:0:0:1;
1a9d04ef-631a-41f5-9134-a0342c79d8f9-0,END,2026/07/13 19:40:05.546,2026/07/13 19:40:05.600,,00:00:00.054,REALTIME_DATA_COLLECTOR,my_contact_profile,0,NOT_STOPPED,8838/9245,33.6,89.7,21.5,my_contact_profile:9:noData:33.6:0.3:-0.0:on;my_contact_profile:7:0.0:0.00:0.2:-0.1:0:0:0:1;
161c701f-5819-4db2-bec5-d991f82033f5-0,END,2026/07/13 19:39:55.503,2026/07/13 19:39:55.513,,00:00:00.010,DATA_OBSERVER,my_contact_profile,0,NOT_STOPPED,8838/9245,33.8,89.2,15.0,
4419b9e2-5def-48c2-b614-32b9aed095cc-0,END,2026/07/13 19:39:55.503,2026/07/13 19:39:55.513,,00:00:00.010,DATA_OBSERVER,contacts,0,NOT_STOPPED,8838/9844,33.8,89.2,14.0,
1aff2274-3af4-4996-b050-40cc2da1cff0-0,END,2026/07/13 19:39:54.638,2026/07/13 19:39:54.689,,00:00:00.051,REALTIME_DATA_COLLECTOR,my_contact_profile,0,NOT_STOPPED,8838/9245,33.8,88.9,11.4,my_contact_profile:14:noData:33.8:0.2:0.0:on;my_contact_profile:11:10.0:0.00:0.1:0.0:0:0:0:1;
f6bb9232-5f1b-4d0f-8fe0-477351df3101-0,END,2026/07/13 19:39:44.458,2026/07/13 19:39:44.609,,00:00:00.151,REALTIME_DATA_COLLECTOR,contacts,0,NOT_STOPPED,8838/9245,34.1,88.5,15.0,contacts:108:noData:34.1:0.8:0.0:on;contacts:101:12.9:0.00:0.6:0.0:0:0:0:1;
a518a735-8e64-45b4-b879-c7e9ce8c0acb-0,END,2026/07/13 19:39:44.581,2026/07/13 19:39:44.587,,00:00:00.006,DATA_OBSERVER,my_contact_profile,0,NOT_STOPPED,8838/9844,34.1,88.2,0.0,
f53b5230-86e3-4659-9055-827cf5f62f01-0,END,2026/07/13 19:39:44.571,2026/07/13 19:39:44.577,,00:00:00.006,DATA_OBSERVER,contacts,0,NOT_STOPPED,8838/9245,34.1,87.7,0.0,
d1e2b594-f880-4e37-a44c-011cbc64243a-0,END,2026/07/13 19:39:44.459,2026/07/13 19:39:44.531,,00:00:00.072,REALTIME_DATA_COLLECTOR,my_contact_profile,0,NOT_STOPPED,8838/9246,34.1,86.9,14.6,my_contact_profile:30:noData:34.1:0.2:-0.1:on;my_contact_profile:28:9.6:0.00:0.0:-0.1:0:0:0:1;
1a92ffa2-45b7-4e6d-97b4-7f96a40a0cfe-0,END,2026/07/13 19:39:34.398,2026/07/13 19:39:34.414,,00:00:00.016,DATA_OBSERVER,contacts,0,NOT_STOPPED,8838/9844,33.6,84.1,11.9,
5ee2c858-7e99-4a19-b293-7ec93ac09de7-0,END,2026/07/13 19:39:34.398,2026/07/13 19:39:34.412,,00:00:00.014,DATA_OBSERVER,my_contact_profile,0,NOT_STOPPED,8838/9561,33.6,83.9,11.4,
711a7e07-70d5-47df-85f8-244c22bd0c3e-0,END,2026/07/13 18:55:03.272,2026/07/13 18:55:03.422,,00:00:00.150,REALTIME_DATA_COLLECTOR,contacts,0,NOT_STOPPED,8838/9561,31.7,87.4,13.2,contacts:37:noData:31.7:0.5:0.0:on;contacts:36:5.8:0.00:0.3:-0.0:0:0:0:1;
fb56ce51-4662-4580-b76a-850aebe80eb1-0,END,2026/07/13 18:55:03.272,2026/07/13 18:55:03.317,,00:00:00.045,REALTIME_DATA_COLLECTOR,my_contact_profile,0,NOT_STOPPED,8838/9245,31.7,87.0,20.9,my_contact_profile:6:noData:31.7:0.1:0.0:on;my_contact_profile:4:0.0:0.00:0.0:0.0:0:0:0:1;
0f600dce-b376-4eb1-8bac-e5a441dd99d1-0,END,2026/07/13 18:54:53.233,2026/07/13 18:54:53.237,,00:00:00.004,DATA_OBSERVER,contacts,0,NOT_STOPPED,8838/9844,31.7,86.7,0.0,
01562aaf-ca8f-43e4-b177-d61d6fef62e5-0,END,2026/07/13 18:54:53.233,2026/07/13 18:54:53.237,,00:00:00.004,DATA_OBSERVER,my_contact_profile,0,NOT_STOPPED,8838/9246,31.7,86.7,0.0,
abd046d0-b344-4920-9f79-a5b4065837ff-0,END,2026/07/13 18:54:52.242,2026/07/13 18:54:52.329,,00:00:00.087,REALTIME_DATA_COLLECTOR,contacts,0,NOT_STOPPED,8838/9246,31.7,86.4,16.9,contacts:43:noData:31.7:0.6:0.0:on;contacts:42:13.8:0.00:0.4:0.0:0:0:0:1;
8e38843e-2780-4953-b927-d1f0553943b2-0,END,2026/07/13 18:54:52.246,2026/07/13 18:54:52.299,,00:00:00.053,REALTIME_DATA_COLLECTOR,my_contact_profile,0,NOT_STOPPED,8838/9561,31.7,86.3,19.1,my_contact_profile:15:noData:31.7:0.3:0.0:on;my_contact_profile:13:16.9:0.00:0.2:0.0:0:0:0:1;
85efdcb6-065c-4bd1-b2ed-72809390d7bc-0,END,2026/07/13 18:54:42.197,2026/07/13 18:54:42.203,,00:00:00.006,DATA_OBSERVER,contacts,0,NOT_STOPPED,8838/9245,31.8,85.7,0.0,
69e9db43-4c73-49ea-87a9-5dd7764fef85-0,END,2026/07/13 18:54:42.197,2026/07/13 18:54:42.203,,00:00:00.006,DATA_OBSERVER,my_contact_profile,0,NOT_STOPPED,8838/9561,31.8,85.7,0.0,
71d4b4c0-2018-4958-9380-fa66ef16ebf9-0,END,2026/07/13 18:54:32.443,2026/07/13 18:54:32.494,,00:00:00.051,REALTIME_DATA_COLLECTOR,contacts,0,NOT_STOPPED,8838/9561,31.8,85.5,19.2,contacts:24:noData:31.8:0.5:0.0:on;contacts:22:16.8:0.00:0.4:-0.0:0:0:0:1;
ecf7b86a-e28f-48a8-bd42-7da7663e8529-0,END,2026/07/13 18:54:32.435,2026/07/13 18:54:32.474,,00:00:00.039,REALTIME_DATA_COLLECTOR,my_contact_profile,0,NOT_STOPPED,8838/9246,31.8,85.3,19.7,my_contact_profile:5:noData:31.8:0.4:0.1:on;my_contact_profile:4:0.0:0.00:0.2:0.1:0:0:0:1;
07eb3e3e-2e77-4fc2-99c7-ddf849f987b8-0,END,2026/07/13 18:54:22.410,2026/07/13 18:54:22.416,,00:00:00.006,DATA_OBSERVER,contacts,0,NOT_STOPPED,8838/9561,31.9,84.9,0.0,
c8bf5907-fa26-4fa6-b590-8052587ed67c-0,END,2026/07/13 18:54:22.410,2026/07/13 18:54:22.416,,00:00:00.006,DATA_OBSERVER,my_contact_profile,0,NOT_STOPPED,8838/9844,31.9,84.9,0.0,
d0130d96-243a-4cb3-97d0-6a1b9406f3f9-0,END,2026/07/13 18:54:22.173,2026/07/13 18:54:22.276,,00:00:00.103,REALTIME_DATA_COLLECTOR,contacts,0,NOT_STOPPED,8838/9561,31.9,84.6,14.8,contacts:63:noData:31.9:0.6:0.0:on;contacts:62:12.7:0.00:0.3:-0.0:0:0:0:1;
068458ed-1e18-4a92-855e-8f9069396569-0,END,2026/07/13 18:54:22.175,2026/07/13 18:54:22.215,,00:00:00.040,REALTIME_DATA_COLLECTOR,my_contact_profile,0,NOT_STOPPED,8838/9844,31.9,84.4,18.3,my_contact_profile:5:noData:31.9:0.4:0.2:on;my_contact_profile:4:0.0:0.00:0.1:0.2:0:0:0:1;
b6e39a22-2b70-4ff8-b69e-5875bd37ad18-0,END,2026/07/13 18:54:12.130,2026/07/13 18:54:12.133,,00:00:00.003,DATA_OBSERVER,my_contact_profile,0,NOT_STOPPED,8838/9245,32.0,84.0,0.0,
b2c04212-3b05-4eed-8d08-31db70659f08-0,END,2026/07/13 18:54:12.129,2026/07/13 18:54:12.133,,00:00:00.004,DATA_OBSERVER,contacts,0,NOT_STOPPED,8838/9246,32.0,83.9,0.0,
78187a8b-8d68-4121-9d6f-43833650a3ed-0,END,2026/07/13 18:54:11.763,2026/07/13 18:54:11.831,,00:00:00.068,REALTIME_DATA_COLLECTOR,contacts,0,NOT_STOPPED,8838/9561,32.0,83.7,17.5,contacts:29:noData:32.0:0.5:0.0:on;contacts:28:15.4:0.00:0.4:0.0:0:0:0:1;
a48a2928-2635-4419-9f8d-b10e1da1b269-0,END,2026/07/13 18:54:11.764,2026/07/13 18:54:11.808,,00:00:00.044,REALTIME_DATA_COLLECTOR,my_contact_profile,0,NOT_STOPPED,8838/9246,32.0,83.5,18.4,my_contact_profile:7:noData:32.0:0.3:0.2:on;my_contact_profile:6:0.0:0.00:0.2:0.2:0:0:0:1;
3d338a83-d333-4451-85e2-d82557a2ef5f-0,END,2026/07/13 18:54:01.731,2026/07/13 18:54:01.736,,00:00:00.005,DATA_OBSERVER,contacts,0,NOT_STOPPED,8838/9246,32.0,82.8,0.0,
83f300c4-567d-4d43-833e-0b76521111cc-0,END,2026/07/13 18:54:01.738,2026/07/13 18:54:01.740,,00:00:00.002,DATA_OBSERVER,my_contact_profile,0,NOT_STOPPED,8838/9245,32.0,82.9,0.0,
d9b3fc67-5e71-4a6c-a77f-447d4401bba3-0,END,2026/07/13 18:54:00.963,2026/07/13 18:54:01.064,,00:00:00.101,REALTIME_DATA_COLLECTOR,contacts,0,NOT_STOPPED,8838/9561,32.2,82.7,16.2,contacts:31:noData:32.2:0.5:0.0:on;contacts:30:9.0:0.00:0.3:-0.0:0:0:0:1;
33597e1e-8972-4e22-902b-b4bae40b7a20-0,END,2026/07/13 18:54:00.963,2026/07/13 18:54:01.009,,00:00:00.046,REALTIME_DATA_COLLECTOR,my_contact_profile,0,NOT_STOPPED,8838/9245,32.2,82.3,19.3,my_contact_profile:8:noData:32.2:0.1:0.0:on;my_contact_profile:7:0.0:0.00:0.0:0.0:0:0:0:1;
20728971-05e9-413d-8747-110c9e09729c-0,END,2026/07/13 18:53:50.917,2026/07/13 18:53:50.920,,00:00:00.003,DATA_OBSERVER,contacts,0,NOT_STOPPED,8838/9561,31.9,81.8,0.0,
b226a636-d724-4d3c-85e0-b4499602dfcb-0,END,2026/07/13 18:53:50.917,2026/07/13 18:53:50.920,,00:00:00.003,DATA_OBSERVER,my_contact_profile,0,NOT_STOPPED,8838/9844,31.9,81.8,0.0,
c026c02d-4663-4904-9678-6195d2919253-0,END,2026/07/13 18:53:50.631,2026/07/13 18:53:50.679,,00:00:00.048,REALTIME_DATA_COLLECTOR,my_contact_profile,0,NOT_STOPPED,8838/9561,31.9,81.3,21.0,my_contact_profile:8:noData:31.9:0.5:-0.0:on;my_contact_profile:7:0.0:0.00:0.3:-0.0:0:0:0:1;
c7e69f95-45ba-46d0-99bf-a45b0044acfd-0,END,2026/07/13 18:53:50.631,2026/07/13 18:53:50.699,,00:00:00.068,REALTIME_DATA_COLLECTOR,contacts,0,NOT_STOPPED,8838/9246,31.9,81.4,19.1,contacts:28:noData:31.9:0.7:0.0:on;contacts:27:16.7:0.00:0.4:-0.0:0:0:0:1;
4b57578c-a180-4d6b-a38b-a412df903825-0,END,2026/07/13 18:53:40.587,2026/07/13 18:53:40.594,,00:00:00.007,DATA_OBSERVER,contacts,0,NOT_STOPPED,8838/9245,31.9,80.8,0.0,
758543ef-7f43-4305-8009-12c9c43c6ac0-0,END,2026/07/13 18:53:40.587,2026/07/13 18:53:40.592,,00:00:00.005,DATA_OBSERVER,my_contact_profile,0,NOT_STOPPED,8838/9561,31.9,80.8,0.0,
142b07a8-0e1b-436b-b6dc-afb842121de6-0,END,2026/07/13 18:43:37.291,2026/07/13 18:43:37.379,,00:00:00.088,REALTIME_DATA_COLLECTOR,contacts,0,NOT_STOPPED,8838/9844,32.9,74.9,16.6,contacts:24:noData:32.9:0.7:0.0:on;contacts:24:9.2:0.00:0.3:0.1:0:0:0:1;
67d94e7c-e827-4202-995d-70574163897b-0,END,2026/07/13 18:43:37.296,2026/07/13 18:43:37.331,,00:00:00.035,REALTIME_DATA_COLLECTOR,my_contact_profile,0,NOT_STOPPED,8838/9246,32.9,74.5,20.3,my_contact_profile:6:noData:32.9:0.2:-0.1:on;my_contact_profile:5:0.0:0.00:0.1:-0.1:0:0:0:1;
1d7ccd75-090e-4e78-9564-2ee15bcc0cd8-0,END,2026/07/13 18:43:27.266,2026/07/13 18:43:27.267,,00:00:00.001,DATA_OBSERVER,my_contact_profile,0,NOT_STOPPED,8838/9245,32.5,73.6,0.0,
675b91f4-87bf-4526-8228-ab60028df36b-0,END,2026/07/13 18:43:27.262,2026/07/13 18:43:27.265,,00:00:00.003,DATA_OBSERVER,contacts,0,NOT_STOPPED,8838/9246,32.5,73.6,0.0,
71162781-b246-4760-94f7-2da3a6f81d59-0,END,2026/07/13 18:43:15.357,2026/07/13 18:43:15.480,,00:00:00.123,REALTIME_DATA_COLLECTOR,contacts,0,NOT_STOPPED,8838/9246,32.4,73.2,16.1,contacts:30:noData:32.4:0.5:0.0:on;contacts:29:14.5:0.00:0.3:0.0:0:0:0:1;
82e230e0-1953-488f-9246-a5f60c79427c-0,END,2026/07/13 18:43:15.387,2026/07/13 18:43:15.482,,00:00:00.095,REALTIME_DATA_COLLECTOR,my_contact_profile,0,NOT_STOPPED,8838/9561,32.4,73.3,18.4,my_contact_profile:5:noData:32.4:0.5:0.0:on;my_contact_profile:4:0.0:0.00:0.1:0.0:0:0:0:1;
c502f426-a9a0-4482-8589-7234f0f8ad48-0,END,2026/07/13 18:43:15.225,2026/07/13 18:43:15.228,,00:00:00.003,DATA_OBSERVER,contacts,0,NOT_STOPPED,8838/9245,32.4,72.6,0.0,
0c0aba8f-3d4b-46f0-85a4-e640512b3e0e-0,END,2026/07/13 18:43:15.225,2026/07/13 18:43:15.228,,00:00:00.003,DATA_OBSERVER,my_contact_profile,0,NOT_STOPPED,8838/9561,32.4,72.6,0.0,
e747f4e1-0cab-41da-8c4e-94c8a15affc8-0,END,2026/07/13 18:43:05.327,2026/07/13 18:43:05.333,,00:00:00.006,DATA_OBSERVER,contacts,0,NOT_STOPPED,8838/9844,32.3,72.2,0.0,
5a437170-4781-4ef6-9ecd-f362a3102d9b-0,END,2026/07/13 18:43:05.327,2026/07/13 18:43:05.334,,00:00:00.007,DATA_OBSERVER,my_contact_profile,0,NOT_STOPPED,8838/9245,32.3,72.2,0.0,
57002f1a-30ad-4a4e-8330-7522bc04a326-0,END,2026/07/13 18:42:17.778,2026/07/13 18:42:17.854,,00:00:00.076,REALTIME_DATA_COLLECTOR,contacts,0,NOT_STOPPED,8838/9245,32.4,71.8,16.8,contacts:34:noData:32.4:0.6:0.2:on;contacts:33:13.0:0.00:0.4:0.2:0:0:0:1;
28a5621b-004e-4b2e-b2a7-1d631ddede6b-0,END,2026/07/13 18:42:17.778,2026/07/13 18:42:17.824,,00:00:00.046,REALTIME_DATA_COLLECTOR,my_contact_profile,0,NOT_STOPPED,8838/9844,32.4,71.6,21.5,my_contact_profile:5:noData:32.4:0.3:0.2:on;my_contact_profile:5:0.0:0.00:0.1:0.2:0:0:0:1;
0010197a-67aa-4c19-b8c8-cf318b950d23-0,END,2026/07/13 18:42:07.743,2026/07/13 18:42:07.752,,00:00:00.009,DATA_OBSERVER,contacts,0,NOT_STOPPED,8838/9561,32.4,71.1,27.0,
dc8a81f0-ffe4-468f-b242-fb504fd36ebc-0,END,2026/07/13 18:42:07.743,2026/07/13 18:42:07.745,,00:00:00.002,DATA_OBSERVER,my_contact_profile,0,NOT_STOPPED,8838/9246,32.4,71.0,0.0,
823ac8c6-c8e4-4962-af56-79a8a403069f-0,END,2026/07/13 18:42:07.610,2026/07/13 18:42:07.692,,00:00:00.082,REALTIME_DATA_COLLECTOR,contacts,0,NOT_STOPPED,8838/9245,32.4,70.9,16.7,contacts:36:noData:32.4:0.6:-0.3:on;contacts:34:15.3:0.00:0.5:-0.3:0:0:0:1;
0f04012d-c7c5-4401-8928-d47567f1a26c-0,END,2026/07/13 18:42:07.610,2026/07/13 18:42:07.664,,00:00:00.054,REALTIME_DATA_COLLECTOR,my_contact_profile,0,NOT_STOPPED,8838/9246,32.4,70.6,18.1,my_contact_profile:7:noData:32.4:0.4:-0.2:on;my_contact_profile:6:0.0:0.00:0.2:-0.2:0:0:0:1;
d8d226c9-9332-4737-841f-96efa36e74d3-0,END,2026/07/13 18:41:57.570,2026/07/13 18:41:57.576,,00:00:00.006,DATA_OBSERVER,contacts,0,NOT_STOPPED,8838/9844,32.2,70.2,0.0,
1b8686cf-0a1e-462b-80c2-1f2a10bcdeeb-0,END,2026/07/13 18:41:57.574,2026/07/13 18:41:57.575,,00:00:00.001,DATA_OBSERVER,my_contact_profile,0,NOT_STOPPED,8838/9561,32.2,70.2,0.0,
96ff8511-d9b1-43d9-b3a3-ba67d31c044e-0,END,2026/07/13 18:41:57.417,2026/07/13 18:41:57.528,,00:00:00.111,REALTIME_DATA_COLLECTOR,contacts,0,NOT_STOPPED,8838/9246,32.2,70.0,16.2,contacts:36:noData:32.2:0.6:0.2:on;contacts:33:12.1:0.00:0.3:0.2:0:0:0:1;
8b732226-7564-4ff1-82b9-01577c707f5e-0,END,2026/07/13 18:41:57.417,2026/07/13 18:41:57.466,,00:00:00.049,REALTIME_DATA_COLLECTOR,my_contact_profile,0,NOT_STOPPED,8838/9245,32.2,69.6,18.8,my_contact_profile:11:noData:32.2:0.2:0.0:on;my_contact_profile:10:14.0:0.00:0.0:0.0:0:0:0:1;
c3e7ff75-1e74-4a50-a27f-78a2bbc81444-0,END,2026/07/13 18:41:47.385,2026/07/13 18:41:47.387,,00:00:00.002,DATA_OBSERVER,my_contact_profile,0,NOT_STOPPED,8838/9844,32.3,69.2,0.0,
14e0cbe9-624e-4885-8b06-5fce0614231e-0,END,2026/07/13 18:41:47.383,2026/07/13 18:41:47.386,,00:00:00.003,DATA_OBSERVER,contacts,0,NOT_STOPPED,8838/9246,32.3,69.2,0.0,
260bcfea-7df1-4e0e-8987-822702fcff3e-0,END,2026/07/13 18:41:37.380,2026/07/13 18:41:37.526,,00:00:00.146,REALTIME_DATA_COLLECTOR,contacts,0,NOT_STOPPED,8838/9561,32.3,68.9,12.7,contacts:107:noData:32.3:0.6:0.0:on;contacts:105:10.3:0.00:0.4:0.0:0:0:0:1;
22b70727-07cd-4942-9c66-c60b18d9f233-0,END,2026/07/13 18:41:37.381,2026/07/13 18:41:37.447,,00:00:00.066,REALTIME_DATA_COLLECTOR,my_contact_profile,0,NOT_STOPPED,8838/9245,32.3,67.9,17.9,my_contact_profile:29:noData:32.3:0.3:-0.0:on;my_contact_profile:27:15.2:0.00:0.2:-0.0:0:0:0:1;
41c3bb00-0f73-484a-bd9a-e4298db88b6a-0,END,2026/07/13 18:41:37.301,2026/07/13 18:41:37.304,,00:00:00.003,DATA_OBSERVER,my_contact_profile,0,NOT_STOPPED,8838/9245,32.3,66.1,0.0,
27c32e0e-37ca-44a1-8702-30826b84f6b3-0,END,2026/07/13 18:41:37.299,2026/07/13 18:41:37.305,,00:00:00.006,DATA_OBSERVER,contacts,0,NOT_STOPPED,8838/9246,32.3,66.2,0.0,
dc68331f-1080-4362-b3f4-f4d98a164373-0,END,2026/07/13 18:41:27.289,2026/07/13 18:41:27.304,,00:00:00.015,DATA_OBSERVER,contacts,0,NOT_STOPPED,8838/9844,31.8,63.1,11.3,
d9a3d743-e74a-45c3-9ef6-2337e993c7d0-0,END,2026/07/13 18:41:27.289,2026/07/13 18:41:27.301,,00:00:00.012,DATA_OBSERVER,my_contact_profile,0,NOT_STOPPED,8838/9561,31.8,62.8,10.0,
59c02a9e-a9c6-4b33-9ae5-8756d94b1278-0,END,2026/07/13 18:10:17.000,2026/07/13 18:10:17.054,,00:00:00.054,REALTIME_DATA_COLLECTOR,my_contact_profile,0,NOT_STOPPED,8838/9561,36.1,79.0,16.3,my_contact_profile:12:noData:36.1:0.4:0.1:on;my_contact_profile:11:21.8:0.00:0.3:0.1:0:0:0:1;
a58ead32-b18c-49dc-a545-c4ce18372544-0,END,2026/07/13 18:10:17.025,2026/07/13 18:10:17.073,,00:00:00.048,REALTIME_DATA_COLLECTOR,contacts,0,NOT_STOPPED,8838/9844,36.1,79.2,17.9,contacts:22:noData:36.1:0.5:0.0:on;contacts:21:14.8:0.00:0.4:-0.0:0:0:0:1;
5b1bacc2-3381-48ca-9149-695dbf10b493-0,END,2026/07/13 18:10:07.009,2026/07/13 18:10:07.013,,00:00:00.004,DATA_OBSERVER,contacts,0,NOT_STOPPED,8838/9245,35.5,78.9,0.0,
16ff7f38-ff9d-477b-a901-9755330a082d-0,END,2026/07/13 18:10:06.947,2026/07/13 18:10:06.955,,00:00:00.008,DATA_OBSERVER,my_contact_profile,0,NOT_STOPPED,8838/9561,35.5,79.3,0.0,
51298f52-ed9b-433b-a284-ff93340bd950-0,END,2026/07/13 18:10:06.201,2026/07/13 18:10:06.384,,00:00:00.183,REALTIME_DATA_COLLECTOR,contacts,0,NOT_STOPPED,8838/9844,35.5,79.3,11.6,contacts:72:noData:35.5:0.5:0.0:on;contacts:70:4.9:0.00:0.3:0.1:0:0:0:1;
ea134ce4-744d-4e2c-a6ca-3a048a22dbe3-0,END,2026/07/13 18:10:06.213,2026/07/13 18:10:06.266,,00:00:00.053,REALTIME_DATA_COLLECTOR,my_contact_profile,0,NOT_STOPPED,8838/9246,35.5,78.9,16.6,my_contact_profile:15:noData:35.5:0.1:-0.1:on;my_contact_profile:14:8.6:0.00:0.1:-0.1:0:0:0:1;
835f0684-1314-4ede-8edd-09ab75e20b83-0,END,2026/07/13 18:09:56.173,2026/07/13 18:09:56.176,,00:00:00.003,DATA_OBSERVER,contacts,0,NOT_STOPPED,8838/9561,35.7,79.2,0.0,
cf369c7d-646d-4a66-9e85-5cdbf96c992d-0,END,2026/07/13 18:09:56.173,2026/07/13 18:09:56.177,,00:00:00.004,DATA_OBSERVER,my_contact_profile,0,NOT_STOPPED,8838/9246,35.7,79.2,0.0,
5c2c82dd-fe2e-4e70-8d12-2528b436adb9-0,END,2026/07/13 18:08:44.341,2026/07/13 18:08:44.411,,00:00:00.070,REALTIME_DATA_COLLECTOR,contacts,0,NOT_STOPPED,8838/9561,36.4,80.7,18.9,contacts:36:noData:36.4:0.5:0.0:on;contacts:35:16.9:0.00:0.4:0.0:0:0:0:1;
3eac207c-ed42-4bdf-8a6c-3e72ef8a4caf-0,END,2026/07/13 18:08:44.334,2026/07/13 18:08:44.386,,00:00:00.052,REALTIME_DATA_COLLECTOR,my_contact_profile,0,NOT_STOPPED,8838/9245,36.4,80.5,21.2,my_contact_profile:9:noData:36.4:0.2:0.2:on;my_contact_profile:8:0.0:0.00:0.1:0.1:0:0:0:1;
eb984d3a-7528-4db7-8ad3-0c577d0abdc9-0,END,2026/07/13 18:08:34.292,2026/07/13 18:08:34.298,,00:00:00.006,DATA_OBSERVER,my_contact_profile,0,NOT_STOPPED,8838/9844,36.6,80.1,0.0,
﻿15898680-0da9-4b2e-b159-7b34b53e233c-0,END,2026/07/13 18:08:34.293,2026/07/13 18:08:34.299,,00:00:00.006,DATA_OBSERVER,contacts,0,NOT_STOPPED,8838/9561,36.6,80.1,0.0,
850b3c12-48ab-462a-9957-590ea0a62665-0,END,2026/07/13 18:08:24.378,2026/07/13 18:08:24.474,,00:00:00.096,REALTIME_DATA_COLLECTOR,contacts,0,NOT_STOPPED,8838/9246,36.6,79.9,16.8,contacts:56:noData:36.6:0.6:-0.0:on;contacts:55:14.2:0.00:0.5:0.0:0:0:0:1;
2fd9eb18-4186-4df9-b4b8-c013142c16a2-0,END,2026/07/13 18:08:24.374,2026/07/13 18:08:24.435,,00:00:00.061,REALTIME_DATA_COLLECTOR,my_contact_profile,0,NOT_STOPPED,8838/9561,36.6,79.7,19.2,my_contact_profile:18:noData:36.6:0.3:0.2:on;my_contact_profile:16:16.9:0.00:0.1:0.2:0:0:0:1;
572d2515-9e42-4b9c-a36e-3b78685c0091-0,END,2026/07/13 18:08:24.086,2026/07/13 18:08:24.092,,00:00:00.006,DATA_OBSERVER,my_contact_profile,0,NOT_STOPPED,8838/9844,36.6,79.2,0.0,
f5e67bf9-07c1-45bb-a627-f74752bf7567-0,END,2026/07/13 18:08:24.086,2026/07/13 18:08:24.092,,00:00:00.006,DATA_OBSERVER,contacts,0,NOT_STOPPED,8838/9246,36.6,79.2,0.0,
9f1183c7-170e-427b-9b27-76c475ec476d-0,END,2026/07/13 18:08:14.341,2026/07/13 18:08:14.344,,00:00:00.003,DATA_OBSERVER,contacts,0,NOT_STOPPED,8838/9245,36.6,78.6,0.0,
0a3bf428-356a-4adc-bb12-7fda7bd1d01b-0,END,2026/07/13 18:08:14.330,2026/07/13 18:08:14.339,,00:00:00.009,DATA_OBSERVER,my_contact_profile,0,NOT_STOPPED,8838/9561,36.6,78.4,0.0,
17d2e6c3-cad7-4888-80d9-46a01e28dc35-0,END,2026/07/13 18:03:43.673,2026/07/13 18:03:43.889,,00:00:00.216,REALTIME_DATA_COLLECTOR,contacts,0,NOT_STOPPED,8838/9245,38.9,78.8,24.1,contacts:60:noData:38.9:0.6:0.2:on;contacts:57:17.7:0.00:0.3:0.2:0:0:0:1;
2ab3373b-586f-4964-8a2d-4eb707b68066-0,END,2026/07/13 18:03:43.605,2026/07/13 18:03:43.785,,00:00:00.180,REALTIME_DATA_COLLECTOR,my_contact_profile,0,NOT_STOPPED,8838/9246,38.9,81.7,20.9,my_contact_profile:13:noData:38.9:0.5:0.0:on;my_contact_profile:12:28.3:0.00:0.1:0.0:0:0:0:1;
5f06da20-6dbf-4a09-bf7d-374c320ce158-0,END,2026/07/13 18:03:43.644,2026/07/13 18:03:43.648,,00:00:00.004,DATA_OBSERVER,contacts,0,NOT_STOPPED,8838/9844,38.9,81.4,0.0,
159a06cd-04dd-4198-b0fd-f79b86fbe02e-0,END,2026/07/13 18:03:43.638,2026/07/13 18:03:43.648,,00:00:00.010,DATA_OBSERVER,my_contact_profile,0,NOT_STOPPED,8838/9561,38.9,81.4,0.0,
6bb84595-6878-4df2-bc2a-4d17789e50c8-0,END,2026/07/13 18:03:33.607,2026/07/13 18:03:33.614,,00:00:00.007,DATA_OBSERVER,contacts,0,NOT_STOPPED,8838/9561,38.9,81.3,0.0,
2d791a7e-148f-4bb1-9ded-23ed08468880-0,END,2026/07/13 18:03:33.560,2026/07/13 18:03:33.565,,00:00:00.005,DATA_OBSERVER,my_contact_profile,0,NOT_STOPPED,8838/9245,38.9,81.2,0.0,
21d12594-7eda-48fa-a8fb-72ffd50cae97-0,END,2026/07/13 18:03:22.789,2026/07/13 18:03:23.199,,00:00:00.410,REALTIME_DATA_COLLECTOR,contacts,0,NOT_STOPPED,8838/9245,38.7,81.0,15.5,contacts:234:noData:38.7:0.5:-3.3:on;contacts:228:10.4:0.00:0.5:-3.3:0:0:0:1;
9bc496d1-9986-4fe9-8af6-762416f61ae3-0,END,2026/07/13 18:03:22.789,2026/07/13 18:03:23.062,,00:00:00.273,REALTIME_DATA_COLLECTOR,my_contact_profile,0,NOT_STOPPED,8838/9561,38.7,80.0,18.2,my_contact_profile:45:noData:38.7:0.4:-3.2:on;my_contact_profile:39:6.9:0.00:0.2:-0.9:0:0:0:1;
72bb2c0f-fe84-462c-ac4c-d773b5599a11-0,END,2026/07/13 18:03:22.738,2026/07/13 18:03:22.750,,00:00:00.012,DATA_OBSERVER,my_contact_profile,0,NOT_STOPPED,8838/9246,38.7,78.2,10.8,
d6f3bd84-e26b-478f-a2ca-465a190b76c6-0,END,2026/07/13 18:03:22.737,2026/07/13 18:03:22.751,,00:00:00.014,DATA_OBSERVER,contacts,0,NOT_STOPPED,8838/9844,38.7,78.2,12.1,
3af8c81e-7cba-4f52-915b-e84a607348f5-0,END,2026/07/13 18:03:12.626,2026/07/13 18:03:12.690,,00:00:00.064,DATA_OBSERVER,contacts,0,NOT_STOPPED,8838/9245,38.5,75.2,5.6,
d3481121-d7e7-4646-bc0e-63fc9f83d275-0,END,2026/07/13 18:03:12.633,2026/07/13 18:03:12.692,,00:00:00.059,DATA_OBSERVER,my_contact_profile,0,NOT_STOPPED,8838/9561,38.5,75.5,5.9,
264ba858-adc8-4d84-81fd-45bd4d1ed536-0,END,2026/07/13 18:00:42.855,2026/07/13 18:00:45.705,,00:00:02.850,DAILY_ANALYTICS,,0,NOT_STOPPED,8838/9246,36.3,106.9,5.5,
a9b3e8e0-49ae-49c0-8345-e388afac0f58-0,END,2026/07/13 18:00:42.972,2026/07/13 18:00:44.796,,00:00:01.824,DAILY_COLLECTOR_ANALYTICS,,0,NOT_STOPPED,8838/9844,36.3,106.6,4.9,
72966754-b363-4634-a3ad-a0f92dceb87a-0,END,2026/07/13 18:00:44.202,2026/07/13 18:00:44.296,,00:00:00.094,SEARCH_INDEXING,,0,NOT_STOPPED,8838/9245,36.3,91.5,16.6,Not compliant
52b50b4e-deda-44af-bc1e-a6cef19faec5-0,END,2026/07/13 18:00:43.116,2026/07/13 18:00:44.092,,00:00:00.976,BATCH_DATA_COLLECTOR,,0,NOT_STOPPED,8838/9561,36.3,85.8,0.3,Not compliant
83b88c4d-0e86-485d-af3f-cfcb155cc648-0,END,2026/07/13 18:00:42.888,2026/07/13 18:00:44.082,,00:00:01.194,BATCH_ANALYSIS,,0,NOT_STOPPED,8838/9245,36.3,85.7,0.4,Not compliant
76e69478-4c3a-43d2-86ac-0b30c9ed1dce-0,END,2026/07/13 16:41:18.745,2026/07/13 16:41:18.800,,00:00:00.055,REALTIME_DATA_COLLECTOR,contacts,0,NOT_STOPPED,8838/9246,35.1,78.5,17.5,contacts:23:noData:35.1:0.5:0.0:on;contacts:22:12.3:0.00:0.3:-0.0:0:0:0:1;
3388e4fa-cba8-47cc-b7b4-27f51876fcf4-0,END,2026/07/13 16:41:18.728,2026/07/13 16:41:18.775,,00:00:00.047,REALTIME_DATA_COLLECTOR,my_contact_profile,0,NOT_STOPPED,8838/9844,35.1,78.2,17.7,my_contact_profile:6:noData:35.1:0.3:0.0:on;my_contact_profile:5:0.0:0.00:0.1:0.0:0:0:0:1;
955e650a-98bf-4d1f-952e-c75f135a0141-0,END,2026/07/13 16:41:08.713,2026/07/13 16:41:08.722,,00:00:00.009,DATA_OBSERVER,contacts,0,NOT_STOPPED,8838/9245,35.0,77.9,0.0,
63d123a6-5bdd-43c7-96ee-143c2fbc2221-0,END,2026/07/13 16:41:08.691,2026/07/13 16:41:08.696,,00:00:00.005,DATA_OBSERVER,my_contact_profile,0,NOT_STOPPED,8838/9246,35.0,77.8,0.0,
ae029f5b-cd5a-47c0-8129-d5f0c0dbbfb6-0,END,2026/07/13 16:41:08.579,2026/07/13 16:41:08.651,,00:00:00.072,REALTIME_DATA_COLLECTOR,contacts,0,NOT_STOPPED,8838/9245,35.0,77.7,17.2,contacts:40:noData:35.0:0.6:-0.1:on;contacts:38:14.7:0.00:0.4:-0.1:0:0:0:1;
e6baa354-de4d-4497-bba0-f126b21d1fdd-0,END,2026/07/13 16:41:08.580,2026/07/13 16:41:08.620,,00:00:00.040,REALTIME_DATA_COLLECTOR,my_contact_profile,0,NOT_STOPPED,8838/9561,35.0,77.5,20.0,my_contact_profile:9:noData:35.0:0.3:0.0:on;my_contact_profile:7:0.0:0.00:0.1:0.0:0:0:0:1;
00b536c1-d019-4db0-b24f-732aa6286452-0,END,2026/07/13 16:40:58.540,2026/07/13 16:40:58.550,,00:00:00.010,DATA_OBSERVER,my_contact_profile,0,NOT_STOPPED,8838/9844,35.1,77.1,9.0,
bebc2dfd-709a-4497-9846-936efed1af05-0,END,2026/07/13 16:40:58.540,2026/07/13 16:40:58.552,,00:00:00.012,DATA_OBSERVER,contacts,0,NOT_STOPPED,8838/9561,35.1,77.2,10.8,
bedc2a00-135a-4755-b639-afb41cdf2343-0,END,2026/07/13 16:40:58.299,2026/07/13 16:40:58.349,,00:00:00.050,REALTIME_DATA_COLLECTOR,contacts,0,NOT_STOPPED,8838/9246,35.1,76.9,17.8,contacts:23:noData:35.1:0.5:0.0:on;contacts:22:14.1:0.00:0.3:0.1:0:0:0:1;
ed5bf736-a430-464c-b084-d96485976882-0,END,2026/07/13 16:40:58.282,2026/07/13 16:40:58.319,,00:00:00.037,REALTIME_DATA_COLLECTOR,my_contact_profile,0,NOT_STOPPED,8838/9561,35.1,76.6,15.9,my_contact_profile:5:noData:35.1:0.2:-0.0:on;my_contact_profile:4:0.0:0.00:0.1:-0.1:0:0:0:1;
2ab9ded0-ba00-4250-a892-538126f44d43-0,END,2026/07/13 16:40:48.269,2026/07/13 16:40:48.271,,00:00:00.002,DATA_OBSERVER,contacts,0,NOT_STOPPED,8838/9844,35.2,76.2,0.0,
e4692694-f546-4cc5-b270-6ffaef19c89c-0,END,2026/07/13 16:40:48.252,2026/07/13 16:40:48.256,,00:00:00.004,DATA_OBSERVER,my_contact_profile,0,NOT_STOPPED,8838/9246,35.2,76.1,0.0,
7548c1e4-a4f3-461d-9f25-95403c74f6b8-0,END,2026/07/13 16:40:47.540,2026/07/13 16:40:47.588,,00:00:00.048,REALTIME_DATA_COLLECTOR,my_contact_profile,0,NOT_STOPPED,8838/9246,35.2,75.8,19.2,my_contact_profile:14:noData:35.2:0.5:0.0:on;my_contact_profile:13:16.2:0.00:0.3:0.0:0:0:0:1;
bc646a3b-69ee-4863-bcb2-2eb76b85f5c2-0,END,2026/07/13 16:40:47.541,2026/07/13 16:40:47.603,,00:00:00.062,REALTIME_DATA_COLLECTOR,contacts,0,NOT_STOPPED,8838/9245,35.2,75.9,17.6,contacts:29:noData:35.2:0.5:0.0:on;contacts:28:14.6:0.00:0.4:0.0:0:0:0:1;
3275dadc-cf55-45d6-b521-510766cc47ac-0,END,2026/07/13 16:40:37.508,2026/07/13 16:40:37.514,,00:00:00.006,DATA_OBSERVER,my_contact_profile,0,NOT_STOPPED,8838/9561,35.2,75.2,0.0,
29bd20d3-8b3f-4414-83c4-f7c451a39708-0,END,2026/07/13 16:40:37.509,2026/07/13 16:40:37.514,,00:00:00.005,DATA_OBSERVER,contacts,0,NOT_STOPPED,8838/9245,35.2,75.2,0.0,
ddfc9a42-0f13-47c3-a921-d07b18ee4e84-0,END,2026/07/13 16:40:37.219,2026/07/13 16:40:37.284,,00:00:00.065,REALTIME_DATA_COLLECTOR,contacts,0,NOT_STOPPED,8838/9561,35.2,75.0,17.5,contacts:28:noData:35.2:0.5:0.0:on;contacts:28:15.0:0.00:0.3:0.1:0:0:0:1;
de21b1b1-0875-4c28-a65a-9220aa65842f-0,END,2026/07/13 16:40:37.223,2026/07/13 16:40:37.258,,00:00:00.035,REALTIME_DATA_COLLECTOR,my_contact_profile,0,NOT_STOPPED,8838/9246,35.2,74.8,21.7,my_contact_profile:6:noData:35.2:0.3:0.1:on;my_contact_profile:6:0.0:0.00:0.2:0.1:0:0:0:1;
5a1764f6-50ce-42c4-8902-c6bc1204f2e7-0,END,2026/07/13 16:40:27.195,2026/07/13 16:40:27.197,,00:00:00.002,DATA_OBSERVER,contacts,0,NOT_STOPPED,8838/9245,35.2,74.3,0.0,
33dd5518-109c-4043-a41c-4c3e1ca4c4b7-0,END,2026/07/13 16:40:27.195,2026/07/13 16:40:27.197,,00:00:00.002,DATA_OBSERVER,my_contact_profile,0,NOT_STOPPED,8838/9246,35.2,74.3,0.0,
c39f3f32-de5d-46df-b08d-cd74d04f2d7c-0,END,2026/07/13 16:40:27.030,2026/07/13 16:40:27.091,,00:00:00.061,REALTIME_DATA_COLLECTOR,contacts,0,NOT_STOPPED,8838/9245,35.2,74.0,16.4,contacts:27:noData:35.2:0.6:0.0:on;contacts:24:17.1:0.00:0.4:0.0:0:0:0:1;
336276e9-477b-497d-addf-130f31f0b002-0,END,2026/07/13 16:40:27.042,2026/07/13 16:40:27.075,,00:00:00.033,REALTIME_DATA_COLLECTOR,my_contact_profile,0,NOT_STOPPED,8838/9844,35.2,73.9,19.1,my_contact_profile:5:noData:35.2:0.4:0.0:on;my_contact_profile:4:0.0:0.00:0.2:-0.0:0:0:0:1;
87ce4a9d-3d56-4bf4-9ede-5e7ff8abc298-0,END,2026/07/13 16:40:17.000,2026/07/13 16:40:17.005,,00:00:00.005,DATA_OBSERVER,my_contact_profile,0,NOT_STOPPED,8838/9561,35.1,73.3,0.0,
5cc54999-f891-4218-bca6-42950c0699b0-0,END,2026/07/13 16:40:17.000,2026/07/13 16:40:17.005,,00:00:00.005,DATA_OBSERVER,contacts,0,NOT_STOPPED,8838/9844,35.1,73.3,0.0,
0e6d9b5c-66d3-437c-9aea-153126cfe7de-0,END,2026/07/13 16:40:15.988,2026/07/13 16:40:16.064,,00:00:00.076,REALTIME_DATA_COLLECTOR,contacts,0,NOT_STOPPED,8838/9245,35.1,73.1,18.9,contacts:32:noData:35.1:0.6:0.0:on;contacts:31:15.5:0.00:0.3:-0.0:0:0:0:1;
2bf1e117-65d2-4184-a3db-51a6f8dae3b6-0,END,2026/07/13 16:40:15.988,2026/07/13 16:40:16.033,,00:00:00.045,REALTIME_DATA_COLLECTOR,my_contact_profile,0,NOT_STOPPED,8838/9844,35.1,72.8,20.9,my_contact_profile:11:noData:35.1:0.2:0.0:on;my_contact_profile:10:20.0:0.00:0.1:0.0:0:0:0:1;
ef48d083-684a-4718-b021-507e081fb6db-0,END,2026/07/13 16:40:05.950,2026/07/13 16:40:05.953,,00:00:00.003,DATA_OBSERVER,my_contact_profile,0,NOT_STOPPED,8838/9561,35.2,72.4,0.0,
6def848c-2768-4d74-babb-053739d52761-0,END,2026/07/13 16:40:05.945,2026/07/13 16:40:05.947,,00:00:00.002,DATA_OBSERVER,contacts,0,NOT_STOPPED,8838/9844,35.2,72.3,0.0,
02cc6d1c-d3d5-4886-ada7-e905c4cc0a19-0,END,2026/07/13 16:40:05.790,2026/07/13 16:40:05.917,,00:00:00.127,REALTIME_DATA_COLLECTOR,contacts,0,NOT_STOPPED,8838/9844,35.2,72.1,15.0,contacts:82:noData:35.2:0.9:0.0:on;contacts:82:13.0:0.00:0.4:0.0:0:0:0:1;
4bb1f5e0-7c70-4ee8-ab95-447ea91bb6ab-0,END,2026/07/13 16:40:05.790,2026/07/13 16:40:05.858,,00:00:00.068,REALTIME_DATA_COLLECTOR,my_contact_profile,0,NOT_STOPPED,8838/9561,35.2,71.9,17.6,my_contact_profile:23:noData:35.2:0.8:0.0:on;my_contact_profile:21:14.8:0.00:0.3:0.0:0:0:0:1;
e8438c7f-dfb9-4ce8-8eb8-94a8f1749981-0,END,2026/07/13 16:39:55.717,2026/07/13 16:39:55.731,,00:00:00.014,DATA_OBSERVER,my_contact_profile,0,NOT_STOPPED,8838/9246,35.0,92.8,20.7,
d16a3491-7bb5-4760-be41-f36ff5b89ddc-0,END,2026/07/13 16:39:55.723,2026/07/13 16:39:55.728,,00:00:00.005,DATA_OBSERVER,contacts,0,NOT_STOPPED,8838/9844,35.0,92.7,0.0,
edd625b7-2658-4086-ad5e-15f6354f7e97-0,END,2026/07/13 16:25:51.246,2026/07/13 16:25:51.358,,00:00:00.112,REALTIME_DATA_COLLECTOR,contacts,0,NOT_STOPPED,8838/9245,36.5,87.9,16.5,contacts:32:noData:36.5:0.5:0.0:on;contacts:31:5.5:0.00:0.3:-0.0:0:0:0:1;
b6b5c759-93a0-475c-9262-ccecf95e31b4-0,END,2026/07/13 16:25:51.246,2026/07/13 16:25:51.295,,00:00:00.049,REALTIME_DATA_COLLECTOR,my_contact_profile,0,NOT_STOPPED,8838/9561,36.5,87.5,21.0,my_contact_profile:9:noData:36.5:0.2:0.0:on;my_contact_profile:7:0.0:0.00:0.0:0.0:0:0:0:1;
402b9b4d-2935-4e1e-b727-9f9125501076-0,END,2026/07/13 16:25:41.196,2026/07/13 16:25:41.197,,00:00:00.001,DATA_OBSERVER,contacts,0,NOT_STOPPED,8838/9246,36.6,87.2,0.0,
1b8fb514-292d-433e-87db-c9a78e646495-0,END,2026/07/13 16:25:41.185,2026/07/13 16:25:41.189,,00:00:00.004,DATA_OBSERVER,my_contact_profile,0,NOT_STOPPED,8838/9844,36.6,87.1,0.0,
662217b9-1935-429e-ab00-cff2e38139e2-0,END,2026/07/13 16:25:31.309,2026/07/13 16:25:31.362,,00:00:00.053,REALTIME_DATA_COLLECTOR,contacts,0,NOT_STOPPED,8838/9844,36.6,86.9,19.6,contacts:27:noData:36.6:0.4:0.0:on;contacts:25:15.8:0.00:0.3:-0.0:0:0:0:1;
9f5f9f22-19fc-49eb-911b-41f918233302-0,END,2026/07/13 16:25:31.294,2026/07/13 16:25:31.336,,00:00:00.042,REALTIME_DATA_COLLECTOR,my_contact_profile,0,NOT_STOPPED,8838/9246,36.6,86.6,19.8,my_contact_profile:5:noData:36.6:0.2:0.0:on;my_contact_profile:4:0.0:0.00:0.1:0.0:0:0:0:1;
6fff9f02-842e-4023-a311-26f4581669c5-0,END,2026/07/13 16:25:31.005,2026/07/13 16:25:31.010,,00:00:00.005,DATA_OBSERVER,contacts,0,NOT_STOPPED,8838/9561,36.6,86.2,0.0,
0dd58e39-ed2b-4d83-8869-7ab933daea02-0,END,2026/07/13 16:25:31.005,2026/07/13 16:25:31.010,,00:00:00.005,DATA_OBSERVER,my_contact_profile,0,NOT_STOPPED,8838/9844,36.6,86.2,0.0,
e3b15406-54c9-4e56-abd6-b32d35b99bd6-0,END,2026/07/13 16:25:21.255,2026/07/13 16:25:21.259,,00:00:00.004,DATA_OBSERVER,my_contact_profile,0,NOT_STOPPED,8838/9561,36.7,85.9,0.0,
2455be5c-fe4a-45b2-8826-3cf21873f0d6-0,END,2026/07/13 16:25:21.258,2026/07/13 16:25:21.260,,00:00:00.002,DATA_OBSERVER,contacts,0,NOT_STOPPED,8838/9246,36.7,85.9,0.0,
5c23fad9-b1f5-470f-98ce-685f4cfebe6d-0,END,2026/07/13 16:25:20.328,2026/07/13 16:25:20.401,,00:00:00.073,REALTIME_DATA_COLLECTOR,contacts,0,NOT_STOPPED,8838/9245,36.7,85.7,16.4,contacts:37:noData:36.7:0.6:0.0:on;contacts:36:12.2:0.00:0.4:0.0:0:0:0:1;
039bb560-9d4a-44ff-8c04-0885c40b77b0-0,END,2026/07/13 16:25:20.327,2026/07/13 16:25:20.373,,00:00:00.046,REALTIME_DATA_COLLECTOR,my_contact_profile,0,NOT_STOPPED,8838/9246,36.7,85.4,18.7,my_contact_profile:10:noData:36.7:0.4:0.2:on;my_contact_profile:8:0.0:0.00:0.2:0.2:0:0:0:1;
ba9bb192-3d42-4087-bd94-779eda96436e-0,END,2026/07/13 16:25:16.096,2026/07/13 16:25:16.103,,00:00:00.007,DATA_OBSERVER,my_contact_profile,0,NOT_STOPPED,8838/9245,36.7,84.9,0.0,
b883adf8-925d-45a9-8883-255364e03466-0,END,2026/07/13 16:25:16.096,2026/07/13 16:25:16.103,,00:00:00.007,DATA_OBSERVER,contacts,0,NOT_STOPPED,8838/9844,36.7,84.9,0.0,
4878af7b-90c2-457c-be77-ab4cc8a06123-0,END,2026/07/13 16:25:10.294,2026/07/13 16:25:10.297,,00:00:00.003,DATA_OBSERVER,contacts,0,NOT_STOPPED,8838/9246,36.7,84.6,0.0,
40caca4c-a752-4c83-8d05-8804e61fc12e-0,END,2026/07/13 16:25:10.296,2026/07/13 16:25:10.297,,00:00:00.001,DATA_OBSERVER,my_contact_profile,0,NOT_STOPPED,8838/9561,36.7,84.6,0.0,
6a04a333-28e9-47b0-97b3-e9424a0acaec-0,END,2026/07/13 16:25:10.067,2026/07/13 16:25:10.139,,00:00:00.072,REALTIME_DATA_COLLECTOR,contacts,0,NOT_STOPPED,8838/9561,36.7,84.3,19.3,contacts:32:noData:36.7:0.5:0.0:on;contacts:30:17.4:0.00:0.3:0.1:0:0:0:1;
0cb62228-0250-4cef-adc9-68a50cb2ce63-0,END,2026/07/13 16:25:10.072,2026/07/13 16:25:10.110,,00:00:00.038,REALTIME_DATA_COLLECTOR,my_contact_profile,0,NOT_STOPPED,8838/9844,36.7,84.0,21.8,my_contact_profile:6:noData:36.7:0.2:0.1:on;my_contact_profile:6:0.0:0.00:0.1:0.1:0:0:0:1;
adf435b5-c85b-4947-aa9f-648374775ba9-0,END,2026/07/13 16:25:00.033,2026/07/13 16:25:00.035,,00:00:00.002,DATA_OBSERVER,my_contact_profile,0,NOT_STOPPED,8838/9246,36.7,83.5,0.0,
a1c796bb-f573-4b95-a450-6ee1f72b6d29-0,END,2026/07/13 16:25:00.032,2026/07/13 16:25:00.036,,00:00:00.004,DATA_OBSERVER,contacts,0,NOT_STOPPED,8838/9844,36.7,83.5,0.0,
00b3cedd-ec94-4943-84b3-cf96201efbe2-0,END,2026/07/13 16:24:59.592,2026/07/13 16:24:59.662,,00:00:00.070,REALTIME_DATA_COLLECTOR,contacts,0,NOT_STOPPED,8838/9844,36.7,83.3,13.6,contacts:38:noData:36.7:0.6:0.0:on;contacts:35:11.7:0.00:0.4:0.0:0:0:0:1;
e0914d2f-014e-4a2c-8478-0cd82ff6c4a4-0,END,2026/07/13 16:24:59.591,2026/07/13 16:24:59.635,,00:00:00.044,REALTIME_DATA_COLLECTOR,my_contact_profile,0,NOT_STOPPED,8838/9246,36.7,83.0,14.0,my_contact_profile:11:noData:36.7:0.4:0.1:on;my_contact_profile:10:8.0:0.00:0.2:0.1:0:0:0:1;
0033e92c-46ba-4984-812b-46ea8b8c9297-0,END,2026/07/13 16:24:49.434,2026/07/13 16:24:49.437,,00:00:00.003,DATA_OBSERVER,contacts,0,NOT_STOPPED,8838/9561,36.7,82.4,0.0,
237f0da0-3757-475a-b88e-c912ddd62ac2-0,END,2026/07/13 16:24:49.438,2026/07/13 16:24:49.439,,00:00:00.001,DATA_OBSERVER,my_contact_profile,0,NOT_STOPPED,8838/9844,36.7,82.4,0.0,
80b5095d-2d91-41e7-bfd2-9399a72f6182-0,END,2026/07/13 16:24:48.729,2026/07/13 16:24:48.800,,00:00:00.071,REALTIME_DATA_COLLECTOR,contacts,0,NOT_STOPPED,8838/9561,36.7,82.2,18.0,contacts:36:noData:36.7:0.5:0.0:on;contacts:35:15.7:0.00:0.4:0.0:0:0:0:1;
3ba1f467-5a29-441e-acb7-50c7c1ec49f7-0,END,2026/07/13 16:24:48.729,2026/07/13 16:24:48.775,,00:00:00.046,REALTIME_DATA_COLLECTOR,my_contact_profile,0,NOT_STOPPED,8838/9844,36.7,82.0,19.8,my_contact_profile:11:noData:36.7:0.3:0.0:on;my_contact_profile:9:0.0:0.00:0.2:0.0:0:0:0:1;
ec2cc35e-33c9-4b5d-8382-9e18168cef87-0,END,2026/07/13 16:24:38.688,2026/07/13 16:24:38.691,,00:00:00.003,DATA_OBSERVER,my_contact_profile,0,NOT_STOPPED,8838/9246,36.8,81.5,0.0,
3d2866e1-00e3-43ed-879c-5db3b938040c-0,END,2026/07/13 16:24:38.691,2026/07/13 16:24:38.693,,00:00:00.002,DATA_OBSERVER,contacts,0,NOT_STOPPED,8838/9844,36.8,81.5,0.0,
74d3457a-9ca6-42f4-98d6-da74d09dfb44-0,END,2026/07/13 16:24:38.266,2026/07/13 16:24:38.378,,00:00:00.112,REALTIME_DATA_COLLECTOR,contacts,0,NOT_STOPPED,8838/9246,36.8,81.2,16.8,contacts:70:noData:36.8:0.5:0.2:on;contacts:69:13.6:0.00:0.4:0.2:0:0:0:1;
e266fad5-6b89-4547-b062-7ed14474c652-0,END,2026/07/13 16:24:38.266,2026/07/13 16:24:38.323,,00:00:00.057,REALTIME_DATA_COLLECTOR,my_contact_profile,0,NOT_STOPPED,8838/9561,36.8,80.8,20.4,my_contact_profile:14:noData:36.8:0.2:0.1:on;my_contact_profile:12:20.0:0.00:0.1:0.1:0:0:0:1;
e9c48417-a1f3-4042-8dc3-2aaf035caab1-0,END,2026/07/13 16:24:28.229,2026/07/13 16:24:28.237,,00:00:00.008,DATA_OBSERVER,contacts,0,NOT_STOPPED,8838/9844,36.6,81.4,0.0,
bbe3c1cb-5cd4-4d04-afa2-bbc3b388125c-0,END,2026/07/13 16:24:28.228,2026/07/13 16:24:28.238,,00:00:00.010,DATA_OBSERVER,my_contact_profile,0,NOT_STOPPED,8838/9245,36.6,81.4,15.0,
01f28227-2f6a-4b18-af42-57c3ac066763-0,END,2026/07/13 16:22:46.261,2026/07/13 16:22:46.323,,00:00:00.062,REALTIME_DATA_COLLECTOR,contacts,0,NOT_STOPPED,8838/9246,35.6,85.8,17.9,contacts:28:noData:35.6:0.5:0.0:on;contacts:27:14.8:0.00:0.3:0.0:0:0:0:1;
ec9b0a2e-9993-4321-976c-e4a31cc8b3fc-0,END,2026/07/13 16:22:46.251,2026/07/13 16:22:46.323,,00:00:00.072,REALTIME_DATA_COLLECTOR,my_contact_profile,0,NOT_STOPPED,8838/9561,35.6,85.8,17.6,my_contact_profile:7:noData:35.6:0.5:0.0:on;my_contact_profile:6:0.0:0.00:0.1:0.0:0:0:0:1;
ea1565f1-01c6-4880-aaec-586a413039a0-0,END,2026/07/13 16:22:36.211,2026/07/13 16:22:36.222,,00:00:00.011,DATA_OBSERVER,contacts,0,NOT_STOPPED,8838/9246,35.4,96.5,16.4,
c4628bae-6b4e-4ae8-8970-20bcb079fb1c-0,END,2026/07/13 16:22:36.210,2026/07/13 16:22:36.222,,00:00:00.012,DATA_OBSERVER,my_contact_profile,0,NOT_STOPPED,8838/9844,35.4,96.5,14.2,
5acaeb3d-ae7b-41f2-ab05-27e450e650e4-0,END,2026/07/13 16:22:35.128,2026/07/13 16:22:35.212,,00:00:00.084,REALTIME_DATA_COLLECTOR,contacts,0,NOT_STOPPED,8838/9245,35.4,96.3,16.9,contacts:48:noData:35.4:0.5:-0.0:on;contacts:47:14.9:0.00:0.4:0.0:0:0:0:1;
f183a69d-071a-4d50-ae1d-65d02693dffd-0,END,2026/07/13 16:22:35.125,2026/07/13 16:22:35.177,,00:00:00.052,REALTIME_DATA_COLLECTOR,my_contact_profile,0,NOT_STOPPED,8838/9844,35.4,96.2,20.0,my_contact_profile:14:noData:35.4:0.4:0.0:on;my_contact_profile:12:19.2:0.00:0.2:0.1:0:0:0:1;
a93dd44c-c0db-4682-b055-504609dccf5d-0,END,2026/07/13 16:22:25.088,2026/07/13 16:22:25.092,,00:00:00.004,DATA_OBSERVER,my_contact_profile,0,NOT_STOPPED,8838/9561,35.4,95.5,0.0,
2cd60d55-ce3f-4d61-971b-961d0200737c-0,END,2026/07/13 16:22:25.100,2026/07/13 16:22:25.102,,00:00:00.002,DATA_OBSERVER,contacts,0,NOT_STOPPED,8838/9245,35.4,95.6,0.0,
076d61e8-ccb9-436d-859c-3b5ed24a596a-0,END,2026/07/13 16:22:24.949,2026/07/13 16:22:25.017,,00:00:00.068,REALTIME_DATA_COLLECTOR,my_contact_profile,0,NOT_STOPPED,8838/9246,35.4,95.3,19.7,my_contact_profile:3:noData:35.4:0.4:0.0:on;my_contact_profile:3:0.0:0.00:0.1:0.0:0:0:0:1;
d1c54f30-b5d3-43da-b503-454cd3315a58-0,END,2026/07/13 16:22:24.949,2026/07/13 16:22:25.012,,00:00:00.063,REALTIME_DATA_COLLECTOR,contacts,0,NOT_STOPPED,8838/9245,35.4,95.2,19.2,contacts:24:noData:35.4:0.4:0.0:on;contacts:23:15.7:0.00:0.2:-0.0:0:0:0:1;
0ad96fa7-e011-42bf-942d-d7ddfe6416af-0,END,2026/07/13 16:22:14.893,2026/07/13 16:22:14.901,,00:00:00.008,DATA_OBSERVER,my_contact_profile,0,NOT_STOPPED,8838/9561,35.4,94.6,0.0,
409cf00b-6981-45b5-8b55-5d5bfc3be603-0,END,2026/07/13 16:22:14.893,2026/07/13 16:22:14.902,,00:00:00.009,DATA_OBSERVER,contacts,0,NOT_STOPPED,8838/9844,35.4,94.6,0.0,
﻿210d0ef3-41ac-41ff-b2fc-6ac34cd25907-0,END,2026/07/13 16:22:13.867,2026/07/13 16:22:13.935,,00:00:00.068,REALTIME_DATA_COLLECTOR,contacts,0,NOT_STOPPED,8838/9844,35.4,94.3,19.1,contacts:27:noData:35.4:0.4:0.0:on;contacts:25:15.6:0.00:0.3:0.0:0:0:0:1;
62ab71dc-b0cb-4131-b4d5-1d14d09d53cd-0,END,2026/07/13 16:22:13.866,2026/07/13 16:22:13.937,,00:00:00.071,REALTIME_DATA_COLLECTOR,my_contact_profile,0,NOT_STOPPED,8838/9561,35.4,94.4,19.6,my_contact_profile:4:noData:35.4:0.5:0.0:on;my_contact_profile:3:0.0:0.00:0.1:0.0:0:0:0:1;
ca35358d-7605-4f19-b096-e0d801223150-0,END,2026/07/13 16:22:03.820,2026/07/13 16:22:03.824,,00:00:00.004,DATA_OBSERVER,my_contact_profile,0,NOT_STOPPED,8838/9245,35.4,93.6,0.0,
53cd9d33-88e2-43f4-a409-90037d28d05d-0,END,2026/07/13 16:22:03.825,2026/07/13 16:22:03.827,,00:00:00.002,DATA_OBSERVER,contacts,0,NOT_STOPPED,8838/9844,35.4,93.7,0.0,
b2771f6a-4cba-438a-a8b2-d76dd0ef4b62-0,END,2026/07/13 16:22:03.650,2026/07/13 16:22:03.765,,00:00:00.115,REALTIME_DATA_COLLECTOR,contacts,0,NOT_STOPPED,8838/9561,35.4,93.5,16.2,contacts:40:noData:35.4:0.5:0.0:on;contacts:39:6.9:0.00:0.3:0.1:0:0:0:1;
bb8ed570-efe9-4477-98fc-70c94160dbf3-0,END,2026/07/13 16:22:03.650,2026/07/13 16:22:03.698,,00:00:00.048,REALTIME_DATA_COLLECTOR,my_contact_profile,0,NOT_STOPPED,8838/9245,35.4,93.1,22.1,my_contact_profile:5:noData:35.4:0.2:-0.0:on;my_contact_profile:4:0.0:0.00:0.1:-0.0:0:0:0:1;
2bc54d54-8fdb-424b-9811-85d214b6698d-0,END,2026/07/13 16:21:53.601,2026/07/13 16:21:53.603,,00:00:00.002,DATA_OBSERVER,contacts,0,NOT_STOPPED,8838/9246,35.4,92.8,0.0,
007e2684-bdbb-41c1-9255-64bac3f7915d-0,END,2026/07/13 16:21:53.593,2026/07/13 16:21:53.603,,00:00:00.010,DATA_OBSERVER,my_contact_profile,0,NOT_STOPPED,8838/9844,35.4,92.8,14.0,
4a585479-2cf2-46e8-aefc-4637d1a79ad8-0,END,2026/07/13 16:21:52.756,2026/07/13 16:21:52.823,,00:00:00.067,REALTIME_DATA_COLLECTOR,contacts,0,NOT_STOPPED,8838/9561,35.4,92.5,18.1,contacts:24:noData:35.4:0.5:-0.1:on;contacts:23:17.0:0.00:0.4:-0.1:0:0:0:1;
953b85f9-bdf1-4cdf-abbc-0422ad2e7bf0-0,END,2026/07/13 16:21:52.756,2026/07/13 16:21:52.809,,00:00:00.053,REALTIME_DATA_COLLECTOR,my_contact_profile,0,NOT_STOPPED,8838/9844,35.4,92.4,19.4,my_contact_profile:10:noData:35.4:0.4:-0.1:on;my_contact_profile:8:0.0:0.00:0.3:-0.2:0:0:0:1;
f71df6c1-3700-4d8d-bd80-0b2e2d020784-0,END,2026/07/13 16:21:42.712,2026/07/13 16:21:42.717,,00:00:00.005,DATA_OBSERVER,my_contact_profile,0,NOT_STOPPED,8838/9245,35.5,91.8,0.0,
2774c64c-23ba-458b-8d84-c7257205a9c2-0,END,2026/07/13 16:21:42.717,2026/07/13 16:21:42.718,,00:00:00.001,DATA_OBSERVER,contacts,0,NOT_STOPPED,8838/9561,35.5,91.8,0.0,
4e1912f1-9086-4cd0-9270-70dea9f0f991-0,END,2026/07/13 16:21:42.452,2026/07/13 16:21:42.505,,00:00:00.053,REALTIME_DATA_COLLECTOR,my_contact_profile,0,NOT_STOPPED,8838/9561,35.5,91.5,20.9,my_contact_profile:12:noData:35.5:0.5:0.0:on;my_contact_profile:10:22.0:0.00:0.3:0.0:0:0:0:1;
79de44ab-25a2-4d44-bd86-e3c7b57f1552-0,END,2026/07/13 16:21:42.452,2026/07/13 16:21:42.518,,00:00:00.066,REALTIME_DATA_COLLECTOR,contacts,0,NOT_STOPPED,8838/9245,35.5,91.6,19.4,contacts:24:noData:35.5:0.6:0.0:on;contacts:24:17.9:0.00:0.5:0.0:0:0:0:1;
993b8df0-60ee-4ac3-90b4-7926ef721a5f-0,END,2026/07/13 16:21:32.412,2026/07/13 16:21:32.416,,00:00:00.004,DATA_OBSERVER,contacts,0,NOT_STOPPED,8838/9246,35.5,90.7,0.0,
9cc69282-f050-4edc-8810-d7a23c0d8c4e-0,END,2026/07/13 16:21:32.412,2026/07/13 16:21:32.415,,00:00:00.003,DATA_OBSERVER,my_contact_profile,0,NOT_STOPPED,8838/9844,35.5,90.7,0.0,
1c6afbf8-b7f3-4857-a462-9c5ff7ba0be9-0,END,2026/07/13 16:21:32.223,2026/07/13 16:21:32.298,,00:00:00.075,REALTIME_DATA_COLLECTOR,contacts,0,NOT_STOPPED,8838/9561,35.5,90.5,16.0,contacts:45:noData:35.5:0.5:0.0:on;contacts:43:14.0:0.00:0.4:0.0:0:0:0:1;
7b626113-e683-43c2-92c5-75d89e01a1c8-0,END,2026/07/13 16:21:32.220,2026/07/13 16:21:32.275,,00:00:00.055,REALTIME_DATA_COLLECTOR,my_contact_profile,0,NOT_STOPPED,8838/9844,35.5,90.4,17.1,my_contact_profile:5:noData:35.5:0.5:0.0:on;my_contact_profile:4:0.0:0.00:0.1:0.0:0:0:0:1;
2a143663-f809-48bd-ac7a-1bcc33cb1706-0,END,2026/07/13 16:21:22.196,2026/07/13 16:21:22.205,,00:00:00.009,DATA_OBSERVER,contacts,0,NOT_STOPPED,8838/9245,35.3,89.8,0.0,
724befcd-c961-4662-9fc8-91c31e75c4c4-0,END,2026/07/13 16:21:22.196,2026/07/13 16:21:22.202,,00:00:00.006,DATA_OBSERVER,my_contact_profile,0,NOT_STOPPED,8838/9561,35.3,89.8,0.0,
c81c521e-fcee-468f-93ed-ac52113b5553-0,END,2026/07/13 16:19:34.866,2026/07/13 16:19:34.926,,00:00:00.060,REALTIME_DATA_COLLECTOR,contacts,0,NOT_STOPPED,8838/9246,35.2,91.6,18.5,contacts:27:noData:35.2:0.5:0.0:on;contacts:26:15.8:0.00:0.4:0.0:0:0:0:1;
ccd047fe-99be-4d17-be81-28df2d5fd20d-0,END,2026/07/13 16:19:34.864,2026/07/13 16:19:34.923,,00:00:00.059,REALTIME_DATA_COLLECTOR,my_contact_profile,0,NOT_STOPPED,8838/9561,35.2,91.5,18.3,my_contact_profile:6:noData:35.2:0.5:0.0:on;my_contact_profile:5:0.0:0.00:0.1:0.0:0:0:0:1;
1c8ea27e-8dd7-4d91-aa2e-6478d7ab83a2-0,END,2026/07/13 16:19:24.831,2026/07/13 16:19:24.832,,00:00:00.001,DATA_OBSERVER,contacts,0,NOT_STOPPED,8838/9245,35.2,90.9,0.0,
38518071-ad51-4918-9fe6-75a3a3445e8a-0,END,2026/07/13 16:19:24.822,2026/07/13 16:19:24.826,,00:00:00.004,DATA_OBSERVER,my_contact_profile,0,NOT_STOPPED,8838/9246,35.2,90.8,0.0,
e785dd0f-ee06-48bf-88f9-dada83a0b8cb-0,END,2026/07/13 16:19:24.630,2026/07/13 16:19:24.699,,00:00:00.069,REALTIME_DATA_COLLECTOR,contacts,0,NOT_STOPPED,8838/9246,35.2,90.7,19.7,contacts:25:noData:35.2:0.6:0.0:on;contacts:23:19.1:0.00:0.4:0.0:0:0:0:1;
9a3a54c9-0cc9-4357-a8c2-623a5d3dbf14-0,END,2026/07/13 16:19:24.630,2026/07/13 16:19:24.679,,00:00:00.049,REALTIME_DATA_COLLECTOR,my_contact_profile,0,NOT_STOPPED,8838/9561,35.2,90.5,21.8,my_contact_profile:7:noData:35.2:0.3:-0.0:on;my_contact_profile:5:0.0:0.00:0.1:-0.0:0:0:0:1;
d7187e76-365b-43dd-8c84-903b068aab16-0,END,2026/07/13 16:19:14.589,2026/07/13 16:19:14.590,,00:00:00.001,DATA_OBSERVER,contacts,0,NOT_STOPPED,8838/9245,35.1,90.1,0.0,
e9dc995c-145a-4b9b-8ddc-00126219ba64-0,END,2026/07/13 16:19:14.584,2026/07/13 16:19:14.588,,00:00:00.004,DATA_OBSERVER,my_contact_profile,0,NOT_STOPPED,8838/9844,35.1,90.0,0.0,
01b3a7cb-17b2-4604-8e42-e4a469666b2c-0,END,2026/07/13 16:19:13.728,2026/07/13 16:19:13.767,,00:00:00.039,REALTIME_DATA_COLLECTOR,my_contact_profile,0,NOT_STOPPED,8838/9561,35.1,89.7,19.0,my_contact_profile:8:noData:35.1:0.4:0.0:on;my_contact_profile:7:0.0:0.00:0.3:-0.1:0:0:0:1;
93cef27e-366f-4d36-85c6-9471d5006880-0,END,2026/07/13 16:19:13.723,2026/07/13 16:19:13.784,,00:00:00.061,REALTIME_DATA_COLLECTOR,contacts,0,NOT_STOPPED,8838/9844,35.1,89.8,16.6,contacts:27:noData:35.1:0.7:0.0:on;contacts:26:15.4:0.00:0.5:0.0:0:0:0:1;
9b038588-17cb-46fe-ad39-992e008f7427-0,END,2026/07/13 16:19:05.647,2026/07/13 16:19:06.897,,00:00:01.250,REALTIME_ANALYSIS,contacts,0,NOT_STOPPED,8838/9245,35.0,89.1,8.9,
2b4c74e4-eb47-40c7-b7e1-0905dfada78b-0,END,2026/07/13 16:19:03.704,2026/07/13 16:19:03.706,,00:00:00.002,DATA_OBSERVER,contacts,0,NOT_STOPPED,8838/9561,35.0,92.8,0.0,
364016c7-0601-42ad-affd-c18cc45604aa-0,END,2026/07/13 16:19:03.699,2026/07/13 16:19:03.707,,00:00:00.008,DATA_OBSERVER,my_contact_profile,0,NOT_STOPPED,8838/9246,35.0,92.8,0.0,
6bf5b6f1-d610-43bc-b74f-4eed31db5b80-0,END,2026/07/13 16:19:03.493,2026/07/13 16:19:03.617,,00:00:00.124,REALTIME_DATA_COLLECTOR,contacts,0,NOT_STOPPED,8838/9245,35.0,92.5,14.8,contacts:66:success:35.0:0.7:-0.0:on;contacts:62:10.3:0.00:0.4:-0.1:1:0:0:1;
438096c4-5720-43cb-829c-01d55e2c4096-0,END,2026/07/13 16:19:03.500,2026/07/13 16:19:03.551,,00:00:00.051,REALTIME_DATA_COLLECTOR,my_contact_profile,0,NOT_STOPPED,8838/9561,35.0,91.4,21.4,my_contact_profile:4:noData:35.0:0.3:0.0:on;my_contact_profile:4:0.0:0.00:0.1:0.0:0:0:0:1;
ed01d3b8-9fe5-422f-9f10-8e12515219f8-0,END,2026/07/13 16:18:57.752,2026/07/13 16:18:57.764,,00:00:00.012,DATA_OBSERVER,contacts,0,NOT_STOPPED,8838/9844,35.0,91.0,6.7,
1230f3e3-15fd-4ab1-813f-257c12742d70-0,END,2026/07/13 16:18:56.968,2026/07/13 16:18:56.970,,00:00:00.002,DATA_OBSERVER,my_contact_profile,0,NOT_STOPPED,8838/9246,35.0,90.8,0.0,
915b1ca0-a10c-4bb8-b2cf-f86070142fd2-0,END,2026/07/13 16:18:53.427,2026/07/13 16:18:53.436,,00:00:00.009,DATA_OBSERVER,my_contact_profile,0,NOT_STOPPED,8838/9844,35.0,85.2,0.0,
ad33cd6a-9e03-4b87-a707-77644b332ab2-0,END,2026/07/13 16:18:53.438,2026/07/13 16:18:53.439,,00:00:00.001,DATA_OBSERVER,contacts,0,NOT_STOPPED,8838/9561,35.0,85.3,0.0,
f41a9dad-44ec-4437-a277-2b86b0078fbd-0,END,2026/07/13 16:18:52.567,2026/07/13 16:18:52.646,,00:00:00.079,REALTIME_DATA_COLLECTOR,contacts,0,NOT_STOPPED,8838/9245,35.0,85.0,18.1,contacts:36:noData:35.0:0.6:0.2:on;contacts:35:14.0:0.00:0.4:0.2:0:0:0:1;
804c1728-fd38-4e5e-ab7a-af6079eca63d-0,END,2026/07/13 16:18:52.567,2026/07/13 16:18:52.617,,00:00:00.050,REALTIME_DATA_COLLECTOR,my_contact_profile,0,NOT_STOPPED,8838/9246,35.0,84.8,22.2,my_contact_profile:8:noData:35.0:0.4:0.2:on;my_contact_profile:7:0.0:0.00:0.2:0.2:0:0:0:1;
1e3b6ea0-f32d-4b62-8ab9-252db4793905-0,END,2026/07/13 16:18:42.512,2026/07/13 16:18:42.518,,00:00:00.006,DATA_OBSERVER,my_contact_profile,0,NOT_STOPPED,8838/9561,35.1,84.2,0.0,
7306b495-6075-4d21-9b89-b769955e908e-0,END,2026/07/13 16:18:42.523,2026/07/13 16:18:42.524,,00:00:00.001,DATA_OBSERVER,contacts,0,NOT_STOPPED,8838/9844,35.1,84.3,0.0,
41458828-7a3a-4ff4-8506-dbbd049842ed-0,END,2026/07/13 16:18:42.315,2026/07/13 16:18:42.392,,00:00:00.077,REALTIME_DATA_COLLECTOR,contacts,0,NOT_STOPPED,8838/9844,35.1,84.0,17.5,contacts:34:noData:35.1:0.5:0.0:on;contacts:33:13.3:0.00:0.4:0.0:0:0:0:1;
e19414f8-0686-426d-84c6-35197b49f5ff-0,END,2026/07/13 16:18:42.315,2026/07/13 16:18:42.362,,00:00:00.047,REALTIME_DATA_COLLECTOR,my_contact_profile,0,NOT_STOPPED,8838/9561,35.1,83.8,21.7,my_contact_profile:5:noData:35.1:0.4:0.2:on;my_contact_profile:4:0.0:0.00:0.2:0.2:0:0:0:1;
34dd1da4-8c17-4196-8362-53ba38e5432c-0,END,2026/07/13 16:18:32.268,2026/07/13 16:18:32.273,,00:00:00.005,DATA_OBSERVER,my_contact_profile,0,NOT_STOPPED,8838/9245,35.2,83.2,0.0,
15af129a-6d1e-4cb4-bf22-e0e5e5b77665-0,END,2026/07/13 16:18:32.268,2026/07/13 16:18:32.273,,00:00:00.005,DATA_OBSERVER,contacts,0,NOT_STOPPED,8838/9246,35.2,83.2,0.0,
34d13572-a828-4322-a8f9-3ba30c3d0247-0,END,2026/07/13 16:18:31.435,2026/07/13 16:18:31.517,,00:00:00.082,REALTIME_DATA_COLLECTOR,contacts,0,NOT_STOPPED,8838/9246,35.2,83.0,16.6,contacts:46:noData:35.2:0.6:0.0:on;contacts:41:12.7:0.00:0.5:0.0:0:0:0:1;
137eb413-4e67-4a8c-a464-99e6324d63c3-0,END,2026/07/13 16:18:31.435,2026/07/13 16:18:31.484,,00:00:00.049,REALTIME_DATA_COLLECTOR,my_contact_profile,0,NOT_STOPPED,8838/9245,35.2,82.8,19.2,my_contact_profile:11:noData:35.2:0.4:0.1:on;my_contact_profile:10:16.0:0.00:0.3:0.1:0:0:0:1;
e094bf5d-dd49-4657-a824-4281b538e3c8-0,END,2026/07/13 16:18:21.401,2026/07/13 16:18:21.403,,00:00:00.002,DATA_OBSERVER,contacts,0,NOT_STOPPED,8838/9844,35.1,81.3,0.0,
707679db-cc7e-4ea1-9730-604e00239b5d-0,END,2026/07/13 16:18:21.402,2026/07/13 16:18:21.404,,00:00:00.002,DATA_OBSERVER,my_contact_profile,0,NOT_STOPPED,8838/9245,35.1,81.3,0.0,
41cb5045-86b9-417f-b671-296d8342141d-0,END,2026/07/13 16:18:21.148,2026/07/13 16:18:21.359,,00:00:00.211,REALTIME_DATA_COLLECTOR,contacts,0,NOT_STOPPED,8838/9561,35.1,81.1,8.6,contacts:149:noData:35.1:0.5:-0.1:on;contacts:147:4.2:0.00:0.4:-0.1:0:0:0:1;
d3cabbf0-6a75-40fe-bc46-9f1d79db6491-0,END,2026/07/13 16:18:21.148,2026/07/13 16:18:21.322,,00:00:00.174,REALTIME_DATA_COLLECTOR,my_contact_profile,0,NOT_STOPPED,8838/9844,35.1,80.8,7.8,my_contact_profile:112:noData:35.1:0.3:-0.0:on;my_contact_profile:110:1.5:0.00:0.2:-0.0:0:0:0:1;
b98051ed-edde-4bf8-b738-94721a0e0a26-0,END,2026/07/13 16:18:11.103,2026/07/13 16:18:11.112,,00:00:00.009,DATA_OBSERVER,contacts,0,NOT_STOPPED,8838/9246,34.7,80.4,0.0,
6c6defa0-5b36-4d80-aa80-74bb0f2c5fa5-0,END,2026/07/13 16:18:11.103,2026/07/13 16:18:11.110,,00:00:00.007,DATA_OBSERVER,my_contact_profile,0,NOT_STOPPED,8838/9844,34.7,80.4,0.0,
6782ffd6-0a9d-4eb9-8110-343a9433e15b-0,END,2026/07/13 16:14:43.242,2026/07/13 16:14:43.310,,00:00:00.068,REALTIME_DATA_COLLECTOR,contacts,0,NOT_STOPPED,8838/9844,35.2,80.5,19.0,contacts:26:noData:35.2:0.5:0.0:on;contacts:25:16.4:0.00:0.4:0.0:0:0:0:1;
798a0761-73b9-47cc-84b4-0997d9a85b5a-0,END,2026/07/13 16:14:43.243,2026/07/13 16:14:43.292,,00:00:00.049,REALTIME_DATA_COLLECTOR,my_contact_profile,0,NOT_STOPPED,8838/9246,35.2,80.3,21.0,my_contact_profile:9:noData:35.2:0.4:0.0:on;my_contact_profile:8:0.0:0.00:0.3:0.0:0:0:0:1;
8008dbfa-7c56-4af9-959e-cafd0fc2ea00-0,END,2026/07/13 16:14:33.183,2026/07/13 16:14:33.187,,00:00:00.004,DATA_OBSERVER,contacts,0,NOT_STOPPED,8838/9245,35.2,81.6,0.0,
09d7aca1-39f5-41e9-9539-870674ce9657-0,END,2026/07/13 16:14:33.183,2026/07/13 16:14:33.192,,00:00:00.009,DATA_OBSERVER,my_contact_profile,0,NOT_STOPPED,8838/9246,35.2,81.6,13.6,
0bb43206-99aa-4f63-82c5-75c8e6890e70-0,END,2026/07/13 16:14:32.685,2026/07/13 16:14:32.769,,00:00:00.084,REALTIME_DATA_COLLECTOR,contacts,0,NOT_STOPPED,8838/9561,35.2,81.4,18.1,contacts:23:noData:35.2:0.6:0.0:on;contacts:22:13.2:0.00:0.3:0.1:0:0:0:1;
3af61944-3188-408e-b6a7-384785662902-0,END,2026/07/13 16:14:32.686,2026/07/13 16:14:32.730,,00:00:00.044,REALTIME_DATA_COLLECTOR,my_contact_profile,0,NOT_STOPPED,8838/9844,35.2,81.1,20.0,my_contact_profile:7:noData:35.2:0.3:-0.0:on;my_contact_profile:6:0.0:0.00:0.1:-0.0:0:0:0:1;
40add8cb-62f7-4f73-ae5f-cc8fdf82c98b-0,END,2026/07/13 16:14:22.617,2026/07/13 16:14:22.622,,00:00:00.005,DATA_OBSERVER,contacts,0,NOT_STOPPED,8838/9245,35.2,80.6,0.0,
cfefb5c9-21dd-41a9-ac12-29e8d38d722f-0,END,2026/07/13 16:14:22.617,2026/07/13 16:14:22.621,,00:00:00.004,DATA_OBSERVER,my_contact_profile,0,NOT_STOPPED,8838/9844,35.2,80.7,0.0,
469aefb2-a647-49c1-af47-2593378d10c2-0,END,2026/07/13 16:14:22.006,2026/07/13 16:14:22.078,,00:00:00.072,REALTIME_DATA_COLLECTOR,contacts,0,NOT_STOPPED,8838/9561,35.2,80.4,19.0,contacts:29:noData:35.2:0.5:0.0:on;contacts:29:15.9:0.00:0.3:0.0:0:0:0:1;
753db6a8-bf8b-45fa-b2be-0b2ae95f0c61-0,END,2026/07/13 16:14:22.007,2026/07/13 16:14:22.053,,00:00:00.046,REALTIME_DATA_COLLECTOR,my_contact_profile,0,NOT_STOPPED,8838/9245,35.2,80.2,22.0,my_contact_profile:5:noData:35.2:0.4:0.2:on;my_contact_profile:5:0.0:0.00:0.2:0.2:0:0:0:1;
73016688-22ec-4d8b-8876-a2c77282dc9a-0,END,2026/07/13 16:14:11.968,2026/07/13 16:14:11.971,,00:00:00.003,DATA_OBSERVER,contacts,0,NOT_STOPPED,8838/9844,35.2,79.6,0.0,
a74f73e8-a307-45e5-ab51-6009593ac188-0,END,2026/07/13 16:14:11.968,2026/07/13 16:14:11.971,,00:00:00.003,DATA_OBSERVER,my_contact_profile,0,NOT_STOPPED,8838/9245,35.2,79.6,0.0,
1eb3fbc2-fed4-4935-9270-726ee6eaab14-0,END,2026/07/13 16:14:11.809,2026/07/13 16:14:11.884,,00:00:00.075,REALTIME_DATA_COLLECTOR,contacts,0,NOT_STOPPED,8838/9246,35.2,79.5,17.2,contacts:42:noData:35.2:0.5:0.2:on;contacts:40:14.3:0.00:0.3:0.2:0:0:0:1;
8e45f0cb-c326-4e61-8a75-818558b72f20-0,END,2026/07/13 16:14:11.810,2026/07/13 16:14:11.849,,00:00:00.039,REALTIME_DATA_COLLECTOR,my_contact_profile,0,NOT_STOPPED,8838/9245,35.2,79.2,20.8,my_contact_profile:7:noData:35.2:0.3:0.1:on;my_contact_profile:6:0.0:0.00:0.2:0.1:0:0:0:1;
0fb07054-19bf-4741-85f1-eda66147da76-0,END,2026/07/13 16:14:01.762,2026/07/13 16:14:01.767,,00:00:00.005,DATA_OBSERVER,contacts,0,NOT_STOPPED,8838/9844,35.2,78.7,0.0,
dac7faed-a429-4727-82f3-8f6545b00c89-0,END,2026/07/13 16:14:01.762,2026/07/13 16:14:01.766,,00:00:00.004,DATA_OBSERVER,my_contact_profile,0,NOT_STOPPED,8838/9245,35.2,78.7,0.0,
ea185874-e10c-403c-9155-43d67b5fc230-0,END,2026/07/13 16:14:01.620,2026/07/13 16:14:01.695,,00:00:00.075,REALTIME_DATA_COLLECTOR,contacts,0,NOT_STOPPED,8838/9561,35.2,78.5,17.2,contacts:37:noData:35.2:0.5:0.0:on;contacts:35:14.6:0.00:0.4:0.0:0:0:0:1;
04d8eb79-6b0b-49dc-b0bb-9848e6c33334-0,END,2026/07/13 16:14:01.620,2026/07/13 16:14:01.685,,00:00:00.065,REALTIME_DATA_COLLECTOR,my_contact_profile,0,NOT_STOPPED,8838/9844,35.2,78.4,18.0,my_contact_profile:4:noData:35.2:0.4:0.0:on;my_contact_profile:4:0.0:0.00:0.0:0.0:0:0:0:1;
dc5d7fc9-8d60-42e8-a182-6cd27186a983-0,END,2026/07/13 16:13:51.584,2026/07/13 16:13:51.588,,00:00:00.004,DATA_OBSERVER,contacts,0,NOT_STOPPED,8838/9246,35.3,77.8,0.0,
f602d5a4-3cf5-4d00-984d-1eccfc28835d-0,END,2026/07/13 16:13:51.584,2026/07/13 16:13:51.588,,00:00:00.004,DATA_OBSERVER,my_contact_profile,0,NOT_STOPPED,8838/9561,35.3,77.8,0.0,
f62ba302-7c5b-44fa-bd08-c632be46311d-0,END,2026/07/13 16:13:50.304,2026/07/13 16:13:50.364,,00:00:00.060,REALTIME_DATA_COLLECTOR,contacts,0,NOT_STOPPED,8838/9246,35.3,113.1,21.0,contacts:27:noData:35.3:0.6:0.0:on;contacts:26:23.5:0.00:0.4:0.0:0:0:0:1;
93131e68-4b46-4a6c-bfa8-61427730f490-0,END,2026/07/13 16:13:50.309,2026/07/13 16:13:50.347,,00:00:00.038,REALTIME_DATA_COLLECTOR,my_contact_profile,0,NOT_STOPPED,8838/9561,35.3,96.5,19.7,my_contact_profile:10:noData:35.3:0.4:0.0:on;my_contact_profile:7:0.0:0.00:0.2:0.0:0:0:0:1;
b0275e8f-e628-4e2e-a752-6c5b57e706de-0,END,2026/07/13 16:13:40.252,2026/07/13 16:13:40.259,,00:00:00.007,DATA_OBSERVER,contacts,0,NOT_STOPPED,8838/9245,35.4,94.8,0.0,
77390658-6cd9-4984-9572-dde429581caa-0,END,2026/07/13 16:13:40.253,2026/07/13 16:13:40.260,,00:00:00.007,DATA_OBSERVER,my_contact_profile,0,NOT_STOPPED,8838/9561,35.4,94.8,0.0,
80454bcb-6993-4fd2-af3b-edbb76929299-0,END,2026/07/13 16:13:29.979,2026/07/13 16:13:30.092,,00:00:00.113,REALTIME_DATA_COLLECTOR,contacts,0,NOT_STOPPED,8838/9844,35.4,94.4,18.8,contacts:74:noData:35.4:0.8:-0.0:on;contacts:72:18.9:0.00:0.7:-0.0:0:0:0:1;
7ac3e49e-7771-418d-b3a8-43a10036d016-0,END,2026/07/13 16:13:30.019,2026/07/13 16:13:30.023,,00:00:00.004,DATA_OBSERVER,contacts,0,NOT_STOPPED,8838/9561,35.4,93.3,0.0,
7d3debb2-69ed-49c4-92a6-f8d22096eb06-0,END,2026/07/13 16:13:29.970,2026/07/13 16:13:30.043,,00:00:00.073,REALTIME_DATA_COLLECTOR,my_contact_profile,0,NOT_STOPPED,8838/9245,35.4,93.6,18.4,my_contact_profile:24:noData:35.4:0.5:0.1:on;my_contact_profile:21:18.6:0.00:0.2:0.1:0:0:0:1;
c0c2b929-ed48-472b-8c10-902182722177-0,END,2026/07/13 16:13:30.026,2026/07/13 16:13:30.027,,00:00:00.001,DATA_OBSERVER,my_contact_profile,0,NOT_STOPPED,8838/9245,35.4,93.5,0.0,
49dbc03a-047f-4bb9-a938-4e0be7643e77-0,END,2026/07/13 16:13:19.943,2026/07/13 16:13:19.944,,00:00:00.001,DATA_OBSERVER,contacts,0,NOT_STOPPED,8838/9246,34.9,103.5,0.0,
9771ecd1-7a9d-4772-8114-52bd72add6ce-0,END,2026/07/13 16:13:19.922,2026/07/13 16:13:19.926,,00:00:00.004,DATA_OBSERVER,my_contact_profile,0,NOT_STOPPED,8838/9844,34.9,104.1,0.0,
254d852f-aea5-4daf-b4f0-8f497a28b5ff-0,END,2026/07/13 16:05:20.540,2026/07/13 16:05:20.872,,00:00:00.332,REALTIME_ANALYSIS,call_log,0,NOT_STOPPED,8838/9844,35.7,108.8,14.1,
25035844-d3c0-42aa-8769-a195191dd51d-0,END,2026/07/13 16:05:19.483,2026/07/13 16:05:20.857,,00:00:01.374,REALTIME_ANALYSIS,contacts,0,NOT_STOPPED,8838/9561,35.7,108.7,8.8,
744c60db-5e41-40d9-8364-10b9ee9281b1-0,END,2026/07/13 16:05:17.198,2026/07/13 16:05:18.519,,00:00:01.321,REALTIME_DATA_COLLECTOR,call_log,0,NOT_STOPPED,8838/9561,35.4,78.3,5.8,call_log:1287:success:35.4:-17.0:-0.5:on;call_log:1273:5.3:0.00:-17.2:-0.5:10:162:0:1;
e588c5f3-cf4d-48a8-b1c3-8b798f6eacaa-0,END,2026/07/13 16:05:17.234,2026/07/13 16:05:17.430,,00:00:00.196,REALTIME_DATA_COLLECTOR,contacts,0,NOT_STOPPED,8838/9245,35.4,74.2,15.7,contacts:139:success:35.4:-20.7:0.3:on;contacts:125:12.6:0.00:-21.2:-0.6:0:22:0:1;
cd9f5f3e-122a-49ba-89cc-a6b906e74594-0,END,2026/07/13 16:05:17.160,2026/07/13 16:05:17.260,,00:00:00.100,REALTIME_DATA_COLLECTOR,my_contact_profile,0,NOT_STOPPED,8838/9844,35.4,87.6,15.5,my_contact_profile:29:noData:35.4:0.2:0.4:on;my_contact_profile:28:17.5:0.00:0.1:0.3:0:0:0:1;
222eb969-24b4-4edd-a9c3-335898ce1e7b-0,END,2026/07/13 16:05:07.205,2026/07/13 16:05:07.210,,00:00:00.005,DATA_OBSERVER,contacts,0,NOT_STOPPED,8838/9246,35.5,86.0,0.0,
78f476c3-19dc-4c46-9eaf-90265f4c448d-0,END,2026/07/13 16:05:07.107,2026/07/13 16:05:07.121,,00:00:00.014,DATA_OBSERVER,call_log,0,NOT_STOPPED,8838/9245,35.5,84.5,7.9,
2f8cef6f-fea2-4188-bddd-0730f37e1f3a-0,END,2026/07/13 16:05:07.108,2026/07/13 16:05:07.122,,00:00:00.014,DATA_OBSERVER,my_contact_profile,0,NOT_STOPPED,8838/9561,35.5,83.6,8.6,
08292359-1ac8-44b3-b638-938987ba94f6-0,END,2026/07/13 15:33:26.715,2026/07/13 15:33:27.744,,00:00:01.029,REALTIME_ANALYSIS,contacts,0,NOT_STOPPED,8838/9245,39.7,123.5,7.2,
4a2e931a-42db-42e2-b1e2-7605e59b72ab-0,END,2026/07/13 15:33:23.935,2026/07/13 15:33:24.135,,00:00:00.200,REALTIME_DATA_COLLECTOR,contacts,0,NOT_STOPPED,8838/9246,39.7,62.8,7.3,contacts:155:success:39.7:0.8:0.3:on;contacts:144:5.1:0.00:0.6:0.3:0:1:0:1;
48f69503-827e-45bb-952f-03fb6c7ab943-0,END,2026/07/13 15:33:23.935,2026/07/13 15:33:24.019,,00:00:00.084,REALTIME_DATA_COLLECTOR,my_contact_profile,0,NOT_STOPPED,8838/9561,39.7,57.7,10.5,my_contact_profile:40:noData:39.7:0.4:0.0:on;my_contact_profile:37:5.1:0.00:0.2:0.1:0:0:0:1;
3d275815-0478-41ed-be06-98caf4b984b1-0,END,2026/07/13 15:33:23.380,2026/07/13 15:33:23.382,,00:00:00.002,DATA_OBSERVER,contacts,0,NOT_STOPPED,8838/9245,39.7,52.4,0.0,
7aca36f5-96b0-4d69-93b8-275e135514ee-0,END,2026/07/13 15:33:23.370,2026/07/13 15:33:23.372,,00:00:00.002,DATA_OBSERVER,my_contact_profile,0,NOT_STOPPED,8838/9246,39.7,52.3,0.0,
1e33a6bb-fa68-4929-839a-45fc537931fe-0,END,2026/07/13 15:33:17.776,2026/07/13 15:33:17.780,,00:00:00.004,DATA_OBSERVER,my_contact_profile,0,NOT_STOPPED,8838/9245,39.7,52.8,0.0,
e3326de1-a44b-4b9d-9eb1-84599fd68824-0,END,2026/07/13 15:33:17.754,2026/07/13 15:33:17.758,,00:00:00.004,DATA_OBSERVER,contacts,0,NOT_STOPPED,8838/9561,39.7,52.7,0.0,
﻿03db9db8-4be2-40ea-9371-8b5c71feac42-0,END,2026/07/13 15:33:13.548,2026/07/13 15:33:13.551,,00:00:00.003,DATA_OBSERVER,my_contact_profile,0,NOT_STOPPED,8838/9245,39.7,52.9,0.0,
5abb0f99-53b9-4a50-94df-90f44c9b9d10-0,END,2026/07/13 15:33:13.480,2026/07/13 15:33:13.523,,00:00:00.043,DATA_OBSERVER,contacts,0,NOT_STOPPED,8838/9246,39.7,52.9,4.4,
5795fa5a-9a6f-42ff-9432-a667a38673f7-0,END,2026/07/13 15:32:42.873,2026/07/13 15:32:42.886,,00:00:00.013,START_DATA_OBSERVER,,0,NOT_STOPPED,8838/9245,38.7,53.7,12.5,
948fd9ed-2894-43bc-8347-74f5aa56674f-0,END,2026/07/13 15:32:42.804,2026/07/13 15:32:42.810,,00:00:00.006,BOOT_COMPLETED,,0,NOT_STOPPED,8838/9246,38.7,50.9,0.0,
d83898fe-164d-411a-9a41-905d4a9da427-0,END,2026/07/13 15:32:23.613,2026/07/13 15:32:24.386,,00:00:00.773,START_DATA_OBSERVER,,0,NOT_STOPPED,8838/9245,36.3,82.9,1.2,
c59872ff-49c5-4d43-bd0f-5d00d8efab8f-0,END,2026/07/13 15:32:20.629,2026/07/13 15:32:21.921,,00:00:01.292,BOOT_COMPLETED,,0,NOT_STOPPED,8838/9246,36.3,86.9,1.4,
4a0e5fee-88d6-4ee5-baca-20ef65f5d2e7-0,END,2026/07/12 19:20:28.204,2026/07/12 19:20:28.244,,00:00:00.040,START_DATA_OBSERVER,,0,NOT_STOPPED,6834/7128,36.0,82.4,13.5,
6618687b-da92-43ee-b5ca-2451957d613e-0,END,2026/07/12 19:20:27.250,2026/07/12 19:20:27.961,,00:00:00.711,BOOT_COMPLETED,,0,NOT_STOPPED,6834/7129,36.0,78.1,5.2,
54095543-faf1-41c2-bdf0-3833fccb75b7-0,END,2026/07/12 00:12:56.839,2026/07/12 00:12:57.429,,00:00:00.590,REALTIME_ANALYSIS,call_log,0,NOT_STOPPED,10555/10854,30.0,61.3,9.7,
3164ce7b-8301-48c2-bfcc-b3c05bda1085-0,END,2026/07/12 00:12:54.275,2026/07/12 00:12:54.772,,00:00:00.497,REALTIME_DATA_COLLECTOR,call_log,0,NOT_STOPPED,10555/10884,30.0,55.5,10.2,call_log:366:success:30.0:-21.5:-0.5:on;call_log:356:6.8:0.00:-21.8:-0.5:1:0:0:1;
2e4b1eb1-3fba-45c1-9eb5-e255fc308885-0,END,2026/07/12 00:12:44.136,2026/07/12 00:12:44.161,,00:00:00.025,DATA_OBSERVER,call_log,0,NOT_STOPPED,10555/10855,29.9,71.5,6.4,
028e1daa-96e6-4163-a221-f6994566b5fd-0,END,2026/07/11 23:02:38.323,2026/07/11 23:02:38.688,,00:00:00.365,REALTIME_ANALYSIS,call_log,0,NOT_STOPPED,10555/10855,35.8,68.3,9.4,
90529608-edea-4a56-aa89-3c9e145a82f2-0,END,2026/07/11 23:02:36.094,2026/07/11 23:02:36.298,,00:00:00.204,REALTIME_DATA_COLLECTOR,call_log,0,NOT_STOPPED,10555/10884,35.8,61.4,15.0,call_log:110:success:35.8:1.9:0.4:on;call_log:99:8.9:0.00:1.2:0.3:1:0:0:1;
b79fc9c9-f73b-45cd-bc26-55a7028e58a2-0,END,2026/07/11 23:02:36.099,2026/07/11 23:02:36.196,,00:00:00.097,REALTIME_DATA_COLLECTOR,my_contact_profile,0,NOT_STOPPED,10555/10854,35.8,58.2,21.3,my_contact_profile:5:noData:35.8:0.7:0.0:on;my_contact_profile:4:0.0:0.00:0.0:0.1:0:0:0:1;
7865a236-2bc9-452b-9a2f-4cc78907cafd-0,END,2026/07/11 23:02:36.095,2026/07/11 23:02:36.162,,00:00:00.067,REALTIME_DATA_COLLECTOR,contacts,0,NOT_STOPPED,10555/10855,35.8,57.9,18.5,contacts:32:noData:35.8:0.6:0.0:on;contacts:31:19.4:0.00:0.3:0.0:0:0:0:1;
59851d60-e751-47ec-9dcb-40b419404a0d-0,END,2026/07/11 23:02:26.041,2026/07/11 23:02:26.042,,00:00:00.001,DATA_OBSERVER,my_contact_profile,0,NOT_STOPPED,10555/10883,35.4,59.7,0.0,
3c0dcf3c-48db-4d9d-8563-101736673753-0,END,2026/07/11 23:02:26.040,2026/07/11 23:02:26.042,,00:00:00.002,DATA_OBSERVER,contacts,0,NOT_STOPPED,10555/10855,35.4,59.7,0.0,
dcffd18a-86b3-46b7-9371-7ff37a6d7136-0,END,2026/07/11 23:02:26.032,2026/07/11 23:02:26.034,,00:00:00.002,DATA_OBSERVER,call_log,0,NOT_STOPPED,10555/10884,35.4,59.5,0.0,
b3e1f8a3-2f7c-4613-b435-80e0c04dbafb-0,END,2026/07/11 23:02:01.112,2026/07/11 23:02:01.232,,00:00:00.120,REALTIME_DATA_COLLECTOR,contacts,0,NOT_STOPPED,10555/10855,35.8,57.0,17.4,contacts:51:noData:35.8:0.5:0.0:on;contacts:48:14.7:0.00:0.4:0.0:0:0:0:1;
71e61403-222b-4a2d-a635-16f3af7e3def-0,END,2026/07/11 23:02:01.124,2026/07/11 23:02:01.196,,00:00:00.072,REALTIME_DATA_COLLECTOR,my_contact_profile,0,NOT_STOPPED,10555/10883,35.8,56.9,20.4,my_contact_profile:12:noData:35.8:0.4:0.0:on;my_contact_profile:11:15.0:0.00:0.2:0.1:0:0:0:1;
2725da8e-ef28-4aa7-a061-1fc5e1030d21-0,END,2026/07/11 23:01:51.068,2026/07/11 23:01:51.073,,00:00:00.005,DATA_OBSERVER,contacts,0,NOT_STOPPED,10555/10884,35.6,56.2,0.0,
5b2a5584-8e66-469a-9827-79dd69b6c062-0,END,2026/07/11 23:01:51.068,2026/07/11 23:01:51.073,,00:00:00.005,DATA_OBSERVER,my_contact_profile,0,NOT_STOPPED,10555/10883,35.6,56.2,0.0,
e009150d-98ae-493b-89b7-376e1ecfac36-0,END,2026/07/11 23:01:49.936,2026/07/11 23:01:50.053,,00:00:00.117,REALTIME_DATA_COLLECTOR,contacts,0,NOT_STOPPED,10555/10884,35.6,56.0,16.7,contacts:57:noData:35.6:0.5:0.0:on;contacts:56:13.2:0.00:0.3:0.0:0:0:0:1;
ac607416-a2dd-42d7-b333-f606075873b3-0,END,2026/07/11 23:01:49.939,2026/07/11 23:01:50.010,,00:00:00.071,REALTIME_DATA_COLLECTOR,my_contact_profile,0,NOT_STOPPED,10555/10883,35.6,55.8,19.1,my_contact_profile:14:noData:35.6:0.3:-0.0:on;my_contact_profile:12:19.2:0.00:0.2:0.0:0:0:0:1;
2579a8d8-82f1-4f1b-a4bc-057cd38ff1e0-0,END,2026/07/11 23:01:39.879,2026/07/11 23:01:39.886,,00:00:00.007,DATA_OBSERVER,my_contact_profile,0,NOT_STOPPED,10555/10883,35.5,55.3,0.0,
51039da2-c36f-42ad-b664-e23d298c629f-0,END,2026/07/11 23:01:39.879,2026/07/11 23:01:39.886,,00:00:00.007,DATA_OBSERVER,contacts,0,NOT_STOPPED,10555/10855,35.5,55.3,0.0,
7016fc95-742d-4df0-bf88-e18f478deaeb-0,END,2026/07/11 23:01:38.171,2026/07/11 23:01:38.256,,00:00:00.085,REALTIME_DATA_COLLECTOR,contacts,0,NOT_STOPPED,10555/10854,35.5,55.0,14.0,contacts:50:noData:35.5:0.7:0.2:on;contacts:50:11.6:0.00:0.5:0.2:0:0:0:1;
1c3e4827-565b-4390-aec2-48c3b34cedde-0,END,2026/07/11 23:01:38.165,2026/07/11 23:01:38.215,,00:00:00.050,REALTIME_DATA_COLLECTOR,my_contact_profile,0,NOT_STOPPED,10555/10883,35.5,54.7,16.4,my_contact_profile:9:noData:35.5:0.4:0.1:on;my_contact_profile:8:0.0:0.00:0.2:0.0:0:0:0:1;
2a231b8c-5e72-4621-a05a-1fd44cc38f8f-0,END,2026/07/11 23:01:28.135,2026/07/11 23:01:28.140,,00:00:00.005,DATA_OBSERVER,contacts,0,NOT_STOPPED,10555/10884,35.7,56.9,0.0,
bfbf27a6-0b30-4137-97d4-bd2d71b070a6-0,END,2026/07/11 23:01:28.134,2026/07/11 23:01:28.140,,00:00:00.006,DATA_OBSERVER,my_contact_profile,0,NOT_STOPPED,10555/10854,35.7,56.9,0.0,
2ff9436e-89fb-4ddf-8136-594dec5d2ca8-0,END,2026/07/11 23:01:16.883,2026/07/11 23:01:17.016,,00:00:00.133,REALTIME_DATA_COLLECTOR,contacts,0,NOT_STOPPED,10555/10883,35.9,56.9,18.6,contacts:71:noData:35.9:0.8:-0.1:on;contacts:70:15.6:0.00:0.5:-0.1:0:0:0:1;
37cace0e-c0f9-45fe-9cb1-deca05e6310b-0,END,2026/07/11 23:01:16.883,2026/07/11 23:01:17.009,,00:00:00.126,REALTIME_DATA_COLLECTOR,my_contact_profile,0,NOT_STOPPED,10555/10854,35.9,56.8,18.7,my_contact_profile:15:noData:35.9:0.8:-0.1:on;my_contact_profile:14:8.0:0.00:0.2:-0.1:0:0:0:1;
75245bda-230f-4e2b-a3df-84d3b1059b60-0,END,2026/07/11 23:01:16.928,2026/07/11 23:01:16.935,,00:00:00.007,DATA_OBSERVER,my_contact_profile,0,NOT_STOPPED,10555/10855,35.9,54.4,0.0,
8502ac9d-ae57-4481-a492-185e56b0cd45-0,END,2026/07/11 23:01:16.933,2026/07/11 23:01:16.934,,00:00:00.001,DATA_OBSERVER,contacts,0,NOT_STOPPED,10555/10884,35.9,54.4,0.0,
11429bf9-81f4-48e2-b2c0-8933ccc0646c-0,END,2026/07/11 23:01:06.819,2026/07/11 23:01:06.829,,00:00:00.010,DATA_OBSERVER,my_contact_profile,0,NOT_STOPPED,10555/10884,35.6,53.0,12.0,
18dda00e-daae-44de-a134-ffc42b644803-0,END,2026/07/11 23:01:06.819,2026/07/11 23:01:06.830,,00:00:00.011,DATA_OBSERVER,contacts,0,NOT_STOPPED,10555/10855,35.6,53.0,12.7,
d4ab017c-3fbe-4eeb-86aa-3b0948f25a8f-0,END,2026/07/11 21:56:31.062,2026/07/11 21:56:31.158,,00:00:00.096,REALTIME_DATA_COLLECTOR,contacts,0,NOT_STOPPED,10555/10855,32.6,65.7,17.7,contacts:24:noData:32.6:0.6:0.0:on;contacts:24:9.6:0.00:0.3:0.2:0:0:0:1;
a7350e79-e404-4cc3-9261-e3d1f87d77f3-0,END,2026/07/11 21:56:31.061,2026/07/11 21:56:31.114,,00:00:00.053,REALTIME_DATA_COLLECTOR,my_contact_profile,0,NOT_STOPPED,10555/10883,32.6,65.3,20.4,my_contact_profile:7:noData:32.6:0.3:-0.1:on;my_contact_profile:6:0.0:0.00:0.1:-0.1:0:0:0:1;
5379978c-3d2f-4964-8507-a7084eaa38e9-0,END,2026/07/11 21:56:21.012,2026/07/11 21:56:21.015,,00:00:00.003,DATA_OBSERVER,my_contact_profile,0,NOT_STOPPED,10555/10884,32.7,64.9,0.0,
b176a0a5-006d-465a-b6b7-17d13399ddf3-0,END,2026/07/11 21:56:21.012,2026/07/11 21:56:21.015,,00:00:00.003,DATA_OBSERVER,contacts,0,NOT_STOPPED,10555/10854,32.7,64.9,0.0,
41fccf07-1d52-4c83-b1a6-fff5760a96a2-0,END,2026/07/11 21:55:16.901,2026/07/11 21:55:16.970,,00:00:00.069,REALTIME_DATA_COLLECTOR,contacts,0,NOT_STOPPED,10555/10854,33.2,64.5,18.9,contacts:30:noData:33.2:0.6:0.0:on;contacts:30:15.2:0.00:0.3:0.2:0:0:0:1;
4c3d254f-42b1-4ce9-9f0e-cd1b160b339d-0,END,2026/07/11 21:55:16.900,2026/07/11 21:55:16.938,,00:00:00.038,REALTIME_DATA_COLLECTOR,my_contact_profile,0,NOT_STOPPED,10555/10855,33.2,64.1,21.3,my_contact_profile:6:noData:33.2:0.2:-0.1:on;my_contact_profile:5:0.0:0.00:0.1:-0.1:0:0:0:1;
b46fd14b-f71b-4c14-bbd8-a5ed8378a07d-0,END,2026/07/11 21:55:06.859,2026/07/11 21:55:06.867,,00:00:00.008,DATA_OBSERVER,contacts,0,NOT_STOPPED,10555/10884,33.4,63.8,0.0,
6a30fb29-b1b4-42b3-9316-e01be193d617-0,END,2026/07/11 21:55:06.860,2026/07/11 21:55:06.863,,00:00:00.003,DATA_OBSERVER,my_contact_profile,0,NOT_STOPPED,10555/10854,33.4,63.8,0.0,
1a0764e5-30ba-4ecb-9a1e-e9126cb3408a-0,END,2026/07/11 21:55:06.595,2026/07/11 21:55:06.693,,00:00:00.098,REALTIME_DATA_COLLECTOR,contacts,0,NOT_STOPPED,10555/10854,33.4,63.6,13.9,contacts:34:noData:33.4:0.6:0.0:on;contacts:33:8.2:0.00:0.3:0.0:0:0:0:1;
fadc282b-2954-4f8f-9b3c-31eacf26fcae-0,END,2026/07/11 21:55:06.611,2026/07/11 21:55:06.649,,00:00:00.038,REALTIME_DATA_COLLECTOR,my_contact_profile,0,NOT_STOPPED,10555/10883,33.4,63.3,20.3,my_contact_profile:5:noData:33.4:0.1:0.0:on;my_contact_profile:5:0.0:0.00:0.1:0.0:0:0:0:1;
c2d8eeb2-4d9e-4c63-86c9-ca9065d8dfb7-0,END,2026/07/11 21:54:56.569,2026/07/11 21:54:56.574,,00:00:00.005,DATA_OBSERVER,contacts,0,NOT_STOPPED,10555/10855,32.6,62.9,0.0,
6a145c95-9a65-4b7e-a915-7a5780108e7d-0,END,2026/07/11 21:54:56.569,2026/07/11 21:54:56.572,,00:00:00.003,DATA_OBSERVER,my_contact_profile,0,NOT_STOPPED,10555/10883,32.6,62.9,0.0,
831417b2-82e0-453d-b6c5-67595843dab0-0,END,2026/07/11 21:54:55.823,2026/07/11 21:54:55.916,,00:00:00.093,REALTIME_DATA_COLLECTOR,contacts,0,NOT_STOPPED,10555/10883,32.6,62.7,16.1,contacts:56:noData:32.6:0.6:0.0:on;contacts:55:14.5:0.00:0.5:0.0:0:0:0:1;
c7d39aa0-3096-496d-8be7-59675844a521-0,END,2026/07/11 21:54:55.817,2026/07/11 21:54:55.885,,00:00:00.068,REALTIME_DATA_COLLECTOR,my_contact_profile,0,NOT_STOPPED,10555/10855,32.6,62.4,17.5,my_contact_profile:9:noData:32.6:0.4:-0.0:on;my_contact_profile:8:0.0:0.00:0.0:-0.0:0:0:0:1;
8d385846-c583-4911-bd5e-f5f58b838a51-0,END,2026/07/11 21:54:45.776,2026/07/11 21:54:45.787,,00:00:00.011,DATA_OBSERVER,my_contact_profile,0,NOT_STOPPED,10555/10854,32.3,63.9,7.5,
6e382554-45fa-4562-9f13-4115b607d087-0,END,2026/07/11 21:54:45.788,2026/07/11 21:54:45.789,,00:00:00.001,DATA_OBSERVER,contacts,0,NOT_STOPPED,10555/10883,32.3,64.0,0.0,
9a96658f-bc62-44d3-9cda-74e9494c4932-0,END,2026/07/11 21:54:35.565,2026/07/11 21:54:35.697,,00:00:00.132,REALTIME_DATA_COLLECTOR,contacts,0,NOT_STOPPED,10555/10884,32.2,64.0,15.6,contacts:82:noData:32.2:0.9:0.0:on;contacts:82:14.0:0.00:0.5:0.0:0:0:0:1;
a2e14571-a31b-4f57-8c33-72273e5a9fd2-0,END,2026/07/11 21:54:35.563,2026/07/11 21:54:35.654,,00:00:00.091,REALTIME_DATA_COLLECTOR,my_contact_profile,0,NOT_STOPPED,10555/10855,32.2,63.1,18.2,my_contact_profile:8:noData:32.2:0.6:-0.0:on;my_contact_profile:7:0.0:0.00:0.0:0.1:0:0:0:1;
2b041c8d-44ee-48fd-8d10-c2486eadcf99-0,END,2026/07/11 21:54:35.570,2026/07/11 21:54:35.575,,00:00:00.005,DATA_OBSERVER,contacts,0,NOT_STOPPED,10555/10883,32.2,62.3,0.0,
e7045953-4fad-4868-ad06-b8a4a223462b-0,END,2026/07/11 21:54:35.570,2026/07/11 21:54:35.578,,00:00:00.008,DATA_OBSERVER,my_contact_profile,0,NOT_STOPPED,10555/10854,32.2,62.3,0.0,
2a127d02-3ef2-4cc3-8a65-14a0bbc0d41c-0,END,2026/07/11 21:54:25.537,2026/07/11 21:54:25.552,,00:00:00.015,DATA_OBSERVER,contacts,0,NOT_STOPPED,10555/10854,31.9,60.7,15.0,
ee3c6925-f88f-402f-a916-c7fdf3df02ad-0,END,2026/07/11 21:54:25.537,2026/07/11 21:54:25.550,,00:00:00.013,DATA_OBSERVER,my_contact_profile,0,NOT_STOPPED,10555/10884,31.9,59.7,13.8,
29970d4b-1ff2-478d-bdef-7d174cfb99df-0,END,2026/07/11 21:41:16.678,2026/07/11 21:41:16.766,,00:00:00.088,REALTIME_DATA_COLLECTOR,contacts,0,NOT_STOPPED,10555/10855,32.4,59.6,16.6,contacts:44:noData:32.4:0.4:0.0:on;contacts:43:13.3:0.00:0.3:0.0:0:0:0:1;
81997232-995b-49ed-b5cb-6da1bacec64c-0,END,2026/07/11 21:41:16.677,2026/07/11 21:41:16.737,,00:00:00.060,REALTIME_DATA_COLLECTOR,my_contact_profile,0,NOT_STOPPED,10555/10854,32.4,59.4,17.8,my_contact_profile:14:noData:32.4:0.3:0.0:on;my_contact_profile:13:11.4:0.00:0.2:0.0:0:0:0:1;
a69ec314-290c-42ea-8820-6deeff9fa1a6-0,END,2026/07/11 21:41:06.630,2026/07/11 21:41:06.640,,00:00:00.010,DATA_OBSERVER,my_contact_profile,0,NOT_STOPPED,10555/10883,32.4,59.0,13.6,
8766ea84-ce60-442e-b338-26fed18f0421-0,END,2026/07/11 21:41:06.631,2026/07/11 21:41:06.637,,00:00:00.006,DATA_OBSERVER,contacts,0,NOT_STOPPED,10555/10855,32.4,59.0,0.0,
3f97c51e-0137-41f4-ae40-9073a43d94fe-0,END,2026/07/11 21:39:48.169,2026/07/11 21:39:48.253,,00:00:00.084,REALTIME_DATA_COLLECTOR,contacts,0,NOT_STOPPED,10555/10883,32.9,58.8,16.0,contacts:53:noData:32.9:0.4:-0.1:on;contacts:52:13.3:0.00:0.3:-0.1:0:0:0:1;
cae6f76c-a852-4062-b231-d4a55866f55b-0,END,2026/07/11 21:39:48.165,2026/07/11 21:39:48.215,,00:00:00.050,REALTIME_DATA_COLLECTOR,my_contact_profile,0,NOT_STOPPED,10555/10884,32.9,58.7,18.4,my_contact_profile:14:noData:32.9:0.4:-0.1:on;my_contact_profile:13:14.6:0.00:0.2:-0.1:0:0:0:1;
ddb9ee84-65db-48b4-b704-70d7f920196f-0,END,2026/07/11 21:39:38.129,2026/07/11 21:39:38.133,,00:00:00.004,DATA_OBSERVER,my_contact_profile,0,NOT_STOPPED,10555/10854,32.9,58.2,0.0,
8a01fdc6-faf4-40e0-9425-47b45b0ccf88-0,END,2026/07/11 21:39:38.127,2026/07/11 21:39:38.133,,00:00:00.006,DATA_OBSERVER,contacts,0,NOT_STOPPED,10555/10883,32.9,58.2,0.0,
71077479-e42c-46ad-9ffa-3134d71462cd-0,END,2026/07/11 21:39:27.922,2026/07/11 21:39:27.994,,00:00:00.072,REALTIME_DATA_COLLECTOR,contacts,0,NOT_STOPPED,10555/10854,33.0,57.9,24.2,contacts:38:noData:33.0:0.7:0.2:on;contacts:37:21.6:0.00:0.4:0.2:0:0:0:1;
1682e71f-358f-4869-8e83-4cf03136ef23-0,END,2026/07/11 21:39:27.920,2026/07/11 21:39:27.979,,00:00:00.059,REALTIME_DATA_COLLECTOR,my_contact_profile,0,NOT_STOPPED,10555/10884,33.0,57.7,25.7,my_contact_profile:22:noData:33.0:0.6:0.2:on;my_contact_profile:21:24.3:0.00:0.3:0.2:0:0:0:1;
ab470f73-61bd-40cb-887d-3d327cef555e-0,END,2026/07/11 21:39:27.944,2026/07/11 21:39:27.954,,00:00:00.010,DATA_OBSERVER,my_contact_profile,0,NOT_STOPPED,10555/10883,33.0,57.3,37.3,
4ac98077-5a55-42ec-a0f4-4d37d11e2681-0,END,2026/07/11 21:39:27.944,2026/07/11 21:39:27.946,,00:00:00.002,DATA_OBSERVER,contacts,0,NOT_STOPPED,10555/10855,33.0,57.2,0.0,
8cc2f05d-bf08-4656-abc0-b88de66a644e-0,END,2026/07/11 21:39:17.882,2026/07/11 21:39:17.889,,00:00:00.007,DATA_OBSERVER,my_contact_profile,0,NOT_STOPPED,10555/10855,33.0,56.8,0.0,
9900cb59-d96b-419d-8f4e-7315e3f7b824-0,END,2026/07/11 21:39:17.883,2026/07/11 21:39:17.886,,00:00:00.003,DATA_OBSERVER,contacts,0,NOT_STOPPED,10555/10854,33.0,56.8,0.0,
0857eee0-38f0-43ef-8198-4f4bc0561383-0,END,2026/07/11 21:39:16.160,2026/07/11 21:39:16.230,,00:00:00.070,REALTIME_DATA_COLLECTOR,contacts,0,NOT_STOPPED,10555/10883,33.1,56.5,15.6,contacts:32:noData:33.1:0.6:-0.1:on;contacts:31:14.8:0.00:0.4:-0.1:0:0:0:1;
8747535d-1a1d-47ca-9c46-149d85b2c9b9-0,END,2026/07/11 21:39:16.180,2026/07/11 21:39:16.217,,00:00:00.037,REALTIME_DATA_COLLECTOR,my_contact_profile,0,NOT_STOPPED,10555/10854,33.1,56.4,19.4,my_contact_profile:5:noData:33.1:0.4:-0.1:on;my_contact_profile:4:0.0:0.00:0.1:-0.1:0:0:0:1;
26611714-bbf8-4748-8396-f7e83d47cd7a-0,END,2026/07/11 21:39:06.130,2026/07/11 21:39:06.133,,00:00:00.003,DATA_OBSERVER,contacts,0,NOT_STOPPED,10555/10855,33.2,55.9,0.0,
3006b9dc-b77d-4fb6-a7ac-a5c70d7371c6-0,END,2026/07/11 21:39:06.130,2026/07/11 21:39:06.135,,00:00:00.005,DATA_OBSERVER,my_contact_profile,0,NOT_STOPPED,10555/10854,33.2,55.9,0.0,
81161878-c14c-427e-a631-9fd7ce819bc9-0,END,2026/07/11 21:38:59.141,2026/07/11 21:38:59.301,,00:00:00.160,REALTIME_DATA_COLLECTOR,contacts,0,NOT_STOPPED,10555/10855,33.2,56.6,12.9,contacts:125:noData:33.2:0.6:-0.3:on;contacts:121:11.2:0.00:0.4:-0.3:0:0:0:1;
f373fdff-69ed-4cf0-aeff-329d0c4835de-0,END,2026/07/11 21:38:59.136,2026/07/11 21:38:59.220,,00:00:00.084,REALTIME_DATA_COLLECTOR,my_contact_profile,0,NOT_STOPPED,10555/10854,33.2,55.0,14.7,my_contact_profile:44:noData:33.2:0.4:-0.4:on;my_contact_profile:42:11.0:0.00:0.2:-0.4:0:0:0:1;
ec6b7bcc-15a2-49f6-b634-00559885439c-0,END,2026/07/11 21:38:55.906,2026/07/11 21:38:55.918,,00:00:00.012,DATA_OBSERVER,contacts,0,NOT_STOPPED,10555/10883,33.0,52.9,8.5,
9e670479-2499-449e-ad43-bacaf59fec6e-0,END,2026/07/11 21:38:55.905,2026/07/11 21:38:55.918,,00:00:00.013,DATA_OBSERVER,my_contact_profile,0,NOT_STOPPED,10555/10855,33.0,52.9,11.5,
d45de418-c444-41ab-8d53-14542e3b5685-0,END,2026/07/11 21:38:49.122,2026/07/11 21:38:49.124,,00:00:00.002,DATA_OBSERVER,contacts,0,NOT_STOPPED,10555/10854,33.0,52.3,0.0,
6ee173ca-4bf9-4ad6-a5dc-0920b902e07d-0,END,2026/07/11 21:38:49.082,2026/07/11 21:38:49.095,,00:00:00.013,DATA_OBSERVER,my_contact_profile,0,NOT_STOPPED,10555/10883,33.0,49.8,10.0,
c693a019-f661-4b5c-aa36-f7eaf1b64c61-0,END,2026/07/11 21:21:46.019,2026/07/11 21:21:47.072,,00:00:01.053,BATCH_DATA_COLLECTOR,,0,NOT_STOPPED,10555/10854,30.8,69.2,0.3,Not compliant
fde9ca09-778d-49a9-8794-aa3c30e86280-0,END,2026/07/11 20:30:34.624,2026/07/11 20:30:34.915,,00:00:00.291,REALTIME_ANALYSIS,call_log,0,NOT_STOPPED,10555/10883,34.8,69.3,11.6,
9df11bc5-8b80-4be5-93b6-cd38cbef2eed-0,END,2026/07/11 20:30:32.429,2026/07/11 20:30:32.594,,00:00:00.165,REALTIME_DATA_COLLECTOR,call_log,0,NOT_STOPPED,10555/10883,34.5,67.7,15.1,call_log:129:success:34.5:1.8:0.2:on;call_log:123:11.5:0.00:1.6:0.2:1:0:0:1;
dbbac13a-7a9f-42bf-8668-9adc1c328af6-0,END,2026/07/11 20:30:32.412,2026/07/11 20:30:32.536,,00:00:00.124,REALTIME_DATA_COLLECTOR,contacts,0,NOT_STOPPED,10555/10855,34.5,67.1,16.5,contacts:70:noData:34.5:1.6:0.2:on;contacts:68:12.9:0.00:1.4:0.2:0:0:0:1;
7d9e5244-cb6d-492e-9be8-d3cf5f90d970-0,END,2026/07/11 20:30:32.409,2026/07/11 20:30:32.481,,00:00:00.072,REALTIME_DATA_COLLECTOR,my_contact_profile,0,NOT_STOPPED,10555/10854,34.5,65.6,20.1,my_contact_profile:15:noData:34.5:0.5:-0.3:on;my_contact_profile:14:16.9:0.00:0.2:-0.3:0:0:0:1;
8ddb8f27-9adb-43eb-ba32-eae66163ad2e-0,END,2026/07/11 20:30:22.351,2026/07/11 20:30:22.356,,00:00:00.005,DATA_OBSERVER,my_contact_profile,0,NOT_STOPPED,10555/10884,34.7,64.6,0.0,
34a6255b-b1e6-45e6-a1ae-566e334f9e0e-0,END,2026/07/11 20:30:22.352,2026/07/11 20:30:22.356,,00:00:00.004,DATA_OBSERVER,contacts,0,NOT_STOPPED,10555/10855,34.7,64.6,0.0,
7d4c94ca-3154-4dfd-b662-77d7d8e7910e-0,END,2026/07/11 20:30:22.363,2026/07/11 20:30:22.366,,00:00:00.003,DATA_OBSERVER,call_log,0,NOT_STOPPED,10555/10883,34.7,64.7,0.0,
b8449d05-1f7d-4704-b1aa-b6ed25a48582-0,END,2026/07/11 20:22:10.208,2026/07/11 20:22:10.646,,00:00:00.438,REALTIME_ANALYSIS,call_log,0,NOT_STOPPED,10555/10884,36.3,68.6,8.3,
6b555c95-210b-49e9-a7fb-df31e6d7e252-0,END,2026/07/11 20:22:07.959,2026/07/11 20:22:08.174,,00:00:00.215,REALTIME_DATA_COLLECTOR,call_log,0,NOT_STOPPED,10555/10883,36.3,61.4,14.6,call_log:174:success:36.3:1.8:0.4:on;call_log:154:11.9:0.00:1.6:0.4:2:0:0:1;
30afcc36-79d1-4c69-9440-c5819094393a-0,END,2026/07/11 20:22:07.958,2026/07/11 20:22:08.067,,00:00:00.109,REALTIME_DATA_COLLECTOR,contacts,0,NOT_STOPPED,10555/10884,36.3,58.8,21.3,contacts:65:noData:36.3:1.6:0.4:on;contacts:64:17.1:0.00:1.4:0.5:0:0:0:1;
a68c4594-aac2-42b9-bd7d-135a2e4be549-0,END,2026/07/11 20:22:07.962,2026/07/11 20:22:08.027,,00:00:00.065,REALTIME_DATA_COLLECTOR,my_contact_profile,0,NOT_STOPPED,10555/10854,36.3,57.7,24.2,my_contact_profile:7:noData:36.3:0.5:0.2:on;my_contact_profile:6:0.0:0.00:0.1:-0.0:0:0:0:1;
7e686036-8fae-4d82-be52-5fb1609a1425-0,END,2026/07/11 20:21:57.775,2026/07/11 20:21:57.780,,00:00:00.005,DATA_OBSERVER,call_log,0,NOT_STOPPED,10555/10855,36.2,56.8,0.0,
9a864746-a74f-4b1d-9dbf-91dded0644da-0,END,2026/07/11 20:21:57.775,2026/07/11 20:21:57.780,,00:00:00.005,DATA_OBSERVER,my_contact_profile,0,NOT_STOPPED,10555/10854,36.2,56.6,0.0,
77d8481c-8ebe-497f-ba06-9bbfa785c536-0,END,2026/07/11 20:21:57.775,2026/07/11 20:21:57.782,,00:00:00.007,DATA_OBSERVER,contacts,0,NOT_STOPPED,10555/10883,36.2,56.8,0.0,
77723b58-354a-4c5d-a406-89665e450100-0,END,2026/07/11 20:21:29.044,2026/07/11 20:21:29.111,,00:00:00.067,REALTIME_DATA_COLLECTOR,contacts,0,NOT_STOPPED,10555/10883,35.9,56.8,17.8,contacts:30:noData:35.9:0.5:0.0:on;contacts:29:14.1:0.00:0.3:0.0:0:0:0:1;
594b9d9b-4715-4105-9ee9-e1a7766b1b1c-0,END,2026/07/11 20:21:29.044,2026/07/11 20:21:29.095,,00:00:00.051,REALTIME_DATA_COLLECTOR,my_contact_profile,0,NOT_STOPPED,10555/10855,35.9,56.7,19.8,my_contact_profile:14:noData:35.9:0.4:0.0:on;my_contact_profile:12:15.0:0.00:0.3:0.0:0:0:0:1;
ff6ba515-79dd-48dd-8b1a-22824c0283f9-0,END,2026/07/11 20:21:19.000,2026/07/11 20:21:19.003,,00:00:00.003,DATA_OBSERVER,contacts,0,NOT_STOPPED,10555/10884,36.0,56.2,0.0,
﻿f242103c-4c15-488d-9379-35a9f6208449-0,END,2026/07/11 20:21:19.000,2026/07/11 20:21:19.004,,00:00:00.004,DATA_OBSERVER,my_contact_profile,0,NOT_STOPPED,10555/10883,36.0,56.2,0.0,
d5c679b4-f2c5-4815-944d-3456c3ff1ff6-0,END,2026/07/11 20:21:07.993,2026/07/11 20:21:08.071,,00:00:00.078,REALTIME_DATA_COLLECTOR,contacts,0,NOT_STOPPED,10555/10883,36.1,56.6,8.9,contacts:33:noData:36.1:0.4:0.2:on;contacts:32:4.5:0.00:0.3:0.2:0:0:0:1;
b475249d-5cd3-46d2-943f-b08bb89ef848-0,END,2026/07/11 20:21:07.941,2026/07/11 20:21:07.987,,00:00:00.046,REALTIME_DATA_COLLECTOR,my_contact_profile,0,NOT_STOPPED,10555/10855,36.1,56.3,22.2,my_contact_profile:13:noData:36.1:0.3:-0.2:on;my_contact_profile:11:15.8:0.00:0.2:-0.2:0:0:0:1;
9c7c9fb9-641d-49b1-8e66-276fda6f5dd2-0,END,2026/07/11 20:21:07.928,2026/07/11 20:21:07.934,,00:00:00.006,DATA_OBSERVER,my_contact_profile,0,NOT_STOPPED,10555/10883,36.1,56.0,0.0,
b2ccf8e5-fba9-470f-bf13-776cf533747f-0,END,2026/07/11 20:21:07.928,2026/07/11 20:21:07.932,,00:00:00.004,DATA_OBSERVER,contacts,0,NOT_STOPPED,10555/10854,36.1,56.0,0.0,
3a9af42c-a883-464d-b63f-fbbb28066da2-0,END,2026/07/11 20:20:57.920,2026/07/11 20:20:57.924,,00:00:00.004,DATA_OBSERVER,contacts,0,NOT_STOPPED,10555/10884,36.1,55.6,0.0,
d3446da1-1082-40c8-85bb-f9df9adc7864-0,END,2026/07/11 20:20:57.920,2026/07/11 20:20:57.924,,00:00:00.004,DATA_OBSERVER,my_contact_profile,0,NOT_STOPPED,10555/10855,36.1,55.6,0.0,
e3145f2a-311e-4393-aae5-806c0e70c52b-0,END,2026/07/11 20:20:57.702,2026/07/11 20:20:57.758,,00:00:00.056,REALTIME_DATA_COLLECTOR,contacts,0,NOT_STOPPED,10555/10884,36.1,55.4,18.4,contacts:26:noData:36.1:0.6:0.2:on;contacts:25:15.6:0.00:0.4:0.2:0:0:0:1;
2523e0ca-9c67-4901-8c75-c2285b953398-0,END,2026/07/11 20:20:57.698,2026/07/11 20:20:57.741,,00:00:00.043,REALTIME_DATA_COLLECTOR,my_contact_profile,0,NOT_STOPPED,10555/10855,36.1,55.2,20.0,my_contact_profile:8:noData:36.1:0.4:0.2:on;my_contact_profile:7:0.0:0.00:0.2:0.2:0:0:0:1;
717ab628-c67b-4345-b8c7-86426b8ee1c2-0,END,2026/07/11 20:20:47.675,2026/07/11 20:20:47.679,,00:00:00.004,DATA_OBSERVER,my_contact_profile,0,NOT_STOPPED,10555/10854,36.3,54.5,0.0,
3eadc978-e4c2-44b0-866d-e5160f16bae6-0,END,2026/07/11 20:20:47.682,2026/07/11 20:20:47.684,,00:00:00.002,DATA_OBSERVER,contacts,0,NOT_STOPPED,10555/10884,36.3,54.6,0.0,
3acf74cd-161b-4d6d-9c25-ebf2cc3fe9a7-0,END,2026/07/11 20:20:37.745,2026/07/11 20:20:37.896,,00:00:00.151,REALTIME_DATA_COLLECTOR,contacts,0,NOT_STOPPED,10555/10883,36.4,54.3,12.8,contacts:115:noData:36.4:0.5:0.1:on;contacts:110:10.6:0.00:0.3:0.1:0:0:0:1;
e7043bd0-5305-4b88-b3c6-7d04d5124f4b-0,END,2026/07/11 20:20:37.742,2026/07/11 20:20:37.814,,00:00:00.072,REALTIME_DATA_COLLECTOR,my_contact_profile,0,NOT_STOPPED,10555/10854,36.4,53.0,15.2,my_contact_profile:32:noData:36.4:0.3:0.2:on;my_contact_profile:30:9.7:0.00:0.1:0.2:0:0:0:1;
12aa00f0-4ec6-478c-8602-a335c5ee7291-0,END,2026/07/11 20:20:37.548,2026/07/11 20:20:37.549,,00:00:00.001,DATA_OBSERVER,contacts,0,NOT_STOPPED,10555/10884,36.4,51.9,0.0,
7644f149-8146-4386-ad43-5a68f0f14a35-0,END,2026/07/11 20:20:37.524,2026/07/11 20:20:37.531,,00:00:00.007,DATA_OBSERVER,my_contact_profile,0,NOT_STOPPED,10555/10883,36.4,51.8,0.0,
85bb1f8f-adca-416e-b0aa-3906354e3ba0-0,END,2026/07/11 20:20:27.680,2026/07/11 20:20:27.703,,00:00:00.023,DATA_OBSERVER,my_contact_profile,0,NOT_STOPPED,10555/10854,36.1,50.1,9.5,
7efc92f1-fc3f-4a78-98d6-1ef5a35b0d7c-0,END,2026/07/11 20:20:27.680,2026/07/11 20:20:27.701,,00:00:00.021,DATA_OBSERVER,contacts,0,NOT_STOPPED,10555/10884,36.1,50.1,8.1,
e474a281-8e43-4327-916f-92396bf22404-0,END,2026/07/11 20:02:50.927,2026/07/11 20:02:51.092,,00:00:00.165,REALTIME_DATA_COLLECTOR,contacts,0,NOT_STOPPED,10555/10883,35.7,65.2,9.2,contacts:112:noData:35.7:0.6:0.2:on;contacts:111:7.5:0.00:0.4:0.1:0:0:0:1;
f41c2993-8f4a-4bc8-b550-55c7cca24cd0-0,END,2026/07/11 20:02:50.927,2026/07/11 20:02:51.041,,00:00:00.114,REALTIME_DATA_COLLECTOR,my_contact_profile,0,NOT_STOPPED,10555/10854,35.7,63.8,9.3,my_contact_profile:59:noData:35.7:0.4:0.1:on;my_contact_profile:57:6.4:0.00:0.2:0.1:0:0:0:1;
37cb5a01-220d-4f3f-8975-f4b19919caa7-0,END,2026/07/11 20:02:40.833,2026/07/11 20:02:40.850,,00:00:00.017,DATA_OBSERVER,my_contact_profile,0,NOT_STOPPED,10555/10884,34.9,59.1,11.3,
4a445dfe-afb4-4daa-a458-4a57cbf5970b-0,END,2026/07/11 20:02:40.834,2026/07/11 20:02:40.849,,00:00:00.015,DATA_OBSERVER,contacts,0,NOT_STOPPED,10555/10855,34.9,59.0,10.7,
62842b0f-c797-47c2-af91-f54fecb5ce16-0,END,2026/07/11 19:56:40.851,2026/07/11 19:56:40.912,,00:00:00.061,REALTIME_DATA_COLLECTOR,contacts,0,NOT_STOPPED,10555/10884,34.9,62.5,9.3,contacts:31:noData:34.9:0.4:0.2:on;contacts:29:4.3:0.00:0.3:0.2:0:0:0:1;
f1f1833f-fdfd-45eb-9099-6e01002d8700-0,END,2026/07/11 19:56:40.800,2026/07/11 19:56:40.834,,00:00:00.034,REALTIME_DATA_COLLECTOR,my_contact_profile,0,NOT_STOPPED,10555/10883,34.9,62.1,10.3,my_contact_profile:7:noData:34.9:0.2:-0.1:on;my_contact_profile:5:0.0:0.00:0.1:-0.1:0:0:0:1;
da3a9c04-284a-4610-bfa3-1ce6d4704841-0,END,2026/07/11 19:56:30.831,2026/07/11 19:56:30.836,,00:00:00.005,DATA_OBSERVER,contacts,0,NOT_STOPPED,10555/10855,34.7,64.9,0.0,
fbefb7b7-d867-4b78-9939-ca50441e3874-0,END,2026/07/11 19:56:30.784,2026/07/11 19:56:30.788,,00:00:00.004,DATA_OBSERVER,my_contact_profile,0,NOT_STOPPED,10555/10884,34.7,64.7,0.0,
eb73b264-d040-424f-9d2f-bbd8d7cd595c-0,END,2026/07/11 19:56:29.893,2026/07/11 19:56:29.983,,00:00:00.090,REALTIME_DATA_COLLECTOR,contacts,0,NOT_STOPPED,10555/10854,34.7,64.5,14.8,contacts:39:noData:34.7:0.5:0.0:on;contacts:38:6.8:0.00:0.3:0.2:0:0:0:1;
6333a8b0-56ad-47d0-aa6d-61fd950a3b34-0,END,2026/07/11 19:56:29.864,2026/07/11 19:56:29.910,,00:00:00.046,REALTIME_DATA_COLLECTOR,my_contact_profile,0,NOT_STOPPED,10555/10884,34.7,64.2,15.7,my_contact_profile:10:noData:34.7:0.2:-0.1:on;my_contact_profile:9:0.0:0.00:0.1:-0.1:0:0:0:1;
a1605fec-e30e-4fab-8719-f7027fb7b846-0,END,2026/07/11 19:56:19.881,2026/07/11 19:56:19.883,,00:00:00.002,DATA_OBSERVER,contacts,0,NOT_STOPPED,10555/10883,34.7,63.9,0.0,
8c09a7a9-5dd8-4985-a776-2196cf5136b5-0,END,2026/07/11 19:56:19.831,2026/07/11 19:56:19.835,,00:00:00.004,DATA_OBSERVER,my_contact_profile,0,NOT_STOPPED,10555/10855,34.7,63.7,0.0,
3c352ac2-ab08-4c98-a572-c937afbd5719-0,END,2026/07/11 19:56:19.628,2026/07/11 19:56:19.755,,00:00:00.127,REALTIME_DATA_COLLECTOR,contacts,0,NOT_STOPPED,10555/10854,34.7,63.6,12.7,contacts:95:noData:34.7:0.6:0.0:on;contacts:92:10.7:0.00:0.4:0.0:0:0:0:1;
7371ad58-1b63-42b2-83a1-d9111e85d890-0,END,2026/07/11 19:56:19.627,2026/07/11 19:56:19.700,,00:00:00.073,REALTIME_DATA_COLLECTOR,my_contact_profile,0,NOT_STOPPED,10555/10883,34.7,62.0,14.7,my_contact_profile:41:noData:34.7:0.4:0.0:on;my_contact_profile:39:10.5:0.00:0.2:0.0:0:0:0:1;
13376d87-e444-47ca-a277-9c70373ba77e-0,END,2026/07/11 19:56:09.585,2026/07/11 19:56:09.601,,00:00:00.016,DATA_OBSERVER,my_contact_profile,0,NOT_STOPPED,10555/10884,33.8,56.8,12.5,
f4dd0c77-a574-44e9-b7f0-84d6229a75df-0,END,2026/07/11 19:56:09.585,2026/07/11 19:56:09.602,,00:00:00.017,DATA_OBSERVER,contacts,0,NOT_STOPPED,10555/10854,33.8,57.2,12.8,
1c74666e-3c98-437b-840e-276d926f162d-0,END,2026/07/11 19:32:28.125,2026/07/11 19:32:28.173,,00:00:00.048,REALTIME_DATA_COLLECTOR,contacts,0,NOT_STOPPED,10555/10854,33.4,63.9,16.5,contacts:19:noData:33.4:0.5:0.0:on;contacts:18:11.7:0.00:0.3:0.2:0:0:0:1;
72122f81-93b9-4cb6-9ff0-9885ca0b808e-0,END,2026/07/11 19:32:28.109,2026/07/11 19:32:28.146,,00:00:00.037,REALTIME_DATA_COLLECTOR,my_contact_profile,0,NOT_STOPPED,10555/10883,33.4,63.6,14.9,my_contact_profile:7:noData:33.4:0.2:-0.1:on;my_contact_profile:7:0.0:0.00:0.1:-0.1:0:0:0:1;
a5be1d9d-8ab3-4bc3-a043-dcff6ae45680-0,END,2026/07/11 19:32:18.082,2026/07/11 19:32:18.088,,00:00:00.006,DATA_OBSERVER,my_contact_profile,0,NOT_STOPPED,10555/10884,33.3,66.8,0.0,
ae7eff62-5fed-40b3-acf7-0b2b9cac046f-0,END,2026/07/11 19:32:18.082,2026/07/11 19:32:18.089,,00:00:00.007,DATA_OBSERVER,contacts,0,NOT_STOPPED,10555/10854,33.3,66.8,0.0,
e1e102e6-f0f4-4d56-8f39-c2b3057f5fcd-0,END,2026/07/11 19:32:17.306,2026/07/11 19:32:17.355,,00:00:00.049,REALTIME_DATA_COLLECTOR,my_contact_profile,0,NOT_STOPPED,10555/10854,33.3,66.3,22.1,my_contact_profile:5:noData:33.3:0.3:-0.1:on;my_contact_profile:4:0.0:0.00:0.2:-0.1:0:0:0:1;
f1d9ea95-55d7-44e9-bc68-feb3721a7f8f-0,END,2026/07/11 19:32:17.306,2026/07/11 19:32:17.381,,00:00:00.075,REALTIME_DATA_COLLECTOR,contacts,0,NOT_STOPPED,10555/10884,33.3,66.6,19.2,contacts:31:noData:33.3:0.5:-0.1:on;contacts:29:17.0:0.00:0.3:0.0:0:0:0:1;
eb16bebb-36e6-41ea-bd38-572401e18282-0,END,2026/07/11 19:32:07.269,2026/07/11 19:32:07.274,,00:00:00.005,DATA_OBSERVER,contacts,0,NOT_STOPPED,10555/10855,33.4,65.9,0.0,
808c60ac-4d72-471f-a193-1fb80998326d-0,END,2026/07/11 19:32:07.269,2026/07/11 19:32:07.275,,00:00:00.006,DATA_OBSERVER,my_contact_profile,0,NOT_STOPPED,10555/10883,33.4,65.9,0.0,
dac78fa3-a32b-443c-ae73-5e110c0b256a-0,END,2026/07/11 19:32:05.643,2026/07/11 19:32:05.709,,00:00:00.066,REALTIME_DATA_COLLECTOR,contacts,0,NOT_STOPPED,10555/10884,33.5,63.2,18.2,contacts:25:noData:33.5:0.6:0.2:on;contacts:24:15.4:0.00:0.4:0.2:0:0:0:1;
66df95b7-156d-429f-80c1-5d6c11ec3eef-0,END,2026/07/11 19:32:05.649,2026/07/11 19:32:05.694,,00:00:00.045,REALTIME_DATA_COLLECTOR,my_contact_profile,0,NOT_STOPPED,10555/10883,33.5,63.1,20.0,my_contact_profile:11:noData:33.5:0.4:0.2:on;my_contact_profile:9:20.0:0.00:0.3:0.2:0:0:0:1;
dcdac1b2-8a3f-448c-841b-8974d83fe967-0,END,2026/07/11 19:31:55.608,2026/07/11 19:31:55.612,,00:00:00.004,DATA_OBSERVER,contacts,0,NOT_STOPPED,10555/10854,33.6,62.4,0.0,
79dc6e33-3b9c-4a20-9fc5-131cc1ceecfa-0,END,2026/07/11 19:31:55.609,2026/07/11 19:31:55.612,,00:00:00.003,DATA_OBSERVER,my_contact_profile,0,NOT_STOPPED,10555/10883,33.6,62.4,0.0,
c9aab4b8-0ce0-4b4e-8766-8e8c5cd30270-0,END,2026/07/11 19:31:54.002,2026/07/11 19:31:54.068,,00:00:00.066,REALTIME_DATA_COLLECTOR,contacts,0,NOT_STOPPED,10555/10884,33.6,62.0,18.6,contacts:31:noData:33.6:0.4:0.0:on;contacts:30:16.0:0.00:0.3:0.0:0:0:0:1;
aca7a5f2-42c5-4461-ba3e-9a7d8c9fed26-0,END,2026/07/11 19:31:53.997,2026/07/11 19:31:54.044,,00:00:00.047,REALTIME_DATA_COLLECTOR,my_contact_profile,0,NOT_STOPPED,10555/10883,33.6,61.9,21.1,my_contact_profile:8:noData:33.6:0.3:0.0:on;my_contact_profile:7:0.0:0.00:0.1:0.0:0:0:0:1;
4dffa1df-0fda-429f-9d17-3a96e7b60c53-0,END,2026/07/11 19:31:48.354,2026/07/11 19:31:48.358,,00:00:00.004,DATA_OBSERVER,contacts,0,NOT_STOPPED,10555/10854,33.6,61.3,0.0,
b888cc06-6ad3-4107-8e87-1c4687683636-0,END,2026/07/11 19:31:48.354,2026/07/11 19:31:48.358,,00:00:00.004,DATA_OBSERVER,my_contact_profile,0,NOT_STOPPED,10555/10884,33.6,61.3,0.0,
b286ca6c-9ee5-4f4b-963e-8e718d6b7940-0,END,2026/07/11 19:31:43.952,2026/07/11 19:31:43.957,,00:00:00.005,DATA_OBSERVER,contacts,0,NOT_STOPPED,10555/10883,34.0,82.4,0.0,
f9507e33-173a-49e6-9c82-17d58d9dd83e-0,END,2026/07/11 19:31:43.952,2026/07/11 19:31:43.956,,00:00:00.004,DATA_OBSERVER,my_contact_profile,0,NOT_STOPPED,10555/10855,34.0,82.4,0.0,
fe5cba18-6143-4af4-b9df-075c37a4c80b-0,END,2026/07/11 19:31:28.492,2026/07/11 19:31:28.566,,00:00:00.074,REALTIME_DATA_COLLECTOR,contacts,0,NOT_STOPPED,10555/10855,33.9,82.2,19.1,contacts:26:noData:33.9:0.6:0.0:on;contacts:25:18.4:0.00:0.4:0.0:0:0:0:1;
933ebfe0-59d7-4420-8b03-21521b090903-0,END,2026/07/11 19:31:28.492,2026/07/11 19:31:28.546,,00:00:00.054,REALTIME_DATA_COLLECTOR,my_contact_profile,0,NOT_STOPPED,10555/10883,33.9,82.0,20.9,my_contact_profile:6:noData:33.9:0.4:0.0:on;my_contact_profile:5:0.0:0.00:0.2:-0.0:0:0:0:1;
c882d70b-d045-44da-8606-84ee8c383670-0,END,2026/07/11 19:31:18.456,2026/07/11 19:31:18.458,,00:00:00.002,DATA_OBSERVER,my_contact_profile,0,NOT_STOPPED,10555/10884,33.9,81.8,0.0,
7f54d240-dec8-4ca7-92ff-e315b6b6f3c9-0,END,2026/07/11 19:31:18.456,2026/07/11 19:31:18.459,,00:00:00.003,DATA_OBSERVER,contacts,0,NOT_STOPPED,10555/10854,33.9,81.8,0.0,
a9a506a2-aa49-4441-9d38-589cc900d547-0,END,2026/07/11 19:31:17.665,2026/07/11 19:31:17.732,,00:00:00.067,REALTIME_DATA_COLLECTOR,contacts,0,NOT_STOPPED,10555/10884,33.9,81.6,17.0,contacts:33:noData:33.9:0.6:-0.5:on;contacts:32:14.7:0.00:0.4:-0.5:0:0:0:1;
9b386337-8c62-4e04-8c9d-3ed5c10dbfec-0,END,2026/07/11 19:31:17.667,2026/07/11 19:31:17.705,,00:00:00.038,REALTIME_DATA_COLLECTOR,my_contact_profile,0,NOT_STOPPED,10555/10854,33.9,81.4,19.7,my_contact_profile:7:noData:33.9:0.3:-0.4:on;my_contact_profile:5:0.0:0.00:0.2:-0.4:0:0:0:1;
2a2d687a-b2e1-400c-ba4c-df51011ad112-0,END,2026/07/11 19:31:07.633,2026/07/11 19:31:07.638,,00:00:00.005,DATA_OBSERVER,my_contact_profile,0,NOT_STOPPED,10555/10855,33.7,81.1,0.0,
238a2cdb-317f-492d-b210-fccbbeaea3ba-0,END,2026/07/11 19:31:07.632,2026/07/11 19:31:07.637,,00:00:00.005,DATA_OBSERVER,contacts,0,NOT_STOPPED,10555/10854,33.7,81.1,0.0,
8817dfcd-05c3-4683-9e87-01ced3dc077f-0,END,2026/07/11 19:31:07.425,2026/07/11 19:31:07.501,,00:00:00.076,REALTIME_DATA_COLLECTOR,my_contact_profile,0,NOT_STOPPED,10555/10883,33.7,80.8,17.0,my_contact_profile:5:noData:33.7:0.5:0.0:on;my_contact_profile:4:0.0:0.00:0.1:0.0:0:0:0:1;
fa3de5c8-8a1c-4744-b9d0-622dc46f4b18-0,END,2026/07/11 19:31:07.440,2026/07/11 19:31:07.498,,00:00:00.058,REALTIME_DATA_COLLECTOR,contacts,0,NOT_STOPPED,10555/10884,33.7,80.7,17.9,contacts:27:noData:33.7:0.4:0.0:on;contacts:24:14.6:0.00:0.3:0.1:0:0:0:1;
5607ec47-775c-4ee3-b95e-07e1177c629c-0,END,2026/07/11 19:31:01.949,2026/07/11 19:31:02.324,,00:00:00.375,REALTIME_ANALYSIS,call_log,0,NOT_STOPPED,10555/10855,33.3,80.4,8.4,
a09cca87-b675-4fbd-8431-301be097ef19-0,END,2026/07/11 19:30:59.676,2026/07/11 19:30:59.915,,00:00:00.239,REALTIME_DATA_COLLECTOR,call_log,0,NOT_STOPPED,10555/10855,33.3,73.4,5.7,call_log:203:success:33.3:1.2:0.5:on;call_log:184:4.4:0.00:1.0:0.5:1:0:0:1;
896a11cc-ca07-4908-b2d0-4ebe0f8a500c-0,END,2026/07/11 19:30:57.386,2026/07/11 19:30:57.391,,00:00:00.005,DATA_OBSERVER,contacts,0,NOT_STOPPED,10555/10884,33.3,69.3,0.0,
38a5e614-5d9a-4b7e-a39d-983c5cda1776-0,END,2026/07/11 19:30:57.387,2026/07/11 19:30:57.391,,00:00:00.004,DATA_OBSERVER,my_contact_profile,0,NOT_STOPPED,10555/10854,33.3,69.3,0.0,
216b2217-5b13-4967-8173-78910e9154c3-0,END,2026/07/11 19:30:53.340,2026/07/11 19:30:53.420,,00:00:00.080,REALTIME_DATA_COLLECTOR,contacts,0,NOT_STOPPED,10555/10854,33.2,69.3,14.6,contacts:34:noData:33.2:0.5:0.0:on;contacts:33:13.9:0.00:0.4:0.0:0:0:0:1;
3f09f12d-d81e-4431-83bb-53f7dc4457e1-0,END,2026/07/11 19:30:53.356,2026/07/11 19:30:53.401,,00:00:00.045,REALTIME_DATA_COLLECTOR,my_contact_profile,0,NOT_STOPPED,10555/10884,33.2,69.2,16.7,my_contact_profile:11:noData:33.2:0.4:0.0:on;my_contact_profile:7:0.0:0.00:0.1:0.0:0:0:0:1;
640f946b-ab74-4702-b49a-2100b1622893-0,END,2026/07/11 19:30:49.727,2026/07/11 19:30:49.737,,00:00:00.010,DATA_OBSERVER,my_contact_profile,0,NOT_STOPPED,10555/10855,33.2,68.4,18.0,
29e5472a-6a24-4bbf-b690-b8482d8a0ba1-0,END,2026/07/11 19:30:49.726,2026/07/11 19:30:49.729,,00:00:00.003,DATA_OBSERVER,contacts,0,NOT_STOPPED,10555/10884,33.2,68.4,0.0,
cd3509cd-a5a5-4477-9114-2466b430adaa-0,END,2026/07/11 19:30:49.621,2026/07/11 19:30:49.624,,00:00:00.003,DATA_OBSERVER,call_log,0,NOT_STOPPED,10555/10855,33.2,68.3,0.0,
2fac4d83-dd8a-4f23-a472-0536c5a2671a-0,END,2026/07/11 19:30:43.308,2026/07/11 19:30:43.311,,00:00:00.003,DATA_OBSERVER,my_contact_profile,0,NOT_STOPPED,10555/10884,33.3,68.2,0.0,
1a465738-593d-4231-8e02-80df260d9467-0,END,2026/07/11 19:30:43.303,2026/07/11 19:30:43.309,,00:00:00.006,DATA_OBSERVER,contacts,0,NOT_STOPPED,10555/10883,33.3,68.2,0.0,
492f82a1-6c20-4178-ae3a-1278dd378803-0,END,2026/07/11 19:30:33.116,2026/07/11 19:30:33.196,,00:00:00.080,REALTIME_DATA_COLLECTOR,contacts,0,NOT_STOPPED,10555/10883,33.4,68.0,17.8,contacts:41:noData:33.4:0.6:0.2:on;contacts:39:14.9:0.00:0.4:0.2:0:0:0:1;
0efe6e6d-3359-4cb4-b6ea-060deb029e67-0,END,2026/07/11 19:30:33.118,2026/07/11 19:30:33.167,,00:00:00.049,REALTIME_DATA_COLLECTOR,my_contact_profile,0,NOT_STOPPED,10555/10854,33.4,67.8,20.4,my_contact_profile:12:noData:33.4:0.4:0.2:on;my_contact_profile:11:19.1:0.00:0.2:0.2:0:0:0:1;
6a5e291d-17d0-4924-b595-5d401ffa370e-0,END,2026/07/11 19:30:23.065,2026/07/11 19:30:23.076,,00:00:00.011,DATA_OBSERVER,my_contact_profile,0,NOT_STOPPED,10555/10855,33.3,67.2,13.6,
b0262172-22fa-4d7b-a142-3a1bbdd43979-0,END,2026/07/11 19:30:23.065,2026/07/11 19:30:23.076,,00:00:00.011,DATA_OBSERVER,contacts,0,NOT_STOPPED,10555/10854,33.3,67.2,14.0,
816d7d03-a8f4-41b4-a905-997bcb60ac70-0,END,2026/07/11 19:30:21.863,2026/07/11 19:30:21.930,,00:00:00.067,REALTIME_DATA_COLLECTOR,contacts,0,NOT_STOPPED,10555/10854,33.3,67.0,18.8,contacts:35:noData:33.3:0.5:-0.1:on;contacts:35:14.9:0.00:0.4:0.0:0:0:0:1;
2d4e5beb-12c7-436e-a15f-2a221688c112-0,END,2026/07/11 19:30:21.852,2026/07/11 19:30:21.904,,00:00:00.052,REALTIME_DATA_COLLECTOR,my_contact_profile,0,NOT_STOPPED,10555/10883,33.3,66.8,21.5,my_contact_profile:15:noData:33.3:0.4:-0.0:on;my_contact_profile:14:26.4:0.00:0.2:-0.1:0:0:0:1;
c3c04e31-aa8d-42d7-bc50-6acad1940d92-0,END,2026/07/11 19:30:11.802,2026/07/11 19:30:11.809,,00:00:00.007,DATA_OBSERVER,my_contact_profile,0,NOT_STOPPED,10555/10854,33.5,66.1,0.0,
ec7441a5-995a-4af6-9b9a-d58dd914623d-0,END,2026/07/11 19:30:11.809,2026/07/11 19:30:11.811,,00:00:00.002,DATA_OBSERVER,contacts,0,NOT_STOPPED,10555/10884,33.5,66.1,0.0,
76928523-767b-4edb-83b8-3580bb856b14-0,END,2026/07/11 19:30:00.954,2026/07/11 19:30:01.010,,00:00:00.056,REALTIME_DATA_COLLECTOR,my_contact_profile,0,NOT_STOPPED,10555/10855,33.2,66.0,16.8,my_contact_profile:9:noData:33.2:0.2:-0.1:on;my_contact_profile:7:0.0:0.00:0.1:-0.1:0:0:0:1;
6ebcbcc6-fc18-4f4a-9a7f-3556d09df22c-0,END,2026/07/11 19:30:00.889,2026/07/11 19:30:00.981,,00:00:00.092,REALTIME_DATA_COLLECTOR,contacts,0,NOT_STOPPED,10555/10854,33.2,65.9,10.5,contacts:49:noData:33.2:0.4:0.2:on;contacts:46:10.6:0.00:0.3:0.2:0:0:0:1;
bda5f0ff-169f-45de-a780-0b0d9aa3cc34-0,END,2026/07/11 19:30:00.542,2026/07/11 19:30:00.547,,00:00:00.005,DATA_OBSERVER,contacts,0,NOT_STOPPED,10555/10884,33.2,65.3,0.0,
18ba01e8-79e8-4635-b211-ee7a95efdc4c-0,END,2026/07/11 19:30:00.541,2026/07/11 19:30:00.547,,00:00:00.006,DATA_OBSERVER,my_contact_profile,0,NOT_STOPPED,10555/10883,33.2,65.3,0.0,
4cbae679-93da-4ad3-af91-8dbe50515fe1-0,END,2026/07/11 19:29:50.863,2026/07/11 19:29:50.866,,00:00:00.003,DATA_OBSERVER,contacts,0,NOT_STOPPED,10555/10855,33.1,64.9,0.0,
66698ef9-a7ce-468f-bff9-d23b16dd26c5-0,END,2026/07/11 19:29:50.862,2026/07/11 19:29:50.867,,00:00:00.005,DATA_OBSERVER,my_contact_profile,0,NOT_STOPPED,10555/10884,33.1,64.9,0.0,
dff42671-61fa-4c0b-878f-019b773ec748-0,END,2026/07/11 19:29:49.283,2026/07/11 19:29:49.408,,00:00:00.125,REALTIME_DATA_COLLECTOR,contacts,0,NOT_STOPPED,10555/10884,33.1,64.6,10.2,contacts:94:noData:33.1:0.5:0.0:on;contacts:92:7.6:0.00:0.5:0.0:0:0:0:1;
0c86bdef-d4f4-4c34-91c0-dc738ec49e75-0,END,2026/07/11 19:29:49.281,2026/07/11 19:29:49.336,,00:00:00.055,REALTIME_DATA_COLLECTOR,my_contact_profile,0,NOT_STOPPED,10555/10854,33.1,62.9,15.1,my_contact_profile:23:noData:33.1:0.4:0.1:on;my_contact_profile:21:8.6:0.00:0.3:0.1:0:0:0:1;
535d4078-634c-4d97-a575-7c1e2a24440d-0,END,2026/07/11 19:29:46.953,2026/07/11 19:29:46.956,,00:00:00.003,DATA_OBSERVER,my_contact_profile,0,NOT_STOPPED,10555/10855,32.3,60.6,0.0,
4ce3ee83-39f9-4a0a-8143-ccb4223a6c0b-0,END,2026/07/11 19:29:46.953,2026/07/11 19:29:46.956,,00:00:00.003,DATA_OBSERVER,contacts,0,NOT_STOPPED,10555/10884,32.3,60.6,0.0,
70253c75-347f-4a58-8099-4b2797646b0e-0,END,2026/07/11 19:29:39.233,2026/07/11 19:29:39.254,,00:00:00.021,DATA_OBSERVER,my_contact_profile,0,NOT_STOPPED,10555/10854,32.3,57.9,7.6,
c926b2e8-985d-4e3c-8ee8-8937255782af-0,END,2026/07/11 19:29:39.232,2026/07/11 19:29:39.259,,00:00:00.027,DATA_OBSERVER,contacts,0,NOT_STOPPED,10555/10884,32.3,58.2,8.9,
eb44e6c5-0b9b-4eaa-97fc-fb9b2d4bef1e-0,END,2026/07/11 18:47:40.109,2026/07/11 18:47:40.192,,00:00:00.083,REALTIME_DATA_COLLECTOR,contacts,0,NOT_STOPPED,10555/10854,35.8,56.9,16.1,contacts:50:noData:35.8:0.5:0.2:on;contacts:46:13.0:0.00:0.3:0.2:0:0:0:1;
ae1dc7d4-79cb-4a23-ac6d-34750f9746c3-0,END,2026/07/11 18:47:40.105,2026/07/11 18:47:40.158,,00:00:00.053,REALTIME_DATA_COLLECTOR,my_contact_profile,0,NOT_STOPPED,10555/10884,35.8,56.7,18.3,my_contact_profile:17:noData:35.8:0.4:0.2:on;my_contact_profile:15:14.7:0.00:0.2:0.2:0:0:0:1;
ca566770-0f5a-4790-beb6-ae792c67f0f7-0,END,2026/07/11 18:47:30.066,2026/07/11 18:47:30.072,,00:00:00.006,DATA_OBSERVER,my_contact_profile,0,NOT_STOPPED,10555/10883,35.8,53.3,0.0,
b42a2942-6384-42a7-b4f0-9bc34e635b46-0,END,2026/07/11 18:47:30.059,2026/07/11 18:47:30.071,,00:00:00.012,DATA_OBSERVER,contacts,0,NOT_STOPPED,10555/10854,35.8,53.3,7.5,
25996dc8-43fc-4364-a6c7-54c19f7fb09d-0,END,2026/07/11 18:47:29.077,2026/07/11 18:47:29.135,,00:00:00.058,REALTIME_DATA_COLLECTOR,contacts,0,NOT_STOPPED,10555/10855,35.8,53.1,17.5,contacts:32:noData:35.8:0.4:0.0:on;contacts:31:14.0:0.00:0.3:0.0:0:0:0:1;
a4d6176b-4013-4301-8cd1-4df94c6182f9-0,END,2026/07/11 18:47:29.071,2026/07/11 18:47:29.116,,00:00:00.045,REALTIME_DATA_COLLECTOR,my_contact_profile,0,NOT_STOPPED,10555/10854,35.8,53.0,19.6,my_contact_profile:12:noData:35.8:0.3:0.0:on;my_contact_profile:11:15.5:0.00:0.2:0.0:0:0:0:1;
99580310-4200-437e-94a6-644d446447f7-0,END,2026/07/11 18:47:19.033,2026/07/11 18:47:19.038,,00:00:00.005,DATA_OBSERVER,contacts,0,NOT_STOPPED,10555/10884,35.5,52.3,0.0,
7b23e7e0-c759-421c-bed0-2ee0b2d4edac-0,END,2026/07/11 18:47:19.033,2026/07/11 18:47:19.038,,00:00:00.005,DATA_OBSERVER,my_contact_profile,0,NOT_STOPPED,10555/10855,35.5,52.4,0.0,
﻿fdc89031-1e49-4151-8bfd-efb8acc39f22-0,END,2026/07/11 18:47:08.893,2026/07/11 18:47:08.959,,00:00:00.066,REALTIME_DATA_COLLECTOR,contacts,0,NOT_STOPPED,10555/10884,35.1,52.0,17.6,contacts:36:noData:35.1:0.5:-0.1:on;contacts:34:14.3:0.00:0.4:-0.1:0:0:0:1;
901113a6-ef30-4afa-981d-a675a036cc34-0,END,2026/07/11 18:47:08.891,2026/07/11 18:47:08.946,,00:00:00.055,REALTIME_DATA_COLLECTOR,my_contact_profile,0,NOT_STOPPED,10555/10855,35.1,51.9,17.8,my_contact_profile:3:noData:35.1:0.5:-0.1:on;my_contact_profile:3:0.0:0.00:0.1:-0.1:0:0:0:1;
85107408-cc1a-4b7e-ba16-ce57b07c90c4-0,END,2026/07/11 18:46:58.848,2026/07/11 18:46:58.852,,00:00:00.004,DATA_OBSERVER,my_contact_profile,0,NOT_STOPPED,10555/10854,35.3,51.4,0.0,
84091cf8-f2c5-477a-ae51-67b76e9519cb-0,END,2026/07/11 18:46:58.856,2026/07/11 18:46:58.859,,00:00:00.003,DATA_OBSERVER,contacts,0,NOT_STOPPED,10555/10884,35.3,51.5,0.0,
d41a734f-57ea-4a60-a700-22dd13c6ba09-0,END,2026/07/11 18:46:57.886,2026/07/11 18:46:57.983,,00:00:00.097,REALTIME_DATA_COLLECTOR,contacts,0,NOT_STOPPED,10555/10854,34.8,51.2,15.1,contacts:54:noData:34.8:0.6:0.0:on;contacts:53:11.1:0.00:0.4:0.0:0:0:0:1;
09198dd0-7298-45f8-9aa2-fc242ccc9421-0,END,2026/07/11 18:46:57.885,2026/07/11 18:46:57.938,,00:00:00.053,REALTIME_DATA_COLLECTOR,my_contact_profile,0,NOT_STOPPED,10555/10855,34.8,51.0,20.6,my_contact_profile:11:noData:34.8:0.5:0.0:on;my_contact_profile:10:23.0:0.00:0.3:0.0:0:0:0:1;
f6a190aa-d6e9-4426-a79b-fca9d1cf3477-0,END,2026/07/11 18:46:47.841,2026/07/11 18:46:47.847,,00:00:00.006,DATA_OBSERVER,my_contact_profile,0,NOT_STOPPED,10555/10883,34.9,50.6,0.0,
9b86fa97-8840-40e6-925d-bb1d2cf3fd85-0,END,2026/07/11 18:46:47.845,2026/07/11 18:46:47.847,,00:00:00.002,DATA_OBSERVER,contacts,0,NOT_STOPPED,10555/10884,34.9,50.6,0.0,
50140521-6078-4091-9080-232e3da4ec65-0,END,2026/07/11 18:46:47.707,2026/07/11 18:46:47.755,,00:00:00.048,REALTIME_DATA_COLLECTOR,my_contact_profile,0,NOT_STOPPED,10555/10855,34.9,50.3,18.1,my_contact_profile:9:noData:34.9:0.7:0.0:on;my_contact_profile:8:0.0:0.00:0.2:-0.0:0:0:0:1;
995ff9bf-d48f-4230-9515-4563e50019ed-0,END,2026/07/11 18:46:47.711,2026/07/11 18:46:47.788,,00:00:00.077,REALTIME_DATA_COLLECTOR,contacts,0,NOT_STOPPED,10555/10883,34.9,50.5,14.3,contacts:43:noData:34.9:0.8:0.0:on;contacts:41:10.7:0.00:0.6:0.0:0:0:0:1;
0badd578-87da-44ff-a604-6b321a3bc2cf-0,END,2026/07/11 18:46:37.675,2026/07/11 18:46:37.678,,00:00:00.003,DATA_OBSERVER,contacts,0,NOT_STOPPED,10555/10884,34.9,71.8,0.0,
97c15512-9ded-4951-9b9a-f21f86e85751-0,END,2026/07/11 18:46:37.675,2026/07/11 18:46:37.678,,00:00:00.003,DATA_OBSERVER,my_contact_profile,0,NOT_STOPPED,10555/10883,34.9,71.8,0.0,
b6939cb3-c099-4722-95ca-757d0c1d900b-0,END,2026/07/11 18:46:37.071,2026/07/11 18:46:37.192,,00:00:00.121,REALTIME_DATA_COLLECTOR,contacts,0,NOT_STOPPED,10555/10883,34.9,70.6,15.8,contacts:50:noData:34.9:0.6:0.0:on;contacts:49:10.2:0.00:0.4:0.0:0:0:0:1;
fa8b2287-6827-4daf-a01c-dd7d7d040f00-0,END,2026/07/11 18:46:37.071,2026/07/11 18:46:37.156,,00:00:00.085,REALTIME_DATA_COLLECTOR,my_contact_profile,0,NOT_STOPPED,10555/10884,34.9,70.2,18.2,my_contact_profile:14:noData:34.9:0.3:0.0:on;my_contact_profile:13:10.0:0.00:0.2:0.0:0:0:0:1;
8e7168e3-1e95-4ecf-8926-1a4a86971dd4-0,END,2026/07/11 18:46:27.038,2026/07/11 18:46:27.039,,00:00:00.001,DATA_OBSERVER,my_contact_profile,0,NOT_STOPPED,10555/10854,34.1,72.0,0.0,
0c56b268-ed85-4599-9309-729f01ef67da-0,END,2026/07/11 18:46:27.035,2026/07/11 18:46:27.037,,00:00:00.002,DATA_OBSERVER,contacts,0,NOT_STOPPED,10555/10855,34.1,72.0,0.0,
b4147229-259c-4d80-9377-d72e69b2dbb1-0,END,2026/07/11 18:46:26.323,2026/07/11 18:46:26.516,,00:00:00.193,REALTIME_DATA_COLLECTOR,contacts,0,NOT_STOPPED,10555/10854,34.1,71.7,8.9,contacts:141:noData:34.1:0.6:0.0:on;contacts:138:5.8:0.00:0.4:0.0:0:0:0:1;
535b94f9-862f-46fe-9cce-260a1c3d8412-0,END,2026/07/11 18:46:26.331,2026/07/11 18:46:26.403,,00:00:00.072,REALTIME_DATA_COLLECTOR,my_contact_profile,0,NOT_STOPPED,10555/10855,34.1,70.7,14.4,my_contact_profile:27:noData:34.1:0.3:0.1:on;my_contact_profile:25:8.4:0.00:0.1:0.1:0:0:0:1;
2702aab9-5bb5-46cc-9e1a-330ca21b5fb9-0,END,2026/07/11 18:46:16.310,2026/07/11 18:46:16.312,,00:00:00.002,DATA_OBSERVER,my_contact_profile,0,NOT_STOPPED,10555/10884,33.1,69.9,0.0,
5cc0d7d5-4665-4da5-bc1a-00a1ff889efa-0,END,2026/07/11 18:46:16.278,2026/07/11 18:46:16.293,,00:00:00.015,DATA_OBSERVER,contacts,0,NOT_STOPPED,10555/10855,33.1,68.2,6.3,
9c064dad-a28e-4fad-a345-548bd175030c-0,END,2026/07/11 17:56:06.177,2026/07/11 17:56:06.261,,00:00:00.084,REALTIME_DATA_COLLECTOR,contacts,0,NOT_STOPPED,10555/10883,37.6,53.6,16.3,contacts:51:noData:37.6:0.5:0.2:on;contacts:48:13.5:0.00:0.3:0.1:0:0:0:1;
ccb34992-f0ff-4932-8166-4b03bda56f3c-0,END,2026/07/11 17:56:06.175,2026/07/11 17:56:06.218,,00:00:00.043,REALTIME_DATA_COLLECTOR,my_contact_profile,0,NOT_STOPPED,10555/10855,37.6,53.5,19.5,my_contact_profile:8:noData:37.6:0.3:0.2:on;my_contact_profile:7:0.0:0.00:0.2:0.2:0:0:0:1;
0e97151c-f236-4637-8d6d-10a634789b62-0,END,2026/07/11 17:55:56.095,2026/07/11 17:55:56.107,,00:00:00.012,DATA_OBSERVER,contacts,0,NOT_STOPPED,10555/10884,37.3,53.4,12.7,
3412e8fb-7fe3-4e44-83bb-d71482cc57fb-0,END,2026/07/11 17:55:56.095,2026/07/11 17:55:56.106,,00:00:00.011,DATA_OBSERVER,my_contact_profile,0,NOT_STOPPED,10555/10883,37.3,53.4,10.9,
31abed0c-012d-4e84-b5a9-212debf23a66-0,END,2026/07/11 17:55:35.128,2026/07/11 17:55:35.224,,00:00:00.096,REALTIME_DATA_COLLECTOR,contacts,0,NOT_STOPPED,10555/10854,37.5,53.2,17.1,contacts:28:noData:37.5:0.6:0.0:on;contacts:28:8.6:0.00:0.3:0.0:0:0:0:1;
28f1b724-7481-4380-aac0-6d08f02b2150-0,END,2026/07/11 17:55:35.128,2026/07/11 17:55:35.178,,00:00:00.050,REALTIME_DATA_COLLECTOR,my_contact_profile,0,NOT_STOPPED,10555/10855,37.5,52.8,19.6,my_contact_profile:8:noData:37.5:0.4:0.0:on;my_contact_profile:7:0.0:0.00:0.1:0.0:0:0:0:1;
c4cc9f79-5632-4e78-b3b3-eb15387310c9-0,END,2026/07/11 17:55:25.085,2026/07/11 17:55:25.090,,00:00:00.005,DATA_OBSERVER,my_contact_profile,0,NOT_STOPPED,10555/10884,37.6,52.4,0.0,
f477cc39-0c93-4833-b595-ff70a1542bd7-0,END,2026/07/11 17:55:25.085,2026/07/11 17:55:25.089,,00:00:00.004,DATA_OBSERVER,contacts,0,NOT_STOPPED,10555/10883,37.6,52.4,0.0,
dd613789-cee9-457b-802b-81c7d3dbecc3-0,END,2026/07/11 17:55:24.888,2026/07/11 17:55:24.957,,00:00:00.069,REALTIME_DATA_COLLECTOR,contacts,0,NOT_STOPPED,10555/10884,37.6,52.2,18.6,contacts:25:noData:37.6:0.5:-0.2:on;contacts:24:17.9:0.00:0.4:-0.1:0:0:0:1;
1409fcb1-356c-4de5-91ea-1c80beb73602-0,END,2026/07/11 17:55:24.886,2026/07/11 17:55:24.953,,00:00:00.067,REALTIME_DATA_COLLECTOR,my_contact_profile,0,NOT_STOPPED,10555/10883,37.6,52.1,18.5,my_contact_profile:5:noData:37.6:0.5:-0.1:on;my_contact_profile:3:0.0:0.00:0.2:-0.1:0:0:0:1;
af51a160-7af9-4fc0-9b33-22b9fe9b1e60-0,END,2026/07/11 17:55:14.858,2026/07/11 17:55:14.863,,00:00:00.005,DATA_OBSERVER,contacts,0,NOT_STOPPED,10555/10855,37.7,51.5,0.0,
d573c0cc-5b8b-47c6-902f-0aead7ddc6b9-0,END,2026/07/11 17:55:14.859,2026/07/11 17:55:14.863,,00:00:00.004,DATA_OBSERVER,my_contact_profile,0,NOT_STOPPED,10555/10884,37.7,51.4,0.0,
19a41dd4-a187-4c35-9876-67601e343274-0,END,2026/07/11 17:55:14.048,2026/07/11 17:55:14.114,,00:00:00.066,REALTIME_DATA_COLLECTOR,contacts,0,NOT_STOPPED,10555/10854,37.6,51.2,17.6,contacts:30:noData:37.6:0.4:0.0:on;contacts:29:15.2:0.00:0.3:0.1:0:0:0:1;
08c52ef8-a649-4c7c-aff4-252cfe2b68f8-0,END,2026/07/11 17:55:14.047,2026/07/11 17:55:14.090,,00:00:00.043,REALTIME_DATA_COLLECTOR,my_contact_profile,0,NOT_STOPPED,10555/10884,37.6,51.0,20.7,my_contact_profile:7:noData:37.6:0.3:-0.0:on;my_contact_profile:6:0.0:0.00:0.1:0.0:0:0:0:1;
19f7eb4f-adad-4ba7-bf9c-7cb8b24b72d3-0,END,2026/07/11 17:55:04.008,2026/07/11 17:55:04.012,,00:00:00.004,DATA_OBSERVER,my_contact_profile,0,NOT_STOPPED,10555/10855,37.3,50.5,0.0,
87ce0af7-76d7-45fb-a250-1800113af2ac-0,END,2026/07/11 17:55:04.010,2026/07/11 17:55:04.014,,00:00:00.004,DATA_OBSERVER,contacts,0,NOT_STOPPED,10555/10854,37.3,50.5,0.0,
9f36229d-d4e1-4fb0-8b9f-fa11e9c67f9f-0,END,2026/07/11 17:55:03.745,2026/07/11 17:55:03.802,,00:00:00.057,REALTIME_DATA_COLLECTOR,contacts,0,NOT_STOPPED,10555/10883,37.3,50.2,17.9,contacts:26:noData:37.3:0.5:0.2:on;contacts:24:15.6:0.00:0.4:0.2:0:0:0:1;
47907f50-7429-48cf-bf32-5721d7da7562-0,END,2026/07/11 17:55:03.744,2026/07/11 17:55:03.781,,00:00:00.037,REALTIME_DATA_COLLECTOR,my_contact_profile,0,NOT_STOPPED,10555/10884,37.3,50.0,20.5,my_contact_profile:5:noData:37.3:0.3:0.2:on;my_contact_profile:4:0.0:0.00:0.2:0.2:0:0:0:1;
c8f1a978-72c5-49be-aff6-15eea7f3c04c-0,END,2026/07/11 17:54:53.696,2026/07/11 17:54:53.699,,00:00:00.003,DATA_OBSERVER,contacts,0,NOT_STOPPED,10555/10855,36.6,49.5,0.0,
6f7e6e95-9794-41e5-a8ab-7b3af097ecf7-0,END,2026/07/11 17:54:53.696,2026/07/11 17:54:53.699,,00:00:00.003,DATA_OBSERVER,my_contact_profile,0,NOT_STOPPED,10555/10883,36.6,49.5,0.0,
f0e4d2c3-8e3d-4d5b-af75-dcf5fbb4f01b-0,END,2026/07/11 17:54:52.926,2026/07/11 17:54:53.041,,00:00:00.115,REALTIME_DATA_COLLECTOR,contacts,0,NOT_STOPPED,10555/10854,36.6,49.4,13.2,contacts:79:noData:36.6:0.4:0.1:on;contacts:78:10.6:0.00:0.3:0.1:0:0:0:1;
2f3ad4c8-8a0e-42da-84a5-3dd826954d0e-0,END,2026/07/11 17:54:52.926,2026/07/11 17:54:52.982,,00:00:00.056,REALTIME_DATA_COLLECTOR,my_contact_profile,0,NOT_STOPPED,10555/10884,36.6,52.5,18.2,my_contact_profile:21:noData:36.6:0.2:0.2:on;my_contact_profile:19:17.0:0.00:0.1:0.2:0:0:0:1;
b80b8cb3-4ef3-4f15-ad7f-605a8974f56c-0,END,2026/07/11 17:54:42.891,2026/07/11 17:54:42.898,,00:00:00.007,DATA_OBSERVER,contacts,0,NOT_STOPPED,10555/10883,36.4,51.3,0.0,
f1ff448f-cd26-421d-b502-199a89c5ccdc-0,END,2026/07/11 17:54:42.891,2026/07/11 17:54:42.898,,00:00:00.007,DATA_OBSERVER,my_contact_profile,0,NOT_STOPPED,10555/10884,36.4,51.4,0.0,
3a0aec08-7426-4573-830d-a625df384c34-0,END,2026/07/11 17:51:34.149,2026/07/11 17:51:34.261,,00:00:00.112,REALTIME_DATA_COLLECTOR,contacts,0,NOT_STOPPED,10555/10854,38.6,67.6,18.3,contacts:35:noData:38.6:0.5:0.0:on;contacts:34:14.3:0.00:0.3:0.2:0:0:0:1;
32117986-4142-4a8b-8a94-3b504598b211-0,END,2026/07/11 17:51:34.149,2026/07/11 17:51:34.211,,00:00:00.062,REALTIME_DATA_COLLECTOR,my_contact_profile,0,NOT_STOPPED,10555/10883,38.6,67.2,20.2,my_contact_profile:10:noData:38.6:0.2:-0.1:on;my_contact_profile:9:0.0:0.00:0.1:-0.1:0:0:0:1;
0f47a902-fc21-41db-987a-307801c01ade-0,END,2026/07/11 17:51:24.093,2026/07/11 17:51:24.100,,00:00:00.007,DATA_OBSERVER,contacts,0,NOT_STOPPED,10555/10884,38.8,66.8,0.0,
412f515a-a8a5-4fb8-82a5-940bf6881133-0,END,2026/07/11 17:51:24.093,2026/07/11 17:51:24.096,,00:00:00.003,DATA_OBSERVER,my_contact_profile,0,NOT_STOPPED,10555/10855,38.8,66.8,0.0,
8701a847-79b8-456f-bca1-1bfee37fd362-0,END,2026/07/11 17:51:23.951,2026/07/11 17:51:24.049,,00:00:00.098,REALTIME_DATA_COLLECTOR,contacts,0,NOT_STOPPED,10555/10854,38.8,66.6,16.0,contacts:46:noData:38.8:0.5:0.0:on;contacts:44:12.7:0.00:0.4:0.0:0:0:0:1;
962f68b3-a690-411b-a9ea-fb886054670d-0,END,2026/07/11 17:51:23.962,2026/07/11 17:51:24.013,,00:00:00.051,REALTIME_DATA_COLLECTOR,my_contact_profile,0,NOT_STOPPED,10555/10883,38.8,66.5,19.2,my_contact_profile:10:noData:38.8:0.4:0.0:on;my_contact_profile:9:0.0:0.00:0.3:0.0:0:0:0:1;
6bd6fa6e-ee3c-41c9-878e-6a821437169d-0,END,2026/07/11 17:51:13.914,2026/07/11 17:51:13.919,,00:00:00.005,DATA_OBSERVER,contacts,0,NOT_STOPPED,10555/10855,39.2,65.9,0.0,
917ef449-5c18-412b-8667-f971066b74d2-0,END,2026/07/11 17:51:13.917,2026/07/11 17:51:13.922,,00:00:00.005,DATA_OBSERVER,my_contact_profile,0,NOT_STOPPED,10555/10883,39.2,65.9,0.0,
c6db9adb-b954-44f2-aa66-d61ea1eb254d-0,END,2026/07/11 17:51:09.328,2026/07/11 17:51:09.437,,00:00:00.109,REALTIME_DATA_COLLECTOR,contacts,0,NOT_STOPPED,10555/10855,39.0,65.7,14.1,contacts:74:noData:39.0:0.6:0.2:on;contacts:73:12.3:0.00:0.4:0.2:0:0:0:1;
7b64e6dd-5e35-4638-9da5-c51a202e0b36-0,END,2026/07/11 17:51:09.337,2026/07/11 17:51:09.382,,00:00:00.045,REALTIME_DATA_COLLECTOR,my_contact_profile,0,NOT_STOPPED,10555/10854,39.0,64.9,16.0,my_contact_profile:16:noData:39.0:0.2:0.0:on;my_contact_profile:13:5.0:0.00:0.1:-0.0:0:0:0:1;
16521fbd-b49e-4c0d-a998-6bc203ae0cc4-0,END,2026/07/11 17:51:03.593,2026/07/11 17:51:03.598,,00:00:00.005,DATA_OBSERVER,my_contact_profile,0,NOT_STOPPED,10555/10884,39.0,64.3,0.0,
8ff18fda-649a-4547-b5d5-a2b03c373da9-0,END,2026/07/11 17:51:03.593,2026/07/11 17:51:03.596,,00:00:00.003,DATA_OBSERVER,contacts,0,NOT_STOPPED,10555/10854,39.0,64.3,0.0,
95bc659d-7167-4e80-a2dc-0400147266d6-0,END,2026/07/11 17:50:59.300,2026/07/11 17:50:59.301,,00:00:00.001,DATA_OBSERVER,my_contact_profile,0,NOT_STOPPED,10555/10855,38.8,66.4,0.0,
3d0af1a9-e8ba-4b11-ba35-0efc5f8f6602-0,END,2026/07/11 17:50:59.292,2026/07/11 17:50:59.297,,00:00:00.005,DATA_OBSERVER,contacts,0,NOT_STOPPED,10555/10883,38.8,66.2,0.0,
67f6fe72-8e40-4f4a-9cd6-fee021bf0d8c-0,END,2026/07/11 17:50:41.744,2026/07/11 17:50:41.797,,00:00:00.053,REALTIME_DATA_COLLECTOR,my_contact_profile,0,NOT_STOPPED,10555/10883,39.0,68.2,10.7,my_contact_profile:11:noData:39.0:0.2:-0.1:on;my_contact_profile:10:11.0:0.00:0.1:-0.1:0:0:0:1;
63558cea-80b6-428a-908f-38b2cc55fa2c-0,END,2026/07/11 17:50:31.712,2026/07/11 17:50:31.717,,00:00:00.005,DATA_OBSERVER,my_contact_profile,0,NOT_STOPPED,10555/10855,39.1,67.9,0.0,
0583a62c-8fee-4485-a0af-5418267decef-0,END,2026/07/11 17:50:29.904,2026/07/11 17:50:29.993,,00:00:00.089,REALTIME_DATA_COLLECTOR,contacts,0,NOT_STOPPED,10555/10855,39.1,67.8,7.9,contacts:39:noData:39.1:0.4:0.2:on;contacts:37:3.5:0.00:0.2:0.2:0:0:0:1;
ba75963a-4d48-47ef-ad18-fd30e723a15c-0,END,2026/07/11 17:50:29.815,2026/07/11 17:50:29.870,,00:00:00.055,REALTIME_DATA_COLLECTOR,my_contact_profile,0,NOT_STOPPED,10555/10883,39.1,67.3,10.4,my_contact_profile:10:noData:39.1:0.1:0.0:on;my_contact_profile:9:0.0:0.00:0.1:0.0:0:0:0:1;
9fb95028-0c69-423e-8ffa-7e9a57e5251e-0,END,2026/07/11 17:50:19.802,2026/07/11 17:50:19.803,,00:00:00.001,DATA_OBSERVER,contacts,0,NOT_STOPPED,10555/10854,39.5,67.2,0.0,
bdf63aec-c3b8-412c-9a25-f60892d6baf0-0,END,2026/07/11 17:50:19.790,2026/07/11 17:50:19.793,,00:00:00.003,DATA_OBSERVER,my_contact_profile,0,NOT_STOPPED,10555/10884,39.5,67.1,0.0,
4f1c31fb-c5fc-40d8-bbe4-305e5ff6071d-0,END,2026/07/11 17:50:09.920,2026/07/11 17:50:10.091,,00:00:00.171,REALTIME_DATA_COLLECTOR,contacts,0,NOT_STOPPED,10555/10855,39.0,66.8,13.1,contacts:114:noData:39.0:0.5:-0.1:on;contacts:111:11.4:0.00:0.4:-0.1:0:0:0:1;
47aa31b9-6b4f-413d-977b-b6ef6b0d5666-0,END,2026/07/11 17:50:09.920,2026/07/11 17:50:10.010,,00:00:00.090,REALTIME_DATA_COLLECTOR,my_contact_profile,0,NOT_STOPPED,10555/10884,39.0,65.9,14.2,my_contact_profile:32:noData:39.0:0.4:-0.0:on;my_contact_profile:30:10.3:0.00:0.2:-0.0:0:0:0:1;
9a4614b6-5a03-4a49-ad3a-4c1df9561b12-0,END,2026/07/11 17:50:05.689,2026/07/11 17:50:05.692,,00:00:00.003,DATA_OBSERVER,my_contact_profile,0,NOT_STOPPED,10555/10854,39.0,63.0,0.0,
20f69d20-273d-46d1-af23-a40433ec7ae7-0,END,2026/07/11 17:50:05.670,2026/07/11 17:50:05.673,,00:00:00.003,DATA_OBSERVER,contacts,0,NOT_STOPPED,10555/10855,39.0,62.9,0.0,
d30a23bc-8f4a-4c5e-ad8b-f17e283d3a91-0,END,2026/07/11 17:49:59.695,2026/07/11 17:49:59.719,,00:00:00.024,DATA_OBSERVER,my_contact_profile,0,NOT_STOPPED,10555/10854,38.7,60.4,12.5,
d50e2705-20e0-476e-ac72-489629b8ec3a-0,END,2026/07/11 17:49:59.686,2026/07/11 17:49:59.715,,00:00:00.029,DATA_OBSERVER,contacts,0,NOT_STOPPED,10555/10884,38.7,60.6,9.7,
f3d42c7f-8dcb-4e79-bd85-17a93ded2ad5-0,END,2026/07/11 17:49:23.581,2026/07/11 17:49:23.736,,00:00:00.155,REALTIME_DATA_COLLECTOR,contacts,0,NOT_STOPPED,10555/10854,37.7,64.2,11.0,contacts:113:noData:37.7:0.5:0.0:on;contacts:110:8.1:0.00:0.4:0.0:0:0:0:1;
470cd14f-0669-452e-86cc-adb436117722-0,END,2026/07/11 17:49:23.581,2026/07/11 17:49:23.656,,00:00:00.075,REALTIME_DATA_COLLECTOR,my_contact_profile,0,NOT_STOPPED,10555/10855,37.7,62.3,15.9,my_contact_profile:32:noData:37.7:0.2:0.0:on;my_contact_profile:30:12.3:0.00:0.1:-0.0:0:0:0:1;
103f7c45-6f4c-490f-bbf4-3bc1e7866f3c-0,END,2026/07/11 17:49:13.502,2026/07/11 17:49:13.522,,00:00:00.020,DATA_OBSERVER,contacts,0,NOT_STOPPED,10555/10884,36.9,58.1,9.5,
9d28ba69-1818-42a5-aa97-627011e5ac0a-0,END,2026/07/11 17:49:13.501,2026/07/11 17:49:13.523,,00:00:00.022,DATA_OBSERVER,my_contact_profile,0,NOT_STOPPED,10555/10855,36.9,58.6,10.9,
95ab297e-19f4-4f5e-b56b-519a12ffc101-0,END,2026/07/11 17:48:45.208,2026/07/11 17:48:45.434,,00:00:00.226,REALTIME_DATA_COLLECTOR,contacts,0,NOT_STOPPED,10555/10884,34.1,60.7,8.7,contacts:155:noData:34.1:0.7:-0.0:on;contacts:152:5.9:0.00:0.4:-0.1:0:0:0:1;
b23c8528-d843-4b8c-8358-135524c82663-0,END,2026/07/11 17:48:45.208,2026/07/11 17:48:45.350,,00:00:00.142,REALTIME_DATA_COLLECTOR,my_contact_profile,0,NOT_STOPPED,10555/10855,34.1,59.3,10.1,my_contact_profile:71:noData:34.1:0.4:-0.0:on;my_contact_profile:70:5.6:0.00:0.2:-0.1:0:0:0:1;
0a1ac32e-552b-4a41-9704-a2a3c3ec0097-0,END,2026/07/11 17:48:35.062,2026/07/11 17:48:35.063,,00:00:00.001,DATA_OBSERVER,contacts,0,NOT_STOPPED,10555/10854,33.4,59.8,0.0,
a3ba5853-d03e-422a-81c8-ae42cc59700b-0,END,2026/07/11 17:48:35.043,2026/07/11 17:48:35.054,,00:00:00.011,DATA_OBSERVER,my_contact_profile,0,NOT_STOPPED,10555/10883,33.4,59.7,4.2,
460d6b30-fc25-4d7d-ae48-4226bc752ba2-0,END,2026/07/11 17:40:02.209,2026/07/11 17:40:02.408,,00:00:00.199,REALTIME_DATA_COLLECTOR,contacts,0,NOT_STOPPED,10555/10884,32.9,59.6,15.8,contacts:86:noData:32.9:0.5:0.1:on;contacts:84:12.1:0.00:0.4:0.1:0:0:0:1;
7d2a15bc-2aa1-4553-ba65-8aae7fadd609-0,END,2026/07/11 17:40:02.209,2026/07/11 17:40:02.351,,00:00:00.142,REALTIME_DATA_COLLECTOR,my_contact_profile,0,NOT_STOPPED,10555/10855,32.9,58.6,16.9,my_contact_profile:30:noData:32.9:0.4:0.0:on;my_contact_profile:27:11.5:0.00:0.3:0.0:0:0:0:1;
4de90188-0ed0-4f90-93f5-07a2e145f544-0,END,2026/07/11 17:39:38.070,2026/07/11 17:39:38.079,,00:00:00.009,DATA_OBSERVER,my_contact_profile,0,NOT_STOPPED,10555/10854,32.7,55.8,0.0,
5ff4e9b3-bc69-4f72-9a44-c90b17bdfe3e-0,END,2026/07/11 17:39:38.070,2026/07/11 17:39:38.084,,00:00:00.014,DATA_OBSERVER,contacts,0,NOT_STOPPED,10555/10883,32.7,55.8,12.9,
25bd566d-1b37-43c9-a968-b4dcb67938c0-0,END,2026/07/11 16:01:22.278,2026/07/11 16:01:22.343,,00:00:00.065,REALTIME_DATA_COLLECTOR,calendar,0,NOT_STOPPED,10555/10884,35.6,77.3,9.4,calendar:30:noData:35.6:0.4:0.0:on;calendar:29:7.5:0.00:0.3:0.0:0:0:0:1;
620da316-799f-4bdd-8237-79fe0afa4a72-0,END,2026/07/11 16:01:12.227,2026/07/11 16:01:12.239,,00:00:00.012,DATA_OBSERVER,calendar,0,NOT_STOPPED,10555/10855,35.6,76.8,19.2,
e7e241d3-ce65-4810-922f-ad2e05130376-0,END,2026/07/11 15:58:15.250,2026/07/11 15:58:15.301,,00:00:00.051,REALTIME_DATA_COLLECTOR,calendar,0,NOT_STOPPED,10555/10884,35.8,74.7,9.2,calendar:20:noData:35.8:0.3:0.0:on;calendar:18:7.2:0.00:0.2:0.0:0:0:0:1;
e3c3c075-5be1-4c39-98a1-7bd61ed57bdf-0,END,2026/07/11 15:58:05.218,2026/07/11 15:58:05.224,,00:00:00.006,DATA_OBSERVER,calendar,0,NOT_STOPPED,10555/10854,35.9,74.3,0.0,
46c0c7bc-ec81-4374-bd23-8a09c38d714d-0,END,2026/07/11 15:57:26.516,2026/07/11 15:57:26.576,,00:00:00.060,REALTIME_DATA_COLLECTOR,calendar,0,NOT_STOPPED,10555/10884,36.0,74.6,9.5,calendar:26:noData:36.0:0.3:-0.1:on;calendar:23:6.3:0.00:0.3:-0.1:0:0:0:1;
34a26773-f26f-40d2-be70-b38fcadeca09-0,END,2026/07/11 15:57:25.607,2026/07/11 15:57:25.673,,00:00:00.066,REALTIME_DATA_COLLECTOR,contacts,0,NOT_STOPPED,10555/10884,36.0,74.2,17.2,contacts:32:noData:36.0:0.5:0.2:on;contacts:31:13.9:0.00:0.4:0.2:0:0:0:1;
83d8393b-0461-422b-8120-dd878b4d693d-0,END,2026/07/11 15:57:25.606,2026/07/11 15:57:25.653,,00:00:00.047,REALTIME_DATA_COLLECTOR,my_contact_profile,0,NOT_STOPPED,10555/10854,36.0,74.1,18.9,my_contact_profile:12:noData:36.0:0.4:0.2:on;my_contact_profile:11:15.5:0.00:0.3:0.2:0:0:0:1;
17116cc5-4ac2-4491-b2fc-b87e218dff7b-0,END,2026/07/11 15:57:16.483,2026/07/11 15:57:16.486,,00:00:00.003,DATA_OBSERVER,calendar,0,NOT_STOPPED,10555/10883,36.1,73.4,0.0,
b682ec2d-ee79-4703-95fd-8009e6c855d8-0,END,2026/07/11 15:57:15.537,2026/07/11 15:57:15.619,,00:00:00.082,REALTIME_DATA_COLLECTOR,calendar,0,NOT_STOPPED,10555/10855,36.1,73.2,17.1,calendar:39:noData:36.1:0.7:-0.1:on;calendar:38:16.1:0.00:0.3:-0.1:0:0:0:1;
574682df-b46e-4e42-92f2-9d454d38169f-0,END,2026/07/11 15:57:15.577,2026/07/11 15:57:15.582,,00:00:00.005,DATA_OBSERVER,contacts,0,NOT_STOPPED,10555/10883,36.1,72.6,0.0,
f0e747ca-2402-40f5-9ed0-75da1dd6f6d4-0,END,2026/07/11 15:57:15.567,2026/07/11 15:57:15.570,,00:00:00.003,DATA_OBSERVER,my_contact_profile,0,NOT_STOPPED,10555/10884,36.1,72.4,0.0,
189d05da-c5a8-47a7-96ea-de2d5eed3298-0,END,2026/07/11 15:57:15.438,2026/07/11 15:57:15.538,,00:00:00.100,REALTIME_DATA_COLLECTOR,contacts,0,NOT_STOPPED,10555/10854,36.1,72.1,13.2,contacts:65:noData:36.1:0.7:0.1:on;contacts:64:10.6:0.00:0.5:0.1:0:0:0:1;
592ba892-c674-4410-baaf-1d0a43e4225d-0,END,2026/07/11 15:57:15.438,2026/07/11 15:57:15.493,,00:00:00.055,REALTIME_DATA_COLLECTOR,my_contact_profile,0,NOT_STOPPED,10555/10883,36.1,70.6,16.2,my_contact_profile:20:noData:36.1:0.3:0.1:on;my_contact_profile:19:13.7:0.00:0.1:0.1:0:0:0:1;
51bf528b-52a6-42b3-883b-e27561324fb6-0,END,2026/07/11 15:57:05.518,2026/07/11 15:57:05.522,,00:00:00.004,DATA_OBSERVER,calendar,0,NOT_STOPPED,10555/10884,36.0,69.0,0.0,
c6dc23c4-aae0-4612-8b44-c8c0bad17fb6-0,END,2026/07/11 15:57:05.375,2026/07/11 15:57:05.397,,00:00:00.022,DATA_OBSERVER,contacts,0,NOT_STOPPED,10555/10855,36.0,67.2,10.0,
01577cd7-370c-4e34-b617-c89d5e0689a4-0,END,2026/07/11 15:57:05.375,2026/07/11 15:57:05.396,,00:00:00.021,DATA_OBSERVER,my_contact_profile,0,NOT_STOPPED,10555/10883,36.0,67.1,10.0,
c8916505-62f3-478e-94d4-ffe2caeba5df-0,END,2026/07/11 15:48:15.178,2026/07/11 15:48:15.242,,00:00:00.064,REALTIME_DATA_COLLECTOR,calendar,0,NOT_STOPPED,10555/10884,35.2,70.8,8.6,calendar:28:noData:35.2:0.4:0.0:on;calendar:27:6.5:0.00:0.3:0.0:0:0:0:1;
c43ec2d9-4a54-4d45-b0ef-7b1975871b3d-0,END,2026/07/11 15:48:05.131,2026/07/11 15:48:05.134,,00:00:00.003,DATA_OBSERVER,calendar,0,NOT_STOPPED,10555/10854,35.2,68.7,0.0,
﻿605e4491-398e-4334-8b01-49a93b64e66b-0,END,2026/07/11 15:47:56.763,2026/07/11 15:47:56.829,,00:00:00.066,REALTIME_DATA_COLLECTOR,calendar,0,NOT_STOPPED,10555/10884,35.4,68.5,8.5,calendar:32:noData:35.4:0.4:0.1:on;calendar:31:5.0:0.00:0.3:0.1:0:0:0:1;
47f13ba3-04cb-440d-869b-77059c05bfd6-0,END,2026/07/11 15:47:46.717,2026/07/11 15:47:46.720,,00:00:00.003,DATA_OBSERVER,calendar,0,NOT_STOPPED,10555/10855,35.2,66.0,0.0,
6813059d-94e6-4bda-80f8-859c7ff8ac61-0,END,2026/07/11 15:47:26.221,2026/07/11 15:47:26.277,,00:00:00.056,REALTIME_DATA_COLLECTOR,contacts,0,NOT_STOPPED,10555/10854,34.7,73.0,12.1,contacts:24:noData:34.7:0.5:0.0:on;contacts:23:10.0:0.00:0.3:0.0:0:0:0:1;
b2d40a91-b8f9-4356-a071-9c6a064392b1-0,END,2026/07/11 15:47:26.242,2026/07/11 15:47:26.285,,00:00:00.043,REALTIME_DATA_COLLECTOR,my_contact_profile,0,NOT_STOPPED,10555/10884,34.7,73.1,14.8,my_contact_profile:5:noData:34.7:0.5:-0.1:on;my_contact_profile:5:0.0:0.00:0.1:-0.1:0:0:0:1;
9cd5767c-c169-4e14-8522-36facc68284a-0,END,2026/07/11 15:47:16.194,2026/07/11 15:47:16.198,,00:00:00.004,DATA_OBSERVER,contacts,0,NOT_STOPPED,10555/10883,34.8,72.2,0.0,
bdecd06a-b517-4f28-8389-027e124f426e-0,END,2026/07/11 15:47:16.194,2026/07/11 15:47:16.198,,00:00:00.004,DATA_OBSERVER,my_contact_profile,0,NOT_STOPPED,10555/10884,34.8,72.2,0.0,
c826c5a8-3d48-4fbc-9485-3faf44e1b2f4-0,END,2026/07/11 15:47:09.356,2026/07/11 15:47:09.443,,00:00:00.087,REALTIME_DATA_COLLECTOR,contacts,0,NOT_STOPPED,10555/10855,34.6,72.0,18.1,contacts:41:noData:34.6:0.6:0.1:on;contacts:38:14.6:0.00:0.4:0.1:0:0:0:1;
296896bc-5add-4d64-9202-3f7254eb4d8c-0,END,2026/07/11 15:47:09.356,2026/07/11 15:47:09.412,,00:00:00.056,REALTIME_DATA_COLLECTOR,my_contact_profile,0,NOT_STOPPED,10555/10883,34.6,71.9,20.5,my_contact_profile:10:noData:34.6:0.5:0.1:on;my_contact_profile:9:0.0:0.00:0.2:0.1:0:0:0:1;
3f8feb31-2a34-480b-9216-9e8bfc40374e-0,END,2026/07/11 15:47:05.995,2026/07/11 15:47:06.001,,00:00:00.006,DATA_OBSERVER,my_contact_profile,0,NOT_STOPPED,10555/10854,34.6,71.3,0.0,
bfc19c9c-2130-4046-b930-bf92c66cbbc6-0,END,2026/07/11 15:47:05.997,2026/07/11 15:47:05.999,,00:00:00.002,DATA_OBSERVER,contacts,0,NOT_STOPPED,10555/10884,34.6,71.3,0.0,
9807df71-add3-47b0-8ec6-c9b55572cd26-0,END,2026/07/11 15:46:59.306,2026/07/11 15:46:59.308,,00:00:00.002,DATA_OBSERVER,contacts,0,NOT_STOPPED,10555/10883,34.5,71.1,0.0,
711169db-e1f8-42af-a15e-cbf75e020641-0,END,2026/07/11 15:46:59.305,2026/07/11 15:46:59.308,,00:00:00.003,DATA_OBSERVER,my_contact_profile,0,NOT_STOPPED,10555/10884,34.5,71.1,0.0,
1b453919-a1a7-44ea-b1db-40388676b60f-0,END,2026/07/11 15:46:59.149,2026/07/11 15:46:59.241,,00:00:00.092,REALTIME_DATA_COLLECTOR,calendar,0,NOT_STOPPED,10555/10855,34.5,70.9,6.8,calendar:52:noData:34.5:0.3:-0.1:on;calendar:51:4.5:0.00:0.2:-0.1:0:0:0:1;
156105d4-6f1b-41d6-bace-00e09efb7d7b-0,END,2026/07/11 15:46:56.755,2026/07/11 15:46:56.866,,00:00:00.111,REALTIME_DATA_COLLECTOR,contacts,0,NOT_STOPPED,10555/10883,34.5,66.7,13.4,contacts:78:noData:34.5:0.5:-0.4:on;contacts:77:11.3:0.00:0.4:-0.4:0:0:0:1;
83c4b7d8-1f4a-4834-aa2c-da7fa35aa036-0,END,2026/07/11 15:46:56.748,2026/07/11 15:46:56.823,,00:00:00.075,REALTIME_DATA_COLLECTOR,my_contact_profile,0,NOT_STOPPED,10555/10855,34.5,65.5,15.1,my_contact_profile:17:noData:34.5:0.4:-0.4:on;my_contact_profile:16:8.8:0.00:0.2:0.0:0:0:0:1;
fe7e85c0-534a-40f3-bae8-c51a1bd5bee7-0,END,2026/07/11 15:46:49.126,2026/07/11 15:46:49.129,,00:00:00.003,DATA_OBSERVER,calendar,0,NOT_STOPPED,10555/10854,34.1,60.3,0.0,
ac925429-e1be-48bc-b3ab-d747802fdb03-0,END,2026/07/11 15:46:46.693,2026/07/11 15:46:46.716,,00:00:00.023,DATA_OBSERVER,contacts,0,NOT_STOPPED,10555/10884,34.1,57.6,7.1,
c8bf1378-c725-430b-8386-a320d05ab5b5-0,END,2026/07/11 15:46:46.693,2026/07/11 15:46:46.717,,00:00:00.024,DATA_OBSERVER,my_contact_profile,0,NOT_STOPPED,10555/10883,34.1,57.6,7.2,
7f8b9602-29c6-4e0e-a41e-62ba7837ffed-0,END,2026/07/11 14:07:24.646,2026/07/11 14:07:26.010,,00:00:01.364,BATCH_DATA_COLLECTOR,,0,NOT_STOPPED,10555/10854,26.7,69.6,1.5,Not compliant
5465b341-35b2-4b61-8d7e-818490ae84c9-0,END,2026/07/11 14:07:24.707,2026/07/11 14:07:26.010,,00:00:01.303,BATCH_ANALYSIS,,0,NOT_STOPPED,10555/10855,26.7,69.6,1.3,Not compliant
d32740da-5b6f-4e5e-b57d-909358208d21-0,END,2026/07/11 12:15:21.504,2026/07/11 12:15:22.086,,00:00:00.582,REALTIME_ANALYSIS,call_log,0,NOT_STOPPED,10555/10883,32.6,69.9,8.7,
e1abb5db-c29e-49a4-b776-e023688d485b-0,END,2026/07/11 12:15:19.172,2026/07/11 12:15:19.458,,00:00:00.286,REALTIME_DATA_COLLECTOR,call_log,0,NOT_STOPPED,10555/10854,32.5,63.7,16.2,call_log:223:success:32.5:1.7:0.2:on;call_log:203:12.6:0.00:1.5:0.2:1:0:0:1;
16ce0095-684a-48d3-b5d0-cde7a5eb251c-0,END,2026/07/11 12:15:19.162,2026/07/11 12:15:19.371,,00:00:00.209,REALTIME_DATA_COLLECTOR,contacts,0,NOT_STOPPED,10555/10855,32.5,62.2,16.5,contacts:136:noData:32.5:1.5:0.3:on;contacts:133:11.4:0.00:1.3:0.2:0:0:0:1;
bd2923d9-2b2d-4514-a765-bbe4fe11b284-0,END,2026/07/11 12:15:19.162,2026/07/11 12:15:19.268,,00:00:00.106,REALTIME_DATA_COLLECTOR,my_contact_profile,0,NOT_STOPPED,10555/10883,32.5,59.8,22.5,my_contact_profile:33:noData:32.5:0.3:-0.1:on;my_contact_profile:30:15.5:0.00:0.1:-0.1:0:0:0:1;
c583c3bf-9b4a-4303-b78f-c272c71c8a9d-0,END,2026/07/11 12:15:09.139,2026/07/11 12:15:09.152,,00:00:00.013,DATA_OBSERVER,call_log,0,NOT_STOPPED,10555/10884,32.6,57.9,3.6,
edaee4fe-5c29-4ab6-acc8-e01fea0c1c3a-0,END,2026/07/11 12:15:09.078,2026/07/11 12:15:09.099,,00:00:00.021,DATA_OBSERVER,my_contact_profile,0,NOT_STOPPED,10555/10855,32.6,55.2,4.8,
2b8335e7-7b43-4693-b228-bc177055b0b6-0,END,2026/07/11 12:15:09.076,2026/07/11 12:15:09.100,,00:00:00.024,DATA_OBSERVER,contacts,0,NOT_STOPPED,10555/10854,32.6,55.2,5.4,
42c7b126-28ad-4b23-bb3b-619b2b75380f-0,END,2026/07/11 12:06:41.252,2026/07/11 12:06:41.514,,00:00:00.262,REALTIME_ANALYSIS,call_log,0,NOT_STOPPED,10555/10854,33.7,102.9,11.9,
731fb578-cfa7-4acc-a4ea-237c403c7523-0,END,2026/07/11 12:06:39.131,2026/07/11 12:06:39.233,,00:00:00.102,REALTIME_DATA_COLLECTOR,call_log,0,NOT_STOPPED,10555/10855,33.6,101.1,23.2,call_log:68:success:33.6:1.7:0.3:on;call_log:65:19.8:0.00:1.5:0.3:1:0:0:1;
891c71a8-6d79-45a0-b9ed-2899de1feb38-0,END,2026/07/11 12:06:39.127,2026/07/11 12:06:39.179,,00:00:00.052,REALTIME_DATA_COLLECTOR,my_contact_profile,0,NOT_STOPPED,10555/10854,33.6,100.3,27.6,my_contact_profile:12:noData:33.6:1.4:0.4:on;my_contact_profile:10:20.0:0.00:1.1:0.1:0:0:0:1;
b0078a7e-fd69-49d8-8a8d-21e29128b081-0,END,2026/07/11 12:06:39.118,2026/07/11 12:06:39.199,,00:00:00.081,REALTIME_DATA_COLLECTOR,contacts,0,NOT_STOPPED,10555/10884,33.6,100.4,22.4,contacts:34:noData:33.6:1.5:0.4:on;contacts:34:17.3:0.00:1.3:0.4:0:0:0:1;
c445da23-85d6-433f-a21d-0b22a946ccda-0,END,2026/07/11 12:06:29.077,2026/07/11 12:06:29.079,,00:00:00.002,DATA_OBSERVER,contacts,0,NOT_STOPPED,10555/10854,33.4,98.3,0.0,
6fa2a8c5-60b2-4b04-b06e-875449e6b8dc-0,END,2026/07/11 12:06:29.077,2026/07/11 12:06:29.082,,00:00:00.005,DATA_OBSERVER,call_log,0,NOT_STOPPED,10555/10883,33.4,98.3,0.0,
b588d043-9e87-4b21-a48c-8e90e5cc5851-0,END,2026/07/11 12:06:29.077,2026/07/11 12:06:29.079,,00:00:00.002,DATA_OBSERVER,my_contact_profile,0,NOT_STOPPED,10555/10884,33.4,98.3,0.0,
8fa96ffe-511b-4256-98b5-2aacc3dfb2fd-0,END,2026/07/11 12:06:09.272,2026/07/11 12:06:09.351,,00:00:00.079,REALTIME_DATA_COLLECTOR,contacts,0,NOT_STOPPED,10555/10883,33.2,98.0,18.3,contacts:36:noData:33.2:0.4:-0.3:on;contacts:36:16.3:0.00:0.3:-0.3:0:0:0:1;
36f2dbb1-58fa-4561-8aee-bca33881e41b-0,END,2026/07/11 12:06:09.271,2026/07/11 12:06:09.325,,00:00:00.054,REALTIME_DATA_COLLECTOR,my_contact_profile,0,NOT_STOPPED,10555/10884,33.2,97.9,20.0,my_contact_profile:10:noData:33.2:0.3:-0.3:on;my_contact_profile:8:0.0:0.00:0.1:-0.4:0:0:0:1;
7c846234-0327-4c47-8468-f15321af4a94-0,END,2026/07/11 12:05:59.231,2026/07/11 12:05:59.234,,00:00:00.003,DATA_OBSERVER,contacts,0,NOT_STOPPED,10555/10855,33.1,97.2,0.0,
b83068a8-7592-42ea-a88c-2293c2abb179-0,END,2026/07/11 12:05:59.231,2026/07/11 12:05:59.234,,00:00:00.003,DATA_OBSERVER,my_contact_profile,0,NOT_STOPPED,10555/10883,33.1,97.2,0.0,
c8e514d6-ab5a-412e-90f7-ad16cbc68734-0,END,2026/07/11 12:05:30.574,2026/07/11 12:05:31.060,,00:00:00.486,REALTIME_ANALYSIS,call_log,0,NOT_STOPPED,10555/10883,33.1,97.3,10.4,
1b20a3bc-d1a8-4b5b-9f7a-13cb2cd4c63b-0,END,2026/07/11 12:05:28.346,2026/07/11 12:05:28.520,,00:00:00.174,REALTIME_DATA_COLLECTOR,call_log,0,NOT_STOPPED,10555/10854,33.0,91.7,18.4,call_log:129:success:33.0:1.9:0.0:on;call_log:119:15.3:0.00:1.5:-0.0:1:0:0:1;
4770c030-bb92-4f8a-84a2-2ae924e1c722-0,END,2026/07/11 12:05:28.349,2026/07/11 12:05:28.477,,00:00:00.128,REALTIME_DATA_COLLECTOR,contacts,0,NOT_STOPPED,10555/10884,33.0,90.8,19.8,contacts:86:noData:33.0:1.6:0.0:on;contacts:85:15.8:0.00:1.4:0.1:0:0:0:1;
516f817c-52f0-43ad-afff-4b16d01062b1-0,END,2026/07/11 12:05:28.349,2026/07/11 12:05:28.427,,00:00:00.078,REALTIME_DATA_COLLECTOR,my_contact_profile,0,NOT_STOPPED,10555/10855,33.0,88.7,23.9,my_contact_profile:14:noData:33.0:0.4:0.1:on;my_contact_profile:13:15.4:0.00:0.1:0.2:0:0:0:1;
b37af181-fd58-4ca4-8973-33101ba2a32d-0,END,2026/07/11 12:05:18.278,2026/07/11 12:05:18.307,,00:00:00.029,DATA_OBSERVER,contacts,0,NOT_STOPPED,10555/10855,33.0,85.5,7.9,
34b44e05-3dd9-495c-82a9-a28591da3c51-0,END,2026/07/11 12:05:18.292,2026/07/11 12:05:18.307,,00:00:00.015,DATA_OBSERVER,my_contact_profile,0,NOT_STOPPED,10555/10884,33.0,85.3,14.0,
7128419a-1acb-4a93-abea-280c7e801058-0,END,2026/07/11 12:05:18.294,2026/07/11 12:05:18.307,,00:00:00.013,DATA_OBSERVER,call_log,0,NOT_STOPPED,10555/10854,33.0,84.7,13.1,
e0069a53-612b-47bb-96b4-54a71c36966b-0,END,2026/07/11 10:36:41.752,2026/07/11 10:36:42.268,,00:00:00.516,REALTIME_ANALYSIS,call_log,0,NOT_STOPPED,10555/10855,37.3,77.7,9.8,
fbd4e2fd-8795-4c7f-a40a-ba450cd26d45-0,END,2026/07/11 10:36:39.511,2026/07/11 10:36:39.694,,00:00:00.183,REALTIME_DATA_COLLECTOR,call_log,0,NOT_STOPPED,10555/10883,37.3,70.3,21.1,call_log:139:success:37.4:1.7:0.5:on;call_log:128:19.0:0.00:1.5:0.5:1:0:0:1;
beb7756f-395d-4bdf-9a87-1ac6e4b0ac87-0,END,2026/07/11 10:36:39.511,2026/07/11 10:36:39.641,,00:00:00.130,REALTIME_DATA_COLLECTOR,contacts,0,NOT_STOPPED,10555/10884,37.3,68.4,22.8,contacts:55:noData:37.4:1.5:0.5:on;contacts:53:17.0:0.00:1.2:0.3:0:0:0:1;
9d5f7fc7-6541-4f56-865f-579b32c75d7b-0,END,2026/07/11 10:36:39.509,2026/07/11 10:36:39.580,,00:00:00.071,REALTIME_DATA_COLLECTOR,my_contact_profile,0,NOT_STOPPED,10555/10855,37.3,65.7,26.3,my_contact_profile:21:noData:37.4:0.3:0.2:on;my_contact_profile:20:21.0:0.00:0.1:0.2:0:0:0:1;
3fc57f34-b20c-466e-8285-40031e5d296d-0,END,2026/07/11 10:36:29.423,2026/07/11 10:36:29.446,,00:00:00.023,DATA_OBSERVER,contacts,0,NOT_STOPPED,10555/10883,37.2,62.9,15.0,
450f9247-e4d3-4469-ae59-815d63b4376a-0,END,2026/07/11 10:36:29.423,2026/07/11 10:36:29.440,,00:00:00.017,DATA_OBSERVER,my_contact_profile,0,NOT_STOPPED,10555/10884,37.2,62.6,14.1,
71858939-2a6e-4697-8cef-35ba065fb9ba-0,END,2026/07/11 10:36:29.423,2026/07/11 10:36:29.442,,00:00:00.019,DATA_OBSERVER,call_log,0,NOT_STOPPED,10555/10854,37.2,61.6,13.7,
0e35c83f-7ab8-4f62-bb2d-de3dd24a3896-0,END,2026/07/11 10:33:38.821,2026/07/11 10:33:39.039,,00:00:00.218,REALTIME_DATA_COLLECTOR,contacts,0,NOT_STOPPED,10555/10855,36.3,66.4,9.1,contacts:159:noData:36.3:0.5:-0.0:on;contacts:152:6.5:0.00:0.4:-0.0:0:0:0:1;
35630ad7-07a0-43fe-b732-1b1213a439e5-0,END,2026/07/11 10:33:38.820,2026/07/11 10:33:38.937,,00:00:00.117,REALTIME_DATA_COLLECTOR,my_contact_profile,0,NOT_STOPPED,10555/10884,36.3,64.4,11.3,my_contact_profile:56:noData:36.3:0.3:0.1:on;my_contact_profile:51:6.0:0.00:0.2:0.1:0:0:0:1;
5b50275c-d90c-4eea-9fbb-48ec7bd39f7f-0,END,2026/07/11 10:33:28.727,2026/07/11 10:33:28.749,,00:00:00.022,DATA_OBSERVER,contacts,0,NOT_STOPPED,10555/10883,36.3,59.3,10.9,
ae1a7ed7-5e15-45ea-97c0-ee8ef1f6db2a-0,END,2026/07/11 10:33:28.727,2026/07/11 10:33:28.749,,00:00:00.022,DATA_OBSERVER,my_contact_profile,0,NOT_STOPPED,10555/10854,36.3,58.7,10.9,
b1bc49df-8f2c-4fd0-9797-a93dad9c4bbc-0,END,2026/07/11 08:56:21.177,2026/07/11 08:56:21.925,,00:00:00.748,REALTIME_ANALYSIS,call_log,0,NOT_STOPPED,10555/10883,35.1,105.5,7.7,
faa309e3-4097-4dca-8e1d-30826a15aa3d-0,END,2026/07/11 08:56:18.857,2026/07/11 08:56:19.137,,00:00:00.280,REALTIME_DATA_COLLECTOR,call_log,0,NOT_STOPPED,10555/10855,35.0,86.2,6.0,call_log:226:success:35.0:1.4:0.0:on;call_log:202:3.3:0.00:1.0:0.0:2:0:0:1;
6cfbcd59-599a-4fa8-9cc7-5aee8d85f21e-0,END,2026/07/11 08:56:18.858,2026/07/11 08:56:18.860,,00:00:00.002,DATA_OBSERVER,call_log,0,NOT_STOPPED,10555/10854,35.0,75.9,0.0,
fc97ab16-8a60-4cfd-be6b-cba8664cc964-0,END,2026/07/11 08:56:08.539,2026/07/11 08:56:08.579,,00:00:00.040,DATA_OBSERVER,call_log,0,NOT_STOPPED,10555/10883,34.8,74.1,4.9,
e7839e8c-1296-4aae-adea-4518c6e972df-0,END,2026/07/11 07:54:51.275,2026/07/11 07:54:51.371,,00:00:00.096,REALTIME_DATA_COLLECTOR,contacts,0,NOT_STOPPED,10555/10883,33.9,67.5,11.1,contacts:63:noData:33.9:0.6:0.1:on;contacts:62:8.6:0.00:0.4:0.1:0:0:0:1;
f7f31a1b-690b-45a9-ba04-3dc81b0675bc-0,END,2026/07/11 07:54:51.283,2026/07/11 07:54:51.345,,00:00:00.062,REALTIME_DATA_COLLECTOR,my_contact_profile,0,NOT_STOPPED,10555/10854,33.9,67.2,11.6,my_contact_profile:36:noData:33.9:0.3:0.1:on;my_contact_profile:34:6.0:0.00:0.1:0.1:0:0:0:1;
a0d8703b-190e-4b5a-8457-544d527f5882-0,END,2026/07/11 07:54:41.243,2026/07/11 07:54:41.250,,00:00:00.007,DATA_OBSERVER,contacts,0,NOT_STOPPED,10555/10854,34.2,67.9,0.0,
6df2b84c-bb26-4bb6-8486-496e73679b3a-0,END,2026/07/11 07:54:41.244,2026/07/11 07:54:41.249,,00:00:00.005,DATA_OBSERVER,my_contact_profile,0,NOT_STOPPED,10555/10855,34.2,67.9,0.0,
56cd46f5-65f4-4b9b-b40e-7e17ae7d20f7-0,END,2026/07/11 07:54:05.969,2026/07/11 07:54:05.986,,00:00:00.017,START_DATA_OBSERVER,,0,NOT_STOPPED,10555/10883,34.0,72.7,13.5,
80305ad9-8b10-4163-826e-796a8565e0ed-0,END,2026/07/11 07:54:05.600,2026/07/11 07:54:05.661,,00:00:00.061,BOOT_COMPLETED,,0,NOT_STOPPED,10555/10854,34.0,71.9,0.7,
e747b8c5-1a06-48e7-a508-dd3a91170258-0,END,2026/07/11 07:54:02.542,2026/07/11 07:54:02.702,,00:00:00.160,REALTIME_DATA_COLLECTOR,contacts,0,NOT_STOPPED,10555/10854,34.0,69.9,5.1,contacts:107:noData:34.0:0.5:0.2:on;contacts:103:2.6:0.00:0.3:0.2:0:0:0:1;
c0d2c576-1fae-4965-808a-85f1776633c7-0,END,2026/07/11 07:53:52.557,2026/07/11 07:53:52.576,,00:00:00.019,START_DATA_OBSERVER,,0,NOT_STOPPED,10555/10883,33.0,100.5,25.3,
98e7b246-6002-4da6-b3c5-d7cfc2acc523-0,END,2026/07/11 07:53:51.942,2026/07/11 07:53:52.496,,00:00:00.554,BOOT_COMPLETED,,0,NOT_STOPPED,10555/10884,33.0,96.6,3.4,
2ea35b2b-345c-43da-a293-546b341a32ff-0,END,2026/07/11 07:53:51.803,2026/07/11 07:53:52.506,,00:00:00.703,DATA_OBSERVER,contacts,0,CANCELLED_BY_APP,10555/10855,33.0,96.8,3.6,
﻿ID,State,StartTime,EndTime,StopTime,duration,workTag,Tags,runAttemptCount,stopReason,Pid/Tid,Temp(℃),totalPSS(MB),CPU(%),msg
89579ea1-ba21-4c83-9169-7c3af73367d3-0,END,2026/07/17 17:59:47.630,2026/07/17 17:59:49.461,,00:00:01.831,REALTIME_ANALYSIS,contacts,0,NOT_STOPPED,16993/17246,36.5,122.5,8.1,
1ee5669b-8498-44f5-b87e-a924e15755be-0,END,2026/07/17 17:59:45.460,2026/07/17 17:59:45.599,,00:00:00.139,REALTIME_DATA_COLLECTOR,contacts,0,NOT_STOPPED,16993/17207,36.5,68.1,15.5,contacts:86:success:36.5:0.7:-0.1:on;contacts:76:12.0:0.00:0.5:-0.2:1:0:0:1;
1a129ceb-9398-4451-ae23-1e7682256933-0,END,2026/07/17 17:59:45.460,2026/07/17 17:59:45.521,,00:00:00.061,REALTIME_DATA_COLLECTOR,my_contact_profile,0,NOT_STOPPED,16993/17206,36.5,66.3,21.2,my_contact_profile:8:noData:36.5:0.3:-0.0:on;my_contact_profile:6:0.0:0.00:0.2:-0.0:0:0:0:1;
c4baa3b3-8825-4ce6-ba11-44cc0a625006-0,END,2026/07/17 17:59:35.418,2026/07/17 17:59:35.422,,00:00:00.004,DATA_OBSERVER,contacts,0,NOT_STOPPED,16993/17241,36.6,67.2,0.0,
ae15b5c4-ddf3-439d-9e55-9b4823d0335b-0,END,2026/07/17 17:59:35.419,2026/07/17 17:59:35.423,,00:00:00.004,DATA_OBSERVER,my_contact_profile,0,NOT_STOPPED,16993/17246,36.6,67.2,0.0,
6fa8200c-f2bf-4819-b787-8361b76137e1-0,END,2026/07/17 17:58:40.037,2026/07/17 17:58:40.501,,00:00:00.464,REALTIME_ANALYSIS,call_log,0,NOT_STOPPED,16993/17246,36.8,59.5,9.9,
e81fd476-ad96-472a-bf92-ffd0cdceee86-0,END,2026/07/17 17:58:37.742,2026/07/17 17:58:37.992,,00:00:00.250,REALTIME_DATA_COLLECTOR,call_log,0,NOT_STOPPED,16993/17241,36.8,54.5,6.6,call_log:201:success:36.8:1.3:0.5:on;call_log:184:4.8:0.00:1.2:0.5:1:0:0:1;
37a24841-e62c-4c9f-bdf6-a31026d33d13-0,END,2026/07/17 17:58:27.698,2026/07/17 17:58:27.700,,00:00:00.002,DATA_OBSERVER,call_log,0,NOT_STOPPED,16993/17206,36.8,51.8,0.0,
653a76bf-eabe-4cf6-a7e0-e9f6a4f01cca-0,END,2026/07/17 17:58:09.187,2026/07/17 17:58:09.276,,00:00:00.089,REALTIME_DATA_COLLECTOR,contacts,0,NOT_STOPPED,16993/17241,36.9,51.7,15.9,contacts:47:noData:36.9:1.0:0.1:on;contacts:45:12.4:0.00:0.5:0.1:0:0:0:1;
b21bafdd-1f7f-4ec3-a2bd-a00f6db23a9b-0,END,2026/07/17 17:58:09.187,2026/07/17 17:58:09.244,,00:00:00.057,REALTIME_DATA_COLLECTOR,my_contact_profile,0,NOT_STOPPED,16993/17206,36.9,51.4,18.1,my_contact_profile:14:noData:36.9:0.7:0.0:on;my_contact_profile:13:15.0:0.00:0.3:0.0:0:0:0:1;
8d702f8f-c8a8-40e0-89cb-3c2a5d9ca9d1-0,END,2026/07/17 17:58:03.008,2026/07/17 17:58:03.013,,00:00:00.005,DATA_OBSERVER,my_contact_profile,0,NOT_STOPPED,16993/17246,36.8,72.0,0.0,
ccd9218e-8db8-4356-a74d-ede38a91ba74-0,END,2026/07/17 17:58:02.703,2026/07/17 17:58:02.708,,00:00:00.005,DATA_OBSERVER,contacts,0,NOT_STOPPED,16993/17206,36.8,71.8,0.0,
000b6c3c-490b-4794-9d00-4b45ec46601a-0,END,2026/07/17 17:57:59.138,2026/07/17 17:57:59.147,,00:00:00.009,DATA_OBSERVER,my_contact_profile,0,NOT_STOPPED,16993/17246,36.8,71.4,0.0,
06aa54fd-ecbb-4e7e-8750-5103924428c0-0,END,2026/07/17 17:57:59.138,2026/07/17 17:57:59.147,,00:00:00.009,DATA_OBSERVER,contacts,0,NOT_STOPPED,16993/17207,36.8,71.4,0.0,
98500527-ce03-482f-b65a-2041e6f746a6-0,END,2026/07/17 17:57:20.294,2026/07/17 17:57:20.367,,00:00:00.073,REALTIME_DATA_COLLECTOR,contacts,0,NOT_STOPPED,16993/17207,36.7,72.9,17.5,contacts:38:noData:36.7:0.5:0.1:on;contacts:37:14.7:0.00:0.4:0.2:0:0:0:1;
bbc1d2e6-fce8-407c-a4be-a34f5cf00997-0,END,2026/07/17 17:57:20.287,2026/07/17 17:57:20.334,,00:00:00.047,REALTIME_DATA_COLLECTOR,my_contact_profile,0,NOT_STOPPED,16993/17206,36.7,72.7,20.4,my_contact_profile:6:noData:36.7:0.4:0.1:on;my_contact_profile:5:0.0:0.00:0.2:0.1:0:0:0:1;
557c31c4-5976-4011-958e-4f1dbe06ea6b-0,END,2026/07/17 17:57:10.266,2026/07/17 17:57:10.269,,00:00:00.003,DATA_OBSERVER,contacts,0,NOT_STOPPED,16993/17207,36.6,72.5,0.0,
4965b432-e2e3-48d6-bcf1-e8b9c355cfbb-0,END,2026/07/17 17:57:10.266,2026/07/17 17:57:10.269,,00:00:00.003,DATA_OBSERVER,my_contact_profile,0,NOT_STOPPED,16993/17241,36.6,72.6,0.0,
d95b5b5b-06b1-4229-901d-f74550f738e8-0,END,2026/07/17 17:57:10.096,2026/07/17 17:57:10.181,,00:00:00.085,REALTIME_DATA_COLLECTOR,contacts,0,NOT_STOPPED,16993/17206,36.6,72.3,15.3,contacts:51:noData:36.6:0.6:-0.1:on;contacts:50:12.8:0.00:0.4:-0.1:0:0:0:1;
25b74801-345a-4adf-b2e5-7797642db269-0,END,2026/07/17 17:57:10.093,2026/07/17 17:57:10.140,,00:00:00.047,REALTIME_DATA_COLLECTOR,my_contact_profile,0,NOT_STOPPED,16993/17207,36.6,72.1,17.9,my_contact_profile:10:noData:36.6:0.4:0.0:on;my_contact_profile:10:0.0:0.00:0.1:0.0:0:0:0:1;
9ba4e63a-b92e-4b48-98e7-2f18ae261b75-0,END,2026/07/17 17:57:00.068,2026/07/17 17:57:00.072,,00:00:00.004,DATA_OBSERVER,contacts,0,NOT_STOPPED,16993/17246,36.5,71.6,0.0,
af93de8a-b3d4-4f26-89f8-0649d76c734b-0,END,2026/07/17 17:57:00.067,2026/07/17 17:57:00.070,,00:00:00.003,DATA_OBSERVER,my_contact_profile,0,NOT_STOPPED,16993/17206,36.5,71.6,0.0,
ae15749d-1472-47d1-be88-52b866106431-0,END,2026/07/17 17:56:59.829,2026/07/17 17:57:00.006,,00:00:00.177,REALTIME_DATA_COLLECTOR,contacts,0,NOT_STOPPED,16993/17206,36.5,71.3,8.2,contacts:137:noData:36.5:0.6:0.0:on;contacts:135:4.9:0.00:0.4:0.0:0:0:0:1;
9cb2cb60-2646-4c96-8783-c4eb96da5420-0,END,2026/07/17 17:56:59.828,2026/07/17 17:56:59.877,,00:00:00.049,REALTIME_DATA_COLLECTOR,my_contact_profile,0,NOT_STOPPED,16993/17241,36.5,71.1,19.6,my_contact_profile:7:noData:36.5:0.4:-0.0:on;my_contact_profile:7:0.0:0.00:0.2:-0.0:0:0:0:1;
d456dae7-37bf-4ff6-a30d-4f03eb30adbb-0,END,2026/07/17 17:56:49.800,2026/07/17 17:56:49.809,,00:00:00.009,DATA_OBSERVER,my_contact_profile,0,NOT_STOPPED,16993/17207,36.4,70.8,0.0,
4e1c2e8e-2b51-477a-8a1c-17383f08e95e-0,END,2026/07/17 17:56:49.801,2026/07/17 17:56:49.807,,00:00:00.006,DATA_OBSERVER,contacts,0,NOT_STOPPED,16993/17206,36.4,70.8,0.0,
a708c8c1-fb7c-43db-b863-9074c0f21444-0,END,2026/07/17 17:56:49.258,2026/07/17 17:56:49.301,,00:00:00.043,REALTIME_DATA_COLLECTOR,my_contact_profile,0,NOT_STOPPED,16993/17207,36.4,70.4,11.2,my_contact_profile:8:noData:36.4:0.2:0.0:on;my_contact_profile:6:0.0:0.00:0.1:0.0:0:0:0:1;
8d01169d-e243-44b6-9457-067dd70a0877-0,END,2026/07/17 17:56:39.106,2026/07/17 17:56:39.341,,00:00:00.235,REALTIME_DATA_COLLECTOR,contacts,0,NOT_STOPPED,16993/17207,36.4,70.2,11.7,contacts:168:noData:36.4:0.9:0.2:on;contacts:166:8.8:0.00:0.5:0.2:0:0:0:1;
3e5716b9-4a7d-4003-b9dd-99ec76e6ad7d-0,END,2026/07/17 17:56:39.237,2026/07/17 17:56:39.238,,00:00:00.001,DATA_OBSERVER,contacts,0,NOT_STOPPED,16993/17207,36.4,69.8,0.0,
d3b6876c-e415-44dd-adbb-7e66d09a5e97-0,END,2026/07/17 17:56:39.221,2026/07/17 17:56:39.229,,00:00:00.008,DATA_OBSERVER,my_contact_profile,0,NOT_STOPPED,16993/17246,36.4,69.7,0.0,
b16ce85f-f11d-4b1d-ab5e-fe61c96b7579-0,END,2026/07/17 17:56:39.106,2026/07/17 17:56:39.165,,00:00:00.059,REALTIME_DATA_COLLECTOR,my_contact_profile,0,NOT_STOPPED,16993/17246,36.4,69.1,18.6,my_contact_profile:10:noData:36.4:0.2:-0.0:on;my_contact_profile:9:0.0:0.00:0.1:-0.0:0:0:0:1;
a05a8be8-3da1-4c3a-8964-1c10658a2875-0,END,2026/07/17 17:56:29.050,2026/07/17 17:56:29.058,,00:00:00.008,DATA_OBSERVER,contacts,0,NOT_STOPPED,16993/17206,36.0,68.3,0.0,
379274b1-d209-40fd-a586-fc59a933adba-0,END,2026/07/17 17:56:29.050,2026/07/17 17:56:29.058,,00:00:00.008,DATA_OBSERVER,my_contact_profile,0,NOT_STOPPED,16993/17246,36.0,68.2,0.0,
6abd8621-994c-4915-90a4-e112e800b577-0,END,2026/07/17 17:22:01.982,2026/07/17 17:22:02.442,,00:00:00.460,REALTIME_ANALYSIS,call_log,0,NOT_STOPPED,16993/17206,36.2,73.1,9.5,
23e2f048-ea6c-4d29-b73d-4c015196e92e-0,END,2026/07/17 17:21:59.709,2026/07/17 17:21:59.948,,00:00:00.239,REALTIME_DATA_COLLECTOR,call_log,0,NOT_STOPPED,16993/17207,36.2,66.8,9.6,call_log:201:success:36.2:1.8:-0.2:on;call_log:179:6.2:0.00:1.2:-0.0:2:0:0:1;
a57bba03-db99-4b6e-8f36-77e5c5de1c01-0,END,2026/07/17 17:21:59.670,2026/07/17 17:21:59.737,,00:00:00.067,REALTIME_DATA_COLLECTOR,contacts,0,NOT_STOPPED,16993/17207,36.2,64.2,21.3,contacts:32:noData:36.2:0.5:-0.2:on;contacts:31:23.2:0.00:0.4:-0.2:0:0:0:1;
a3e781fc-6b77-47c7-be07-61a0d7f33901-0,END,2026/07/17 17:21:59.660,2026/07/17 17:21:59.714,,00:00:00.054,REALTIME_DATA_COLLECTOR,my_contact_profile,0,NOT_STOPPED,16993/17246,36.2,64.0,20.2,my_contact_profile:8:noData:36.2:0.3:-0.0:on;my_contact_profile:7:0.0:0.00:0.2:-0.0:0:0:0:1;
b3111620-37e8-41be-976f-7b78f5af3843-0,END,2026/07/17 17:21:49.622,2026/07/17 17:21:49.626,,00:00:00.004,DATA_OBSERVER,my_contact_profile,0,NOT_STOPPED,16993/17241,36.2,62.9,0.0,
293bc21a-6617-42ca-a62d-d6c11c0d16d0-0,END,2026/07/17 17:21:49.640,2026/07/17 17:21:49.642,,00:00:00.002,DATA_OBSERVER,call_log,0,NOT_STOPPED,16993/17207,36.2,63.0,0.0,
4a235a61-e16c-4a5f-a2d9-d11d16fef2aa-0,END,2026/07/17 17:21:49.622,2026/07/17 17:21:49.626,,00:00:00.004,DATA_OBSERVER,contacts,0,NOT_STOPPED,16993/17246,36.2,62.9,0.0,
350d9437-eda7-4e15-af98-a5b6831fbaf9-0,END,2026/07/17 17:20:32.087,2026/07/17 17:20:32.171,,00:00:00.084,REALTIME_DATA_COLLECTOR,contacts,0,NOT_STOPPED,16993/17246,35.6,62.3,19.2,contacts:33:noData:35.6:0.5:0.2:on;contacts:31:17.1:0.00:0.4:0.2:0:0:0:1;
38150b13-3d59-424a-8252-cdec10bff89d-0,END,2026/07/17 17:20:32.085,2026/07/17 17:20:32.145,,00:00:00.060,REALTIME_DATA_COLLECTOR,my_contact_profile,0,NOT_STOPPED,16993/17241,35.6,62.1,21.5,my_contact_profile:6:noData:35.6:0.4:0.2:on;my_contact_profile:5:0.0:0.00:0.2:0.2:0:0:0:1;
4afd7d9b-0948-4683-b1a0-982883d416e8-0,END,2026/07/17 17:20:22.036,2026/07/17 17:20:22.040,,00:00:00.004,DATA_OBSERVER,my_contact_profile,0,NOT_STOPPED,16993/17207,35.5,61.9,0.0,
f935a610-29cf-4b77-93fc-9d1ad3a0b61a-0,END,2026/07/17 17:20:22.036,2026/07/17 17:20:22.040,,00:00:00.004,DATA_OBSERVER,contacts,0,NOT_STOPPED,16993/17246,35.5,61.9,0.0,
957e74a9-f7a3-41b5-87a5-8a09e043eebe-0,END,2026/07/17 17:20:21.910,2026/07/17 17:20:21.961,,00:00:00.051,REALTIME_DATA_COLLECTOR,my_contact_profile,0,NOT_STOPPED,16993/17207,35.5,61.6,12.4,my_contact_profile:9:noData:35.5:0.3:0.0:on;my_contact_profile:9:0.0:0.00:0.1:-0.0:0:0:0:1;
8c3fd221-21b7-4e5c-be0d-5188ed89b947-0,END,2026/07/17 17:20:11.773,2026/07/17 17:20:11.945,,00:00:00.172,REALTIME_DATA_COLLECTOR,contacts,0,NOT_STOPPED,16993/17207,35.1,58.3,16.0,contacts:105:noData:35.1:0.9:-0.6:on;contacts:102:16.4:0.00:0.8:-0.6:0:0:0:1;
e0ccfa35-f726-4abf-9e7a-2346dcb2b5b6-0,END,2026/07/17 17:20:11.890,2026/07/17 17:20:11.892,,00:00:00.002,DATA_OBSERVER,contacts,0,NOT_STOPPED,16993/17207,35.1,57.1,0.0,
69165516-8e2b-42b6-9cbe-9b5a8b6e8691-0,END,2026/07/17 17:20:11.808,2026/07/17 17:20:11.868,,00:00:00.060,REALTIME_DATA_COLLECTOR,my_contact_profile,0,NOT_STOPPED,16993/17246,35.1,56.7,15.7,my_contact_profile:25:noData:35.1:0.3:-0.6:on;my_contact_profile:24:10.4:0.00:0.1:-0.6:0:0:0:1;
78b235d6-26be-454b-9a8d-1f7ea7cd2512-0,END,2026/07/17 17:20:11.879,2026/07/17 17:20:11.884,,00:00:00.005,DATA_OBSERVER,my_contact_profile,0,NOT_STOPPED,16993/17246,35.1,56.9,0.0,
d4906602-8dfb-44be-8f2d-c0f1c40f4b20-0,END,2026/07/17 17:20:01.729,2026/07/17 17:20:01.733,,00:00:00.004,DATA_OBSERVER,contacts,0,NOT_STOPPED,16993/17241,34.8,53.7,0.0,
8df844a7-e819-4f78-b6ce-94f21f91408c-0,END,2026/07/17 17:20:01.728,2026/07/17 17:20:01.733,,00:00:00.005,DATA_OBSERVER,my_contact_profile,0,NOT_STOPPED,16993/17246,34.8,53.7,0.0,
21c8124f-bcc9-49e7-ac4d-10bafbd5bb3a-0,END,2026/07/17 16:45:56.965,2026/07/17 16:45:56.965,,00:00:00.000,REALTIME_DATA_COLLECTOR,call_log,0,NOT_STOPPED,16993/17206,40.7,54.6,0.0,Not compliant
cd890926-9117-4b7d-9ee8-d122b20726b1-0,END,2026/07/17 16:45:46.938,2026/07/17 16:45:46.944,,00:00:00.006,DATA_OBSERVER,call_log,0,NOT_STOPPED,16993/17246,40.6,55.5,0.0,
c450a00b-92af-4311-9e5e-ecc07a717f36-0,END,2026/07/17 16:33:37.212,2026/07/17 16:33:37.549,,00:00:00.337,REALTIME_ANALYSIS,call_log,0,NOT_STOPPED,16993/17206,39.2,64.3,11.5,
75ba73e8-7c37-467d-92a9-4dfdf43f8677-0,END,2026/07/17 16:33:34.995,2026/07/17 16:33:35.180,,00:00:00.185,REALTIME_DATA_COLLECTOR,call_log,0,NOT_STOPPED,16993/17207,39.2,62.8,23.0,call_log:103:success:39.2:2.1:0.7:on;call_log:99:18.9:0.00:1.8:0.6:1:0:0:1;
f1bb8caa-2b8d-4bdd-9349-3bb9ca117b1a-0,END,2026/07/17 16:33:34.995,2026/07/17 16:33:35.131,,00:00:00.136,REALTIME_DATA_COLLECTOR,contacts,0,NOT_STOPPED,16993/17206,39.2,62.1,23.8,contacts:55:noData:39.2:1.9:0.7:on;contacts:53:18.7:0.00:1.7:0.7:0:0:0:1;
a09eda99-0156-476d-8f6b-0d1d46a72236-0,END,2026/07/17 16:33:34.995,2026/07/17 16:33:35.092,,00:00:00.097,REALTIME_DATA_COLLECTOR,my_contact_profile,0,NOT_STOPPED,16993/17246,39.2,61.4,27.8,my_contact_profile:16:noData:39.2:1.1:0.8:on;my_contact_profile:15:30.7:0.00:0.8:0.8:0:0:0:1;
11eed93d-73ea-4e27-ad60-9eaabfb19b20-0,END,2026/07/17 16:33:24.951,2026/07/17 16:33:24.952,,00:00:00.001,DATA_OBSERVER,call_log,0,NOT_STOPPED,16993/17207,39.1,59.8,0.0,
af47a1b3-dbd5-4647-9a40-6ac7f7191678-0,END,2026/07/17 16:33:24.949,2026/07/17 16:33:24.952,,00:00:00.003,DATA_OBSERVER,contacts,0,NOT_STOPPED,16993/17241,39.1,59.8,0.0,
b9f6e803-4f8c-4072-be93-7ccb56871425-0,END,2026/07/17 16:33:24.947,2026/07/17 16:33:24.950,,00:00:00.003,DATA_OBSERVER,my_contact_profile,0,NOT_STOPPED,16993/17246,39.1,59.7,0.0,
ac5c8d9d-b22a-472c-8b3a-d5198f7c9c6a-0,END,2026/07/17 16:32:49.838,2026/07/17 16:32:49.965,,00:00:00.127,REALTIME_DATA_COLLECTOR,contacts,0,NOT_STOPPED,16993/17241,39.1,59.4,21.4,contacts:66:noData:39.1:-23.4:-0.7:on;contacts:65:22.5:0.00:-23.5:-0.7:0:0:0:1;
81548e16-cb12-4e93-9861-dcb5ab06eda3-0,END,2026/07/17 16:32:49.838,2026/07/17 16:32:49.915,,00:00:00.077,REALTIME_DATA_COLLECTOR,my_contact_profile,0,NOT_STOPPED,16993/17206,39.1,83.2,20.3,my_contact_profile:18:noData:39.1:0.4:-0.4:on;my_contact_profile:16:19.4:0.00:0.2:-0.4:0:0:0:1;
0de3cd9d-3234-4838-b3a4-8956a6254230-0,END,2026/07/17 16:32:40.373,2026/07/17 16:32:40.462,,00:00:00.089,REALTIME_ANALYSIS,call_log,0,NOT_STOPPED,16993/17241,39.1,82.1,10.9,
1f9cfeeb-06d9-4ae3-bdc8-3c17f7a3e149-0,END,2026/07/17 16:32:39.775,2026/07/17 16:32:39.777,,00:00:00.002,DATA_OBSERVER,my_contact_profile,0,NOT_STOPPED,16993/17246,39.0,80.4,0.0,
85e8f4a6-a7a8-4c2d-930d-2b8e7820aa3b-0,END,2026/07/17 16:32:39.775,2026/07/17 16:32:39.779,,00:00:00.004,DATA_OBSERVER,contacts,0,NOT_STOPPED,16993/17207,39.0,80.4,0.0,
577c8b3f-c400-4831-a066-2f39679dc65a-0,END,2026/07/17 16:32:38.205,2026/07/17 16:32:38.361,,00:00:00.156,REALTIME_DATA_COLLECTOR,call_log,0,NOT_STOPPED,16993/17206,39.0,80.2,21.0,call_log:83:success:39.0:1.9:0.4:on;call_log:73:15.9:0.00:1.4:0.4:1:0:0:1;
31b9b988-28c3-49dc-b13b-e9065d5777e4-0,END,2026/07/17 16:32:38.209,2026/07/17 16:32:38.285,,00:00:00.076,REALTIME_DATA_COLLECTOR,contacts,0,NOT_STOPPED,16993/17241,39.0,79.6,27.7,contacts:29:noData:39.0:1.5:0.4:on;contacts:28:24.3:0.00:1.4:0.4:0:0:0:1;
687d4e69-c632-48ec-b69a-55b6da4f5db7-0,END,2026/07/17 16:32:38.205,2026/07/17 16:32:38.284,,00:00:00.079,REALTIME_DATA_COLLECTOR,my_contact_profile,0,NOT_STOPPED,16993/17207,39.0,79.6,27.1,my_contact_profile:8:noData:39.0:1.5:0.5:on;my_contact_profile:7:0.0:0.00:1.1:0.4:0:0:0:1;
ca7890af-8761-4113-87d2-63ce40066fee-0,END,2026/07/17 16:32:28.167,2026/07/17 16:32:28.173,,00:00:00.006,DATA_OBSERVER,call_log,0,NOT_STOPPED,16993/17207,39.1,77.3,0.0,
356f5c9c-65a5-4e9d-8504-f482553a2c0d-0,END,2026/07/17 16:32:28.167,2026/07/17 16:32:28.172,,00:00:00.005,DATA_OBSERVER,contacts,0,NOT_STOPPED,16993/17241,39.1,77.3,0.0,
39e763d1-a43e-4a17-993c-cbf0561e0642-0,END,2026/07/17 16:32:28.167,2026/07/17 16:32:28.171,,00:00:00.004,DATA_OBSERVER,my_contact_profile,0,NOT_STOPPED,16993/17206,39.1,77.3,0.0,
4850082c-727a-46ba-b22f-77ab7b5515fb-0,END,2026/07/17 16:32:00.835,2026/07/17 16:32:00.983,,00:00:00.148,REALTIME_DATA_COLLECTOR,contacts,0,NOT_STOPPED,16993/17241,39.3,76.9,17.1,contacts:70:noData:39.3:0.5:0.2:on;contacts:69:13.9:0.00:0.4:0.2:0:0:0:1;
b4813d6c-7b29-450b-a70b-cb2362ee7cd2-0,END,2026/07/17 16:32:00.837,2026/07/17 16:32:00.928,,00:00:00.091,REALTIME_DATA_COLLECTOR,my_contact_profile,0,NOT_STOPPED,16993/17207,39.3,76.6,19.6,my_contact_profile:16:noData:39.3:0.3:0.1:on;my_contact_profile:15:18.6:0.00:0.2:0.1:0:0:0:1;
d585d7c3-0760-44d1-a925-1ff97f103e76-0,END,2026/07/17 16:31:56.872,2026/07/17 16:31:57.226,,00:00:00.354,REALTIME_ANALYSIS,call_log,0,NOT_STOPPED,16993/17206,39.2,76.5,10.5,
18467de2-dad4-403c-beb3-59da2dcb3637-0,END,2026/07/17 16:31:54.715,2026/07/17 16:31:54.831,,00:00:00.116,REALTIME_DATA_COLLECTOR,call_log,0,NOT_STOPPED,16993/17246,39.2,75.3,8.2,call_log:68:success:39.2:1.3:-0.0:on;call_log:64:5.4:0.00:1.1:-0.0:1:0:0:1;
9ad0433e-a42e-4903-9fac-5c127c242567-0,END,2026/07/17 16:31:50.787,2026/07/17 16:31:50.789,,00:00:00.002,DATA_OBSERVER,my_contact_profile,0,NOT_STOPPED,16993/17206,39.2,73.7,0.0,
9914b2d9-b981-42ff-bb84-c9b23b663cfd-0,END,2026/07/17 16:31:50.787,2026/07/17 16:31:50.789,,00:00:00.002,DATA_OBSERVER,contacts,0,NOT_STOPPED,16993/17207,39.2,73.6,0.0,
f1481b4b-653a-4ec1-878b-0505ae90eec6-0,END,2026/07/17 16:31:46.642,2026/07/17 16:31:46.698,,00:00:00.056,REALTIME_DATA_COLLECTOR,my_contact_profile,0,NOT_STOPPED,16993/17207,39.2,73.3,17.6,my_contact_profile:11:noData:39.2:0.4:0.0:on;my_contact_profile:10:15.0:0.00:0.3:0.1:0:0:0:1;
c901af64-71a2-4978-99d8-9fda8bcf3911-0,END,2026/07/17 16:31:46.652,2026/07/17 16:31:46.719,,00:00:00.067,REALTIME_DATA_COLLECTOR,contacts,0,NOT_STOPPED,16993/17241,39.2,73.4,16.3,contacts:33:noData:39.2:0.5:0.0:on;contacts:32:13.9:0.00:0.5:0.0:0:0:0:1;
5206f580-724b-4a17-8843-d2ce9d398956-0,END,2026/07/17 16:31:44.683,2026/07/17 16:31:44.687,,00:00:00.004,DATA_OBSERVER,call_log,0,NOT_STOPPED,16993/17206,39.2,72.8,0.0,
00142ba5-8b6d-4e8a-b623-b94c8e5d337a-0,END,2026/07/17 16:31:37.736,2026/07/17 16:31:38.127,,00:00:00.391,REALTIME_ANALYSIS,call_log,0,NOT_STOPPED,16993/17246,39.2,72.6,10.9,
69feda4b-b45c-4db7-8812-77d1dfaf1f56-0,END,2026/07/17 16:31:36.608,2026/07/17 16:31:36.610,,00:00:00.002,DATA_OBSERVER,contacts,0,NOT_STOPPED,16993/17241,39.2,70.9,0.0,
a8be0958-bd4e-4f9c-a18b-7b0a8f49d1c4-0,END,2026/07/17 16:31:36.605,2026/07/17 16:31:36.609,,00:00:00.004,DATA_OBSERVER,my_contact_profile,0,NOT_STOPPED,16993/17207,39.2,70.9,0.0,
5532c037-d356-4b07-9044-81bb4a50a67c-0,END,2026/07/17 16:31:35.520,2026/07/17 16:31:35.688,,00:00:00.168,REALTIME_DATA_COLLECTOR,call_log,0,NOT_STOPPED,16993/17241,39.2,70.5,15.4,call_log:106:success:39.2:1.8:-0.1:on;call_log:101:18.6:0.00:1.6:-0.1:1:0:0:1;
319fb1d6-17f5-4c52-adb7-53cb69b61862-0,END,2026/07/17 16:31:35.599,2026/07/17 16:31:35.696,,00:00:00.097,REALTIME_DATA_COLLECTOR,contacts,0,NOT_STOPPED,16993/17207,39.2,70.5,19.1,contacts:42:noData:39.2:1.3:-0.6:on;contacts:42:16.2:0.00:0.6:-0.6:0:0:0:1;
529984ab-acb2-4d2a-af28-e6f7fb25dd00-0,END,2026/07/17 16:31:35.595,2026/07/17 16:31:35.663,,00:00:00.068,REALTIME_DATA_COLLECTOR,my_contact_profile,0,NOT_STOPPED,16993/17246,39.2,70.2,21.5,my_contact_profile:8:noData:39.2:1.1:-0.2:on;my_contact_profile:8:0.0:0.00:0.3:-0.2:0:0:0:1;
e15fe092-768c-478c-988e-2ff86f5ab334-0,END,2026/07/17 16:31:25.567,2026/07/17 16:31:25.569,,00:00:00.002,DATA_OBSERVER,my_contact_profile,0,NOT_STOPPED,16993/17246,39.0,68.3,0.0,
eb3ba96b-2fba-42f7-8f1e-78d51f649572-0,END,2026/07/17 16:31:25.568,2026/07/17 16:31:25.569,,00:00:00.001,DATA_OBSERVER,contacts,0,NOT_STOPPED,16993/17207,39.0,68.3,0.0,
f7ebfcc3-2824-479f-8799-c3daae1eda2f-0,END,2026/07/17 16:31:25.402,2026/07/17 16:31:25.514,,00:00:00.112,REALTIME_DATA_COLLECTOR,contacts,0,NOT_STOPPED,16993/17246,39.0,68.1,14.4,contacts:54:noData:39.0:0.9:-0.1:on;contacts:54:15.7:0.00:0.8:-0.1:0:0:0:1;
a6213d7f-eb69-45b7-9d33-dc9fe50f4cd4-0,END,2026/07/17 16:31:25.480,2026/07/17 16:31:25.483,,00:00:00.003,DATA_OBSERVER,call_log,0,NOT_STOPPED,16993/17207,39.0,67.8,0.0,
8580e0dd-af0e-49d4-bbf9-a007cbbd9047-0,END,2026/07/17 16:31:25.424,2026/07/17 16:31:25.487,,00:00:00.063,REALTIME_DATA_COLLECTOR,my_contact_profile,0,NOT_STOPPED,16993/17206,39.0,67.9,13.2,my_contact_profile:21:noData:39.0:0.6:-0.1:on;my_contact_profile:18:7.2:0.00:0.5:-0.1:0:0:0:1;
5fc95f11-689b-48c1-833d-78e8daecb488-0,END,2026/07/17 16:31:16.494,2026/07/17 16:31:16.790,,00:00:00.296,REALTIME_ANALYSIS,call_log,0,NOT_STOPPED,16993/17241,38.9,67.5,11.3,
f359b07e-0bbd-45df-b0d3-a70aab71de7e-0,END,2026/07/17 16:31:15.374,2026/07/17 16:31:15.377,,00:00:00.003,DATA_OBSERVER,my_contact_profile,0,NOT_STOPPED,16993/17206,38.9,65.5,0.0,
a579cfb1-b38c-4f6c-a7c5-875fd0b33f2f-0,END,2026/07/17 16:31:15.374,2026/07/17 16:31:15.377,,00:00:00.003,DATA_OBSERVER,contacts,0,NOT_STOPPED,16993/17207,38.9,65.5,0.0,
4f6b4e8b-5f0b-48bd-ac85-af51c9d65a1d-0,END,2026/07/17 16:31:14.883,2026/07/17 16:31:14.965,,00:00:00.082,REALTIME_DATA_COLLECTOR,contacts,0,NOT_STOPPED,16993/17207,38.9,65.2,15.4,contacts:47:noData:38.9:0.6:0.2:on;contacts:44:13.2:0.00:0.4:0.2:0:0:0:1;
3b45496c-e2e7-46ea-9295-00e5155b8246-0,END,2026/07/17 16:31:14.881,2026/07/17 16:31:14.927,,00:00:00.046,REALTIME_DATA_COLLECTOR,my_contact_profile,0,NOT_STOPPED,16993/17206,38.9,65.1,18.5,my_contact_profile:5:noData:38.9:0.4:0.2:on;my_contact_profile:5:0.0:0.00:0.1:0.0:0:0:0:1;
802d3ee4-bd3d-4d1f-970a-60187386c336-0,END,2026/07/17 16:31:14.360,2026/07/17 16:31:14.455,,00:00:00.095,REALTIME_DATA_COLLECTOR,call_log,0,NOT_STOPPED,16993/17207,38.9,64.6,8.0,call_log:63:success:38.9:1.3:-0.1:on;call_log:59:6.1:0.00:1.2:-0.1:1:0:0:1;
efbf688a-b967-405a-a231-d577c5ab847d-0,END,2026/07/17 16:31:04.831,2026/07/17 16:31:04.834,,00:00:00.003,DATA_OBSERVER,contacts,0,NOT_STOPPED,16993/17241,38.9,62.5,0.0,
bec6894d-e445-492f-b775-6e828827dfa3-0,END,2026/07/17 16:31:04.831,2026/07/17 16:31:04.834,,00:00:00.003,DATA_OBSERVER,my_contact_profile,0,NOT_STOPPED,16993/17246,38.9,62.5,0.0,
33d66b24-8d31-4b44-a638-2566bcd85c96-0,END,2026/07/17 16:31:04.333,2026/07/17 16:31:04.336,,00:00:00.003,DATA_OBSERVER,call_log,0,NOT_STOPPED,16993/17207,38.9,62.3,0.0,
﻿5095181b-1bff-4105-9fa5-f93e8f4faff4-0,END,2026/07/17 16:31:04.131,2026/07/17 16:31:04.199,,00:00:00.068,REALTIME_DATA_COLLECTOR,contacts,0,NOT_STOPPED,16993/17206,38.9,62.1,19.6,contacts:27:noData:38.9:0.5:-0.1:on;contacts:26:16.3:0.00:0.4:-0.1:0:0:0:1;
560f21e9-7946-43fa-9b2c-bd31c84cb987-0,END,2026/07/17 16:31:04.131,2026/07/17 16:31:04.178,,00:00:00.047,REALTIME_DATA_COLLECTOR,my_contact_profile,0,NOT_STOPPED,16993/17246,38.9,61.9,21.1,my_contact_profile:6:noData:38.9:0.3:-0.0:on;my_contact_profile:6:0.0:0.00:0.2:-0.0:0:0:0:1;
186f1311-2e9f-41f6-a0d5-8b744090102b-0,END,2026/07/17 16:30:54.093,2026/07/17 16:30:54.097,,00:00:00.004,DATA_OBSERVER,my_contact_profile,0,NOT_STOPPED,16993/17207,39.0,61.8,0.0,
de4abd37-05db-49e2-9d45-9909dc9850d6-0,END,2026/07/17 16:30:54.092,2026/07/17 16:30:54.097,,00:00:00.005,DATA_OBSERVER,contacts,0,NOT_STOPPED,16993/17241,39.0,61.9,0.0,
a916a85f-0763-4ca2-b54e-937ad1a4fc26-0,END,2026/07/17 16:30:53.581,2026/07/17 16:30:53.666,,00:00:00.085,REALTIME_DATA_COLLECTOR,contacts,0,NOT_STOPPED,16993/17206,39.0,61.2,16.9,contacts:36:noData:39.0:0.6:0.2:on;contacts:35:13.6:0.00:0.5:0.2:0:0:0:1;
153e18d9-50d1-47f1-bbf5-e52774348858-0,END,2026/07/17 16:30:53.592,2026/07/17 16:30:53.648,,00:00:00.056,REALTIME_DATA_COLLECTOR,my_contact_profile,0,NOT_STOPPED,16993/17241,39.0,61.1,18.6,my_contact_profile:14:noData:39.0:0.4:0.2:on;my_contact_profile:13:10.7:0.00:0.2:-0.0:0:0:0:1;
818183a8-12be-4fa8-b88c-d12b451fce93-0,END,2026/07/17 16:30:44.965,2026/07/17 16:30:45.486,,00:00:00.521,REALTIME_ANALYSIS,call_log,0,NOT_STOPPED,16993/17207,38.6,59.5,10.8,
02635874-44fa-4948-b657-288614753788-0,END,2026/07/17 16:30:43.539,2026/07/17 16:30:43.543,,00:00:00.004,DATA_OBSERVER,contacts,0,NOT_STOPPED,16993/17241,38.6,73.1,0.0,
b078a7ec-d91d-4a30-a5ad-11573ff6ad64-0,END,2026/07/17 16:30:43.539,2026/07/17 16:30:43.543,,00:00:00.004,DATA_OBSERVER,my_contact_profile,0,NOT_STOPPED,16993/17246,38.6,73.1,0.0,
1c8880ee-6b9d-4780-9003-d5c7b8894f6a-0,END,2026/07/17 16:30:42.595,2026/07/17 16:30:42.922,,00:00:00.327,REALTIME_DATA_COLLECTOR,call_log,0,NOT_STOPPED,16993/17207,38.6,72.9,5.4,call_log:283:success:38.6:1.3:-0.0:on;call_log:237:4.6:0.00:1.1:-0.0:1:0:0:1;
bc6c2107-e7be-43fe-a944-eeaa8d0809e0-0,END,2026/07/17 16:30:32.402,2026/07/17 16:30:32.601,,00:00:00.199,REALTIME_DATA_COLLECTOR,contacts,0,NOT_STOPPED,16993/17206,38.2,69.3,11.6,contacts:125:noData:38.2:1.2:0.0:on;contacts:124:8.2:0.00:0.5:-0.0:0:0:0:1;
a1a48dcc-5075-4431-af2e-95325c26f46f-0,END,2026/07/17 16:30:32.505,2026/07/17 16:30:32.511,,00:00:00.006,DATA_OBSERVER,call_log,0,NOT_STOPPED,16993/17241,38.2,67.6,0.0,
224e3f15-9246-4746-9e70-68b85a23028d-0,END,2026/07/17 16:30:32.409,2026/07/17 16:30:32.492,,00:00:00.083,REALTIME_DATA_COLLECTOR,my_contact_profile,0,NOT_STOPPED,16993/17207,38.2,67.2,17.1,my_contact_profile:17:noData:38.2:0.7:-0.0:on;my_contact_profile:16:15.0:0.00:0.2:-0.1:0:0:0:1;
907f4f37-9de9-4bda-9516-0144fb6c173e-0,END,2026/07/17 16:30:32.411,2026/07/17 16:30:32.419,,00:00:00.008,DATA_OBSERVER,my_contact_profile,0,NOT_STOPPED,16993/17241,38.2,66.0,0.0,
81217895-ad7d-46b5-9d27-0808d81ea462-0,END,2026/07/17 16:30:32.414,2026/07/17 16:30:32.421,,00:00:00.007,DATA_OBSERVER,contacts,0,NOT_STOPPED,16993/17246,38.2,66.1,0.0,
5d9f82bd-6629-4ba5-97e2-9fffb2aaa182-0,END,2026/07/17 16:30:22.360,2026/07/17 16:30:22.362,,00:00:00.002,DATA_OBSERVER,my_contact_profile,0,NOT_STOPPED,16993/17246,37.1,70.0,0.0,
46b97abc-a0a2-4e84-b3a7-6d717a3f0fe4-0,END,2026/07/17 16:30:22.320,2026/07/17 16:30:22.322,,00:00:00.002,DATA_OBSERVER,contacts,0,NOT_STOPPED,16993/17241,37.1,69.8,0.0,
80a16c84-997c-4a2e-b1f8-6b0b95b4a4a2-0,END,2026/07/17 16:20:01.143,2026/07/17 16:20:01.275,,00:00:00.132,REALTIME_DATA_COLLECTOR,calendar,0,NOT_STOPPED,16993/17207,37.5,75.1,9.1,calendar:28:noData:37.5:0.3:0.0:on;calendar:26:5.4:0.00:0.2:0.0:0:0:0:1;
2462cd0e-046e-40cf-bd9d-34167c34e1f1-0,END,2026/07/17 16:19:51.119,2026/07/17 16:19:51.126,,00:00:00.007,DATA_OBSERVER,calendar,0,NOT_STOPPED,16993/17246,37.5,73.3,0.0,
2a355cf1-fc41-4d3f-a0b4-faa84dfdd585-0,END,2026/07/17 16:19:49.719,2026/07/17 16:19:49.878,,00:00:00.159,REALTIME_DATA_COLLECTOR,calendar,0,NOT_STOPPED,16993/17207,37.5,72.9,9.0,calendar:35:noData:37.5:0.3:0.1:on;calendar:34:5.6:0.00:0.3:0.1:0:0:0:1;
65e1c501-d6bb-48b1-b5d4-115fd2fcc316-0,END,2026/07/17 16:19:39.680,2026/07/17 16:19:39.689,,00:00:00.009,DATA_OBSERVER,calendar,0,NOT_STOPPED,16993/17241,37.5,71.2,0.0,
daf4a924-5b82-4c1a-a58d-ee6ba4322907-0,END,2026/07/17 16:19:38.187,2026/07/17 16:19:38.366,,00:00:00.179,REALTIME_DATA_COLLECTOR,calendar,0,NOT_STOPPED,16993/17241,37.2,70.7,8.3,calendar:65:noData:37.2:0.4:-0.1:on;calendar:62:4.7:0.00:0.3:-0.1:0:0:0:1;
bff8c99c-21e1-4aee-befb-c65bb25c99df-0,END,2026/07/17 16:19:28.144,2026/07/17 16:19:28.150,,00:00:00.006,DATA_OBSERVER,calendar,0,NOT_STOPPED,16993/17246,37.2,65.6,0.0,
aedad7fb-a824-406b-bd6f-42cc8f1d5f7f-0,END,2026/07/17 16:03:28.581,2026/07/17 16:03:28.779,,00:00:00.198,REALTIME_DATA_COLLECTOR,contacts,0,NOT_STOPPED,16993/17246,36.9,65.2,13.6,contacts:94:noData:36.9:0.5:0.1:on;contacts:90:10.1:0.00:0.4:0.1:0:0:0:1;
c38b3c8d-c582-472e-9bf0-05aeedd5e0e5-0,END,2026/07/17 16:03:28.601,2026/07/17 16:03:28.717,,00:00:00.116,REALTIME_DATA_COLLECTOR,my_contact_profile,0,NOT_STOPPED,16993/17206,36.9,65.1,15.4,my_contact_profile:26:noData:36.9:0.4:0.1:on;my_contact_profile:20:4.8:0.00:0.2:0.0:0:0:0:1;
95be4202-e009-4fde-9519-6fae27544700-0,END,2026/07/17 16:03:18.476,2026/07/17 16:03:19.281,,00:00:00.805,BATCH_ANALYSIS,,0,NOT_STOPPED,16993/17241,36.5,66.3,2.8,Not compliant
b82d2c1c-6793-40a7-b84a-70b0839b2f76-0,END,2026/07/17 16:03:18.488,2026/07/17 16:03:19.281,,00:00:00.793,BATCH_DATA_COLLECTOR,,0,NOT_STOPPED,16993/17206,36.5,66.3,2.8,Not compliant
bb6d5e10-aeca-45ca-8932-a2faf8d9d429-0,END,2026/07/17 16:03:18.553,2026/07/17 16:03:18.559,,00:00:00.006,DATA_OBSERVER,contacts,0,NOT_STOPPED,16993/17207,36.5,66.0,0.0,
24bdd50e-7b49-42df-be27-2bdbf51e330a-0,END,2026/07/17 16:03:18.560,2026/07/17 16:03:18.562,,00:00:00.002,DATA_OBSERVER,my_contact_profile,0,NOT_STOPPED,16993/17246,36.5,66.1,0.0,
fbfc6613-4bfa-4e8a-a7bc-9d322fab1285-0,END,2026/07/17 15:47:06.408,2026/07/17 15:47:06.740,,00:00:00.332,REALTIME_ANALYSIS,call_log,0,NOT_STOPPED,16993/17207,36.8,64.5,9.1,
bd38b0d6-dd92-4852-a480-7ae434f8e019-0,END,2026/07/17 15:47:03.751,2026/07/17 15:47:04.380,,00:00:00.629,REALTIME_DATA_COLLECTOR,call_log,0,NOT_STOPPED,16993/17246,36.8,57.5,11.1,call_log:511:success:36.8:2.1:0.3:on;call_log:477:7.5:0.00:1.8:0.3:4:9:0:1;
f37af7cd-02e5-4b46-a6be-00f15a54a0cb-0,END,2026/07/17 15:47:03.754,2026/07/17 15:47:03.981,,00:00:00.227,REALTIME_DATA_COLLECTOR,contacts,0,NOT_STOPPED,16993/17241,36.8,55.0,19.9,contacts:111:noData:36.8:1.7:0.8:on;contacts:109:12.8:0.00:1.4:0.8:0:0:0:1;
d5d254c8-c071-46d9-a215-07a4859f1e9e-0,END,2026/07/17 15:47:03.774,2026/07/17 15:47:03.917,,00:00:00.143,REALTIME_DATA_COLLECTOR,my_contact_profile,0,NOT_STOPPED,16993/17206,36.8,53.0,21.5,my_contact_profile:48:noData:36.8:0.4:0.8:on;my_contact_profile:47:10.9:0.00:0.2:0.9:0:0:0:1;
ffb692bf-fee6-4ad3-bb10-75ce391caba4-0,END,2026/07/17 15:46:53.660,2026/07/17 15:46:53.674,,00:00:00.014,DATA_OBSERVER,call_log,0,NOT_STOPPED,16993/17206,36.9,51.6,8.6,
92d286a1-e7ae-4394-98f6-18b3604e4de1-0,END,2026/07/17 15:46:53.673,2026/07/17 15:46:53.689,,00:00:00.016,DATA_OBSERVER,my_contact_profile,0,NOT_STOPPED,16993/17241,36.9,51.7,6.9,
06bab47c-6f34-4bc3-80ff-ede80ff43ebc-0,END,2026/07/17 15:46:53.666,2026/07/17 15:46:53.672,,00:00:00.006,DATA_OBSERVER,contacts,0,NOT_STOPPED,16993/17246,36.9,51.6,0.0,
1622962c-10ed-4287-8aaa-88fa4f8f915e-0,END,2026/07/17 15:28:29.267,2026/07/17 15:28:29.268,,00:00:00.001,REALTIME_DATA_COLLECTOR,contacts,0,NOT_STOPPED,16993/17241,40.3,50.4,0.0,Not compliant
ca650ea9-c916-42bc-b720-fbaa184ef253-0,END,2026/07/17 15:28:29.264,2026/07/17 15:28:29.265,,00:00:00.001,REALTIME_DATA_COLLECTOR,call_log,0,NOT_STOPPED,16993/17246,40.3,50.4,0.0,Not compliant
45276285-b6e9-4993-b49f-57343d253ea4-0,END,2026/07/17 15:28:29.249,2026/07/17 15:28:29.250,,00:00:00.001,REALTIME_DATA_COLLECTOR,my_contact_profile,0,NOT_STOPPED,16993/17207,40.3,50.3,0.0,Not compliant
4fa2c54d-c579-49f9-bf5e-723c51ec621c-0,END,2026/07/17 15:28:19.211,2026/07/17 15:28:19.221,,00:00:00.010,DATA_OBSERVER,call_log,0,NOT_STOPPED,16993/17206,40.7,52.1,20.0,
ed129b5b-47b4-4ae9-bf1b-da51414c2631-0,END,2026/07/17 15:28:19.208,2026/07/17 15:28:19.215,,00:00:00.007,DATA_OBSERVER,contacts,0,NOT_STOPPED,16993/17246,40.7,52.1,0.0,
9c9b29ad-d36d-4936-b9e2-f9aa05327460-0,END,2026/07/17 15:28:19.208,2026/07/17 15:28:19.216,,00:00:00.008,DATA_OBSERVER,my_contact_profile,0,NOT_STOPPED,16993/17207,40.7,52.1,0.0,
882a9545-a032-499f-b85c-6dad7aa0d4f4-0,END,2026/07/17 15:28:10.301,2026/07/17 15:28:10.302,,00:00:00.001,REALTIME_DATA_COLLECTOR,call_log,0,NOT_STOPPED,16993/17241,40.5,51.3,0.0,Not compliant
cef18799-8d7a-4b35-b980-20ffc2a67440-0,END,2026/07/17 15:28:10.291,2026/07/17 15:28:10.292,,00:00:00.001,REALTIME_DATA_COLLECTOR,contacts,0,NOT_STOPPED,16993/17206,40.5,51.2,0.0,Not compliant
f0ec2300-e3af-4a70-b5a7-a60edb430189-0,END,2026/07/17 15:28:10.257,2026/07/17 15:28:10.257,,00:00:00.000,REALTIME_DATA_COLLECTOR,my_contact_profile,0,NOT_STOPPED,16993/17207,40.5,51.1,0.0,Not compliant
bd6d00af-ee77-45f6-805d-bdbc542587cd-0,END,2026/07/17 15:28:00.242,2026/07/17 15:28:00.248,,00:00:00.006,DATA_OBSERVER,contacts,0,NOT_STOPPED,16993/17241,40.6,71.2,0.0,
95b1e3ba-a65f-4adc-a8aa-bc9b32ece229-0,END,2026/07/17 15:28:00.235,2026/07/17 15:28:00.248,,00:00:00.013,DATA_OBSERVER,my_contact_profile,0,NOT_STOPPED,16993/17246,40.6,71.2,7.7,
bf26617b-a1d8-465d-8959-d98967a57a08-0,END,2026/07/17 15:28:00.242,2026/07/17 15:28:00.251,,00:00:00.009,DATA_OBSERVER,call_log,0,NOT_STOPPED,16993/17207,40.6,71.3,13.0,
62276d9f-87b2-419a-b309-0e79bb1d25e6-0,END,2026/07/17 15:27:31.182,2026/07/17 15:27:31.183,,00:00:00.001,REALTIME_DATA_COLLECTOR,call_log,0,NOT_STOPPED,16993/17241,41.0,69.7,0.0,Not compliant
7f3921b4-b02a-49af-930d-43d8c99b2268-0,END,2026/07/17 15:27:21.136,2026/07/17 15:27:21.140,,00:00:00.004,DATA_OBSERVER,call_log,0,NOT_STOPPED,16993/17246,40.7,66.9,0.0,
d2c82cc3-bc39-46f5-93a1-f2bec067adc9-0,END,2026/07/17 15:26:49.313,2026/07/17 15:26:49.314,,00:00:00.001,REALTIME_DATA_COLLECTOR,contacts,0,NOT_STOPPED,16993/17241,40.6,69.7,0.0,Not compliant
7ecdf27a-f450-43b4-8f8f-7b4e4b080dac-0,END,2026/07/17 15:26:49.317,2026/07/17 15:26:49.317,,00:00:00.000,REALTIME_DATA_COLLECTOR,call_log,0,NOT_STOPPED,16993/17207,40.6,69.8,0.0,Not compliant
85b7ddd5-746f-4275-9324-8ee534b7c053-0,END,2026/07/17 15:26:49.290,2026/07/17 15:26:49.291,,00:00:00.001,REALTIME_DATA_COLLECTOR,my_contact_profile,0,NOT_STOPPED,16993/17246,40.6,69.7,0.0,Not compliant
a4f643f4-5624-4018-80b6-a51757a5aa3f-0,END,2026/07/17 15:26:39.268,2026/07/17 15:26:39.273,,00:00:00.005,DATA_OBSERVER,call_log,0,NOT_STOPPED,16993/17241,40.5,66.1,0.0,
b83ebe04-2e6a-43c5-91b6-a8df0f4bcd1d-0,END,2026/07/17 15:26:39.268,2026/07/17 15:26:39.274,,00:00:00.006,DATA_OBSERVER,my_contact_profile,0,NOT_STOPPED,16993/17206,40.5,66.1,0.0,
0a6cba0d-7663-42ab-aa18-9f6b4c0bdadf-0,END,2026/07/17 15:26:39.268,2026/07/17 15:26:39.272,,00:00:00.004,DATA_OBSERVER,contacts,0,NOT_STOPPED,16993/17246,40.5,66.1,0.0,
73ef0bdf-703d-4a72-94a2-a01fd4177101-0,END,2026/07/17 15:26:12.431,2026/07/17 15:26:12.432,,00:00:00.001,REALTIME_DATA_COLLECTOR,call_log,0,NOT_STOPPED,16993/17207,40.5,65.7,0.0,Not compliant
41e1f8b1-e4bd-44b7-936c-2415934d4d84-0,END,2026/07/17 15:26:02.379,2026/07/17 15:26:02.394,,00:00:00.015,DATA_OBSERVER,call_log,0,NOT_STOPPED,16993/17241,40.2,63.6,10.0,
ccbc3b4b-56e7-48fe-86b2-0537cc0700d8-0,END,2026/07/17 15:19:21.141,2026/07/17 15:19:21.250,,00:00:00.109,REALTIME_DATA_COLLECTOR,contacts,0,NOT_STOPPED,16993/17207,38.4,67.4,16.1,contacts:55:noData:38.4:0.6:0.0:on;contacts:53:12.5:0.00:0.3:0.0:0:0:0:1;
3968767b-ea8d-4bee-8199-813891ce4b6b-0,END,2026/07/17 15:19:21.143,2026/07/17 15:19:21.212,,00:00:00.069,REALTIME_DATA_COLLECTOR,my_contact_profile,0,NOT_STOPPED,16993/17241,38.4,67.3,18.3,my_contact_profile:16:noData:38.4:0.4:-0.0:on;my_contact_profile:15:12.5:0.00:0.3:0.0:0:0:0:1;
e66ffb42-f252-4ce6-a55f-36c65b991dfa-0,END,2026/07/17 15:19:11.107,2026/07/17 15:19:11.111,,00:00:00.004,DATA_OBSERVER,contacts,0,NOT_STOPPED,16993/17246,38.4,66.6,0.0,
8de3237f-25a5-4aa4-a899-c78d3504b128-0,END,2026/07/17 15:19:11.107,2026/07/17 15:19:11.111,,00:00:00.004,DATA_OBSERVER,my_contact_profile,0,NOT_STOPPED,16993/17241,38.4,66.6,0.0,
57038543-86c1-4759-a910-f8605d1198aa-0,END,2026/07/17 15:19:10.022,2026/07/17 15:19:10.126,,00:00:00.104,REALTIME_DATA_COLLECTOR,contacts,0,NOT_STOPPED,16993/17206,38.4,66.4,17.6,contacts:37:noData:38.4:0.6:0.0:on;contacts:36:12.9:0.00:0.3:-0.0:0:0:0:1;
a0b63ccd-0602-4d04-be71-92491be0d7fb-0,END,2026/07/17 15:19:10.028,2026/07/17 15:19:10.080,,00:00:00.052,REALTIME_DATA_COLLECTOR,my_contact_profile,0,NOT_STOPPED,16993/17241,38.4,66.0,20.2,my_contact_profile:10:noData:38.4:0.1:0.0:on;my_contact_profile:9:17.0:0.00:0.0:0.0:0:0:0:1;
6b023364-45da-488f-ae69-4c023147d334-0,END,2026/07/17 15:18:59.990,2026/07/17 15:19:00.001,,00:00:00.011,DATA_OBSERVER,my_contact_profile,0,NOT_STOPPED,16993/17246,38.7,65.6,11.8,
abc109c9-8299-4d5a-88cb-855c99f17b3a-0,END,2026/07/17 15:18:59.972,2026/07/17 15:18:59.982,,00:00:00.010,DATA_OBSERVER,contacts,0,NOT_STOPPED,16993/17241,38.7,65.5,7.0,
d4387298-38ca-416c-9a07-1702f9c0c99b-0,END,2026/07/17 15:18:49.797,2026/07/17 15:18:49.875,,00:00:00.078,REALTIME_DATA_COLLECTOR,contacts,0,NOT_STOPPED,16993/17241,38.4,65.3,16.5,contacts:41:noData:38.4:0.5:0.0:on;contacts:40:13.6:0.00:0.3:0.0:0:0:0:1;
b7447e8e-598f-4ec0-b5da-123581e13ade-0,END,2026/07/17 15:18:49.797,2026/07/17 15:18:49.844,,00:00:00.047,REALTIME_DATA_COLLECTOR,my_contact_profile,0,NOT_STOPPED,16993/17207,38.4,65.1,20.0,my_contact_profile:9:noData:38.4:0.4:0.1:on;my_contact_profile:8:0.0:0.00:0.1:0.1:0:0:0:1;
f53145b3-386c-4aab-aa56-cf5dbd5cf261-0,END,2026/07/17 15:18:39.757,2026/07/17 15:18:39.761,,00:00:00.004,DATA_OBSERVER,contacts,0,NOT_STOPPED,16993/17206,38.5,64.6,0.0,
0ecdef4d-1376-4e8d-a56d-3ead5f49fff5-0,END,2026/07/17 15:18:39.757,2026/07/17 15:18:39.761,,00:00:00.004,DATA_OBSERVER,my_contact_profile,0,NOT_STOPPED,16993/17241,38.5,64.6,0.0,
437f7244-f113-4f90-b14e-4d47cc32cd93-0,END,2026/07/17 15:18:38.134,2026/07/17 15:18:38.203,,00:00:00.069,REALTIME_DATA_COLLECTOR,contacts,0,NOT_STOPPED,16993/17246,38.5,64.3,18.9,contacts:26:noData:38.5:0.5:0.0:on;contacts:25:17.6:0.00:0.4:0.0:0:0:0:1;
bc9763ca-b558-4cfa-a268-0ee7fa967e1a-0,END,2026/07/17 15:18:38.129,2026/07/17 15:18:38.204,,00:00:00.075,REALTIME_DATA_COLLECTOR,my_contact_profile,0,NOT_STOPPED,16993/17206,38.5,64.3,18.8,my_contact_profile:7:noData:38.5:0.6:0.0:on;my_contact_profile:5:0.0:0.00:0.1:0.0:0:0:0:1;
05280d99-1455-4d14-8ea2-1d64aa582c2a-0,END,2026/07/17 15:18:28.082,2026/07/17 15:18:28.086,,00:00:00.004,DATA_OBSERVER,my_contact_profile,0,NOT_STOPPED,16993/17207,38.5,63.6,0.0,
b116ebbe-9275-4373-abf0-7a6ff1541829-0,END,2026/07/17 15:18:28.082,2026/07/17 15:18:28.086,,00:00:00.004,DATA_OBSERVER,contacts,0,NOT_STOPPED,16993/17246,38.5,63.6,0.0,
a8fc65ee-73b4-485a-8ffa-a67c22fdfc6d-0,END,2026/07/17 15:18:26.032,2026/07/17 15:18:26.135,,00:00:00.103,REALTIME_DATA_COLLECTOR,contacts,0,NOT_STOPPED,16993/17207,38.5,63.4,15.4,contacts:57:noData:38.5:0.6:0.0:on;contacts:56:11.6:0.00:0.5:0.0:0:0:0:1;
ebe0d74d-6986-4378-8d26-f95236c5b620-0,END,2026/07/17 15:18:26.036,2026/07/17 15:18:26.086,,00:00:00.050,REALTIME_DATA_COLLECTOR,my_contact_profile,0,NOT_STOPPED,16993/17206,38.5,63.3,18.8,my_contact_profile:7:noData:38.5:0.4:0.0:on;my_contact_profile:6:0.0:0.00:0.1:-0.2:0:0:0:1;
1786df55-e57f-4a2b-b638-4dba082c7b75-0,END,2026/07/17 15:18:15.990,2026/07/17 15:18:15.996,,00:00:00.006,DATA_OBSERVER,my_contact_profile,0,NOT_STOPPED,16993/17246,38.8,62.9,0.0,
bb522dd3-17de-48f3-b223-3434cc86cb0e-0,END,2026/07/17 15:18:15.990,2026/07/17 15:18:15.996,,00:00:00.006,DATA_OBSERVER,contacts,0,NOT_STOPPED,16993/17206,38.8,62.9,0.0,
a2def6d9-f2c2-43f6-ae3c-458a5286f545-0,END,2026/07/17 15:18:04.621,2026/07/17 15:18:04.817,,00:00:00.196,REALTIME_DATA_COLLECTOR,contacts,0,NOT_STOPPED,16993/17246,38.7,62.4,19.6,contacts:125:noData:38.9:0.8:-0.6:on;contacts:124:19.3:-0.20:0.7:-0.6:0:0:0:1;
a748f466-6c19-4831-9e34-1f0d91ca12bb-0,END,2026/07/17 15:18:04.736,2026/07/17 15:18:04.741,,00:00:00.005,DATA_OBSERVER,contacts,0,NOT_STOPPED,16993/17206,38.9,60.9,0.0,
77189e32-9644-4a42-b418-1a0677d329ee-0,END,2026/07/17 15:18:04.620,2026/07/17 15:18:04.739,,00:00:00.119,REALTIME_DATA_COLLECTOR,my_contact_profile,0,NOT_STOPPED,16993/17207,38.9,61.0,18.7,my_contact_profile:34:noData:38.9:0.4:-0.5:on;my_contact_profile:32:12.2:0.00:0.2:-0.5:0:0:0:1;
79c60f5a-cfd6-4d65-8664-54090ccf5848-0,END,2026/07/17 15:18:04.724,2026/07/17 15:18:04.729,,00:00:00.005,DATA_OBSERVER,my_contact_profile,0,NOT_STOPPED,16993/17246,38.9,60.7,0.0,
136b5fee-c660-45ed-a10a-bdb6201ac6e7-0,END,2026/07/17 15:17:54.558,2026/07/17 15:17:54.574,,00:00:00.016,DATA_OBSERVER,contacts,0,NOT_STOPPED,16993/17206,38.4,59.1,15.6,
71f89ca8-0495-4a10-9a3f-c29fbaa1dd40-0,END,2026/07/17 15:17:54.558,2026/07/17 15:17:54.574,,00:00:00.016,DATA_OBSERVER,my_contact_profile,0,NOT_STOPPED,16993/17246,38.4,59.0,15.6,
18cf1c25-fbc7-4f82-b65a-623004d78779-0,END,2026/07/17 14:59:12.583,2026/07/17 14:59:13.373,,00:00:00.790,REALTIME_ANALYSIS,call_log,0,NOT_STOPPED,16993/17206,37.4,63.0,9.3,
03697635-f125-4d36-af1c-15bdea4b128e-0,END,2026/07/17 14:59:10.306,2026/07/17 14:59:10.518,,00:00:00.212,REALTIME_DATA_COLLECTOR,call_log,0,NOT_STOPPED,16993/17241,37.4,55.5,14.1,call_log:156:success:37.4:1.9:0.4:on;call_log:143:9.3:0.00:1.4:0.4:1:0:0:1;
2a14554c-c3a6-45ba-8edf-6bdf64e9cd0e-0,END,2026/07/17 14:59:10.264,2026/07/17 14:59:10.391,,00:00:00.127,REALTIME_DATA_COLLECTOR,contacts,0,NOT_STOPPED,16993/17207,37.4,51.7,22.4,contacts:48:noData:37.4:0.7:0.5:on;contacts:47:19.6:0.00:0.4:0.4:0:0:0:1;
dd749504-5668-4da4-a231-1fe19a0d41e1-0,END,2026/07/17 14:59:10.264,2026/07/17 14:59:10.352,,00:00:00.088,REALTIME_DATA_COLLECTOR,my_contact_profile,0,NOT_STOPPED,16993/17206,37.4,50.5,24.2,my_contact_profile:12:noData:37.4:0.3:-0.1:on;my_contact_profile:10:25.5:0.00:0.1:-0.1:0:0:0:1;
543594df-c976-4fde-8e51-aed934638fa3-0,END,2026/07/17 14:59:00.251,2026/07/17 14:59:00.253,,00:00:00.002,DATA_OBSERVER,call_log,0,NOT_STOPPED,16993/17246,37.2,50.0,0.0,
b78e6831-18ab-4581-9eb7-3bea2f678a56-0,END,2026/07/17 14:59:00.206,2026/07/17 14:59:00.210,,00:00:00.004,DATA_OBSERVER,contacts,0,NOT_STOPPED,16993/17241,37.2,49.7,0.0,
b450dac8-91af-41d8-926e-fb640481e013-0,END,2026/07/17 14:59:00.206,2026/07/17 14:59:00.210,,00:00:00.004,DATA_OBSERVER,my_contact_profile,0,NOT_STOPPED,16993/17207,37.2,49.5,0.0,
e5fc7c28-bc79-43c6-ac00-5d7bde375bd1-0,END,2026/07/17 14:57:39.193,2026/07/17 14:57:39.250,,00:00:00.057,REALTIME_DATA_COLLECTOR,contacts,0,NOT_STOPPED,16993/17241,36.8,54.0,15.1,contacts:26:noData:36.8:0.5:0.0:on;contacts:26:10.4:0.00:0.4:0.1:0:0:0:1;
219e0a7e-c9be-4028-8dcb-cf8757be2ff4-0,END,2026/07/17 14:57:39.186,2026/07/17 14:57:39.224,,00:00:00.038,REALTIME_DATA_COLLECTOR,my_contact_profile,0,NOT_STOPPED,16993/17206,36.8,53.9,16.4,my_contact_profile:6:noData:36.8:0.4:0.1:on;my_contact_profile:6:0.0:0.00:0.2:0.1:0:0:0:1;
7afdda9a-6eb0-4047-97dd-02db2fa9060d-0,END,2026/07/17 14:57:29.166,2026/07/17 14:57:29.174,,00:00:00.008,DATA_OBSERVER,my_contact_profile,0,NOT_STOPPED,16993/17246,36.6,53.7,0.0,
bcfe43b8-9cf1-40e7-83ff-44bcde6aee40-0,END,2026/07/17 14:57:29.167,2026/07/17 14:57:29.172,,00:00:00.005,DATA_OBSERVER,contacts,0,NOT_STOPPED,16993/17241,36.6,53.7,0.0,
198aefe2-7519-461b-92de-2a774daf295a-0,END,2026/07/17 14:57:19.144,2026/07/17 14:57:19.189,,00:00:00.045,REALTIME_DATA_COLLECTOR,my_contact_profile,0,NOT_STOPPED,16993/17241,36.5,53.4,14.7,my_contact_profile:3:noData:36.5:0.5:0.0:on;my_contact_profile:2:0.0:0.00:0.1:0.0:0:0:0:1;
e54d6da5-155b-4ca9-b2ab-b54d8ccc7e27-0,END,2026/07/17 14:57:19.137,2026/07/17 14:57:19.189,,00:00:00.052,REALTIME_DATA_COLLECTOR,contacts,0,NOT_STOPPED,16993/17207,36.5,53.4,14.6,contacts:24:noData:36.5:0.6:0.0:on;contacts:23:16.7:0.00:0.5:0.0:0:0:0:1;
97168263-0ac5-4573-9dfa-c305f5118761-0,END,2026/07/17 14:57:19.006,2026/07/17 14:57:19.007,,00:00:00.001,DATA_OBSERVER,contacts,0,NOT_STOPPED,16993/17246,36.5,52.6,0.0,
f01bcef5-4fd7-48af-a2c8-48575cfe4439-0,END,2026/07/17 14:57:19.004,2026/07/17 14:57:19.006,,00:00:00.002,DATA_OBSERVER,my_contact_profile,0,NOT_STOPPED,16993/17241,36.5,52.6,0.0,
31d83d05-ac75-4fa9-afd6-74009fdd7387-0,END,2026/07/17 14:57:09.116,2026/07/17 14:57:09.120,,00:00:00.004,DATA_OBSERVER,my_contact_profile,0,NOT_STOPPED,16993/17206,36.5,52.3,0.0,
﻿ac3efa72-bf97-470b-ab55-a9f1f9dcd125-0,END,2026/07/17 14:57:09.116,2026/07/17 14:57:09.121,,00:00:00.005,DATA_OBSERVER,contacts,0,NOT_STOPPED,16993/17246,36.5,52.3,0.0,
3599bba3-9de7-4fe1-94e2-b59f4f5e1efe-0,END,2026/07/17 14:57:08.002,2026/07/17 14:57:08.081,,00:00:00.079,REALTIME_DATA_COLLECTOR,contacts,0,NOT_STOPPED,16993/17206,36.5,52.1,18.0,contacts:38:noData:36.5:0.6:0.2:on;contacts:36:15.8:0.00:0.4:0.2:0:0:0:1;
849222ad-2480-49ec-b8b0-a235cc145054-0,END,2026/07/17 14:57:08.004,2026/07/17 14:57:08.061,,00:00:00.057,REALTIME_DATA_COLLECTOR,my_contact_profile,0,NOT_STOPPED,16993/17246,36.5,52.0,20.0,my_contact_profile:17:noData:36.5:0.5:0.2:on;my_contact_profile:16:18.0:0.00:0.4:0.2:0:0:0:1;
f0e0007a-8768-4062-a84a-b0793e83dc31-0,END,2026/07/17 14:56:57.983,2026/07/17 14:56:57.986,,00:00:00.003,DATA_OBSERVER,my_contact_profile,0,NOT_STOPPED,16993/17241,36.5,51.4,0.0,
6c004a68-9396-4db8-bd84-809f4f011d57-0,END,2026/07/17 14:56:57.924,2026/07/17 14:56:57.937,,00:00:00.013,DATA_OBSERVER,contacts,0,NOT_STOPPED,16993/17207,36.5,51.3,22.3,
9496fc31-d669-49b4-9d88-5e789adf1688-0,END,2026/07/17 14:56:57.829,2026/07/17 14:56:57.915,,00:00:00.086,REALTIME_DATA_COLLECTOR,contacts,0,NOT_STOPPED,16993/17206,36.5,68.6,20.2,contacts:49:noData:36.5:0.6:0.0:on;contacts:48:20.8:0.00:0.4:0.0:0:0:0:1;
50bb1ab7-885e-4e05-9438-93e03ed50e1e-0,END,2026/07/17 14:56:57.826,2026/07/17 14:56:57.872,,00:00:00.046,REALTIME_DATA_COLLECTOR,my_contact_profile,0,NOT_STOPPED,16993/17246,36.5,68.2,20.9,my_contact_profile:6:noData:36.5:0.4:0.2:on;my_contact_profile:6:0.0:0.00:0.2:0.2:0:0:0:1;
7941030a-a0d0-47c9-80fe-ee0be5985eba-0,END,2026/07/17 14:56:47.787,2026/07/17 14:56:47.795,,00:00:00.008,DATA_OBSERVER,my_contact_profile,0,NOT_STOPPED,16993/17241,36.5,66.6,0.0,
48d907ed-4cf3-4e78-92ba-3ca2e5c7b858-0,END,2026/07/17 14:56:47.794,2026/07/17 14:56:47.796,,00:00:00.002,DATA_OBSERVER,contacts,0,NOT_STOPPED,16993/17206,36.5,66.6,0.0,
3dcd4790-9c49-4432-86d4-0a21499442d2-0,END,2026/07/17 14:56:47.164,2026/07/17 14:56:47.217,,00:00:00.053,REALTIME_DATA_COLLECTOR,contacts,0,NOT_STOPPED,16993/17241,36.5,66.4,10.0,contacts:23:noData:36.5:0.4:-0.0:on;contacts:22:5.0:0.00:0.3:-0.0:0:0:0:1;
163c2eb7-b85e-4e67-8054-25d500c34b46-0,END,2026/07/17 14:56:47.108,2026/07/17 14:56:47.143,,00:00:00.035,REALTIME_DATA_COLLECTOR,my_contact_profile,0,NOT_STOPPED,16993/17241,36.5,65.9,11.7,my_contact_profile:5:noData:36.5:0.2:0.0:on;my_contact_profile:4:0.0:0.00:0.1:0.0:0:0:0:1;
559ef200-edef-4a64-96f1-08811d7b0f9f-0,END,2026/07/17 14:56:37.140,2026/07/17 14:56:37.144,,00:00:00.004,DATA_OBSERVER,contacts,0,NOT_STOPPED,16993/17246,36.5,64.5,0.0,
98e97aeb-0afd-4b8b-8ecc-4810fb1b3cc1-0,END,2026/07/17 14:56:37.084,2026/07/17 14:56:37.089,,00:00:00.005,DATA_OBSERVER,my_contact_profile,0,NOT_STOPPED,16993/17207,36.5,64.3,0.0,
43cc21b7-8a10-41ff-9de0-52c6128da5c0-0,END,2026/07/17 14:56:36.727,2026/07/17 14:56:36.808,,00:00:00.081,REALTIME_DATA_COLLECTOR,contacts,0,NOT_STOPPED,16993/17241,36.5,64.0,9.3,contacts:25:noData:36.5:0.4:-0.2:on;contacts:23:7.1:0.00:0.3:-0.2:0:0:0:1;
2e6e0442-34c3-47ae-8798-03c52b92c9fd-0,END,2026/07/17 14:56:26.757,2026/07/17 14:56:26.797,,00:00:00.040,REALTIME_DATA_COLLECTOR,my_contact_profile,0,NOT_STOPPED,16993/17207,36.3,63.5,14.9,my_contact_profile:9:noData:36.3:0.2:0.0:on;my_contact_profile:8:0.0:0.00:0.1:0.0:0:0:0:1;
efbbcc85-3204-4a43-ad9d-f17bd20f9e76-0,END,2026/07/17 14:56:26.692,2026/07/17 14:56:26.698,,00:00:00.006,DATA_OBSERVER,contacts,0,NOT_STOPPED,16993/17246,36.3,63.0,0.0,
bd206fc2-ca47-46a8-9680-809103989de9-0,END,2026/07/17 14:56:26.693,2026/07/17 14:56:26.697,,00:00:00.004,DATA_OBSERVER,my_contact_profile,0,NOT_STOPPED,16993/17206,36.3,63.0,0.0,
940ca302-c9d1-44cd-979b-cc5ddb5e87af-0,END,2026/07/17 14:56:26.229,2026/07/17 14:56:26.311,,00:00:00.082,REALTIME_DATA_COLLECTOR,contacts,0,NOT_STOPPED,16993/17206,36.3,62.7,6.0,contacts:48:noData:36.3:0.3:0.2:on;contacts:47:3.4:0.00:0.3:0.2:0:0:0:1;
d849ae49-ddc1-4673-b8d4-d4401e656394-0,END,2026/07/17 14:56:20.383,2026/07/17 14:56:20.386,,00:00:00.003,DATA_OBSERVER,contacts,0,NOT_STOPPED,16993/17241,35.4,60.0,0.0,
6890de8b-fbc3-4272-be0a-43c7aafaed0e-0,END,2026/07/17 14:56:16.711,2026/07/17 14:56:16.714,,00:00:00.003,DATA_OBSERVER,my_contact_profile,0,NOT_STOPPED,16993/17207,35.4,57.8,0.0,
7c67da77-b02f-41b3-8ad1-8deae4ecd0be-0,END,2026/07/17 14:56:16.203,2026/07/17 14:56:16.220,,00:00:00.017,DATA_OBSERVER,contacts,0,NOT_STOPPED,16993/17206,35.4,56.5,8.1,
d6ff7f8d-84cd-46d1-b54b-b827268cbcd8-0,END,2026/07/17 13:30:20.916,2026/07/17 13:30:21.347,,00:00:00.431,REALTIME_ANALYSIS,call_log,0,NOT_STOPPED,16993/17241,37.0,67.9,8.4,
7b6fbd02-54c8-4f7c-a280-1831d6a7f8a8-0,END,2026/07/17 13:30:18.271,2026/07/17 13:30:18.874,,00:00:00.603,REALTIME_DATA_COLLECTOR,call_log,0,NOT_STOPPED,16993/17206,37.0,60.4,2.5,call_log:563:success:37.0:1.7:0.5:on;call_log:538:1.8:0.00:1.5:0.5:0:17:0:1;
b8446420-1362-4ceb-9bf8-6bf3ff7b7028-0,END,2026/07/17 13:30:08.217,2026/07/17 13:30:08.242,,00:00:00.025,DATA_OBSERVER,call_log,0,NOT_STOPPED,16993/17246,36.5,50.2,6.2,
3fb49e87-240f-4bae-86f5-8cd41b180b01-0,END,2026/07/17 13:02:14.561,2026/07/17 13:02:15.007,,00:00:00.446,REALTIME_ANALYSIS,call_log,0,NOT_STOPPED,16993/17246,39.2,64.9,6.4,
3a123e78-55d4-43c5-8e58-4b18b58fba56-0,END,2026/07/17 13:02:12.343,2026/07/17 13:02:12.535,,00:00:00.192,REALTIME_DATA_COLLECTOR,call_log,0,NOT_STOPPED,16993/17206,39.2,44.9,5.3,call_log:157:success:39.2:1.3:0.1:on;call_log:134:4.0:0.00:1.2:0.0:1:0:0:1;
5c3601b8-047e-414c-a474-5f5af888f37a-0,END,2026/07/17 13:02:02.300,2026/07/17 13:02:02.303,,00:00:00.003,DATA_OBSERVER,call_log,0,NOT_STOPPED,16993/17207,38.9,45.3,0.0,
d1db9403-95ea-4f8e-9912-710f1fdd925b-0,END,2026/07/17 13:00:38.500,2026/07/17 13:00:38.698,,00:00:00.198,REALTIME_DATA_COLLECTOR,contacts,0,NOT_STOPPED,16993/17207,39.5,45.8,10.3,contacts:145:noData:39.5:0.5:0.3:on;contacts:142:7.7:0.00:0.4:0.3:0:0:0:1;
e9c59ea0-9aa7-4000-a70f-f06858f5e3b0-0,END,2026/07/17 13:00:38.499,2026/07/17 13:00:38.606,,00:00:00.107,REALTIME_DATA_COLLECTOR,my_contact_profile,0,NOT_STOPPED,16993/17241,39.5,43.4,11.7,my_contact_profile:54:noData:39.5:0.3:0.4:on;my_contact_profile:52:5.9:0.00:0.2:0.4:0:0:0:1;
02de9807-cb35-4ccf-aafd-54cd383634a4-0,END,2026/07/17 13:00:28.466,2026/07/17 13:00:28.477,,00:00:00.011,DATA_OBSERVER,my_contact_profile,0,NOT_STOPPED,16993/17246,39.5,34.4,16.7,
c48a41ee-ae63-4b7d-8e9b-d6bf4dfd4eb2-0,END,2026/07/17 13:00:28.466,2026/07/17 13:00:28.477,,00:00:00.011,DATA_OBSERVER,contacts,0,NOT_STOPPED,16993/17207,39.5,33.8,15.5,
37595012-26bd-41c4-9189-5cb4eef2c132-0,END,2026/07/17 12:56:29.987,2026/07/17 12:56:29.988,,00:00:00.001,REALTIME_DATA_COLLECTOR,contacts,0,NOT_STOPPED,16993/17241,40.0,40.4,0.0,Not compliant
c87af822-f9d5-4697-ab7f-6bf72ea67c93-0,END,2026/07/17 12:56:29.954,2026/07/17 12:56:29.955,,00:00:00.001,REALTIME_DATA_COLLECTOR,my_contact_profile,0,NOT_STOPPED,16993/17206,40.0,40.4,0.0,Not compliant
35a2fb5e-af5a-4569-b1ba-dac7d16ee1b8-0,END,2026/07/17 12:56:19.924,2026/07/17 12:56:19.930,,00:00:00.006,DATA_OBSERVER,my_contact_profile,0,NOT_STOPPED,16993/17241,40.1,41.0,0.0,
8fcc17e0-dd73-475b-9cae-e7c6ef987991-0,END,2026/07/17 12:56:19.941,2026/07/17 12:56:19.942,,00:00:00.001,DATA_OBSERVER,contacts,0,NOT_STOPPED,16993/17246,40.1,41.1,0.0,
72a2c2ea-c005-4f98-a663-40723f4b8bc9-0,END,2026/07/17 12:56:19.101,2026/07/17 12:56:19.102,,00:00:00.001,REALTIME_DATA_COLLECTOR,my_contact_profile,0,NOT_STOPPED,16993/17246,40.1,40.8,0.0,Not compliant
513cb9c1-b8d1-4a8a-a42d-b8b88caf46fb-0,END,2026/07/17 12:56:19.087,2026/07/17 12:56:19.089,,00:00:00.002,REALTIME_DATA_COLLECTOR,contacts,0,NOT_STOPPED,16993/17206,40.1,40.7,0.0,Not compliant
22b997e8-21cc-460f-bb3b-7a3f76b8856c-0,END,2026/07/17 12:56:09.053,2026/07/17 12:56:09.057,,00:00:00.004,DATA_OBSERVER,contacts,0,NOT_STOPPED,16993/17246,40.1,40.5,0.0,
e8bc31cf-3e87-4648-a721-4ae72d311e48-0,END,2026/07/17 12:56:09.057,2026/07/17 12:56:09.059,,00:00:00.002,DATA_OBSERVER,my_contact_profile,0,NOT_STOPPED,16993/17207,40.1,40.5,0.0,
9b9993e9-00a1-48f7-aea5-98349f6fc425-0,END,2026/07/17 12:56:08.841,2026/07/17 12:56:08.842,,00:00:00.001,REALTIME_DATA_COLLECTOR,my_contact_profile,0,NOT_STOPPED,16993/17206,40.1,40.1,0.0,Not compliant
ac13a662-f83e-467c-b6f3-17221e140fc1-0,END,2026/07/17 12:56:08.843,2026/07/17 12:56:08.843,,00:00:00.000,REALTIME_DATA_COLLECTOR,contacts,0,NOT_STOPPED,16993/17207,40.1,40.1,0.0,Not compliant
2fa2e063-78ed-48f4-9947-11074c6f74c8-0,END,2026/07/17 12:55:58.813,2026/07/17 12:55:58.820,,00:00:00.007,DATA_OBSERVER,contacts,0,NOT_STOPPED,16993/17241,40.3,39.9,0.0,
72b8966a-63ee-4051-8dc7-bafcb54e1464-0,END,2026/07/17 12:55:58.813,2026/07/17 12:55:58.819,,00:00:00.006,DATA_OBSERVER,my_contact_profile,0,NOT_STOPPED,16993/17207,40.3,39.9,0.0,
2304a53b-3d20-4b8d-85d5-ab55a29a5af8-0,END,2026/07/17 12:55:57.835,2026/07/17 12:55:57.836,,00:00:00.001,REALTIME_DATA_COLLECTOR,my_contact_profile,0,NOT_STOPPED,16993/17206,40.3,39.6,0.0,Not compliant
8e7aecba-1cb5-4ee3-a493-ed95a99cb0f7-0,END,2026/07/17 12:55:57.827,2026/07/17 12:55:57.828,,00:00:00.001,REALTIME_DATA_COLLECTOR,contacts,0,NOT_STOPPED,16993/17207,40.3,39.6,0.0,Not compliant
ecf93b10-b7cd-432c-acd2-18a1b1050f0f-0,END,2026/07/17 12:55:47.793,2026/07/17 12:55:47.799,,00:00:00.006,DATA_OBSERVER,my_contact_profile,0,NOT_STOPPED,16993/17206,40.4,39.4,0.0,
544fd76b-1416-4a22-a9c5-f025395cdf61-0,END,2026/07/17 12:55:47.793,2026/07/17 12:55:47.798,,00:00:00.005,DATA_OBSERVER,contacts,0,NOT_STOPPED,16993/17241,40.4,39.4,0.0,
591d208e-dc9f-4193-96ef-f9ea737f3e67-0,END,2026/07/17 12:55:40.091,2026/07/17 12:55:40.091,,00:00:00.000,REALTIME_DATA_COLLECTOR,my_contact_profile,0,NOT_STOPPED,16993/17207,40.3,39.2,0.0,Not compliant
bcf6707c-0926-4585-8be6-7cc83565e440-0,END,2026/07/17 12:55:40.077,2026/07/17 12:55:40.079,,00:00:00.002,REALTIME_DATA_COLLECTOR,contacts,0,NOT_STOPPED,16993/17246,40.3,39.1,0.0,Not compliant
ef0144c3-698d-4480-a801-5b62c5d5c561-0,END,2026/07/17 12:55:36.779,2026/07/17 12:55:36.784,,00:00:00.005,DATA_OBSERVER,my_contact_profile,0,NOT_STOPPED,16993/17241,40.3,38.9,0.0,
56a69eeb-6433-4dec-9ba7-399c7d914afb-0,END,2026/07/17 12:55:36.780,2026/07/17 12:55:36.784,,00:00:00.004,DATA_OBSERVER,contacts,0,NOT_STOPPED,16993/17206,40.3,38.9,0.0,
4b97b816-f912-44bd-8adf-d881d34678cf-0,END,2026/07/17 12:55:30.042,2026/07/17 12:55:30.044,,00:00:00.002,DATA_OBSERVER,my_contact_profile,0,NOT_STOPPED,16993/17246,40.4,38.3,0.0,
4c646dca-f22b-4727-9ecb-bb4714c886b1-0,END,2026/07/17 12:55:30.041,2026/07/17 12:55:30.044,,00:00:00.003,DATA_OBSERVER,contacts,0,NOT_STOPPED,16993/17207,40.4,38.3,0.0,
ee5cee0d-e891-4663-af26-4ebc1064bbc5-0,END,2026/07/17 12:55:30.027,2026/07/17 12:55:30.029,,00:00:00.002,REALTIME_DATA_COLLECTOR,contacts,0,NOT_STOPPED,16993/17206,40.4,38.1,0.0,Not compliant
eb7970d9-1a79-4d02-961a-c6e6b67784c3-0,END,2026/07/17 12:55:29.989,2026/07/17 12:55:29.990,,00:00:00.001,REALTIME_DATA_COLLECTOR,my_contact_profile,0,NOT_STOPPED,16993/17241,40.4,38.1,0.0,Not compliant
32f295ef-9a0d-42fa-9373-0c43ec0dfb1c-0,END,2026/07/17 12:55:19.995,2026/07/17 12:55:19.998,,00:00:00.003,DATA_OBSERVER,contacts,0,NOT_STOPPED,16993/17246,39.9,38.7,0.0,
5cf177d6-56de-4f89-b36d-047a93357bf8-0,END,2026/07/17 12:55:19.932,2026/07/17 12:55:19.972,,00:00:00.040,DATA_OBSERVER,my_contact_profile,0,NOT_STOPPED,16993/17207,39.9,37.3,7.0,
c4e5ae76-cf6f-4a35-a37c-f419df0a9c5b-0,END,2026/07/17 12:46:28.442,2026/07/17 12:46:28.443,,00:00:00.001,REALTIME_DATA_COLLECTOR,my_contact_profile,0,NOT_STOPPED,16993/17246,40.1,43.2,0.0,Not compliant
62288ffc-6dbd-42ab-bb16-b83c9735e7be-0,END,2026/07/17 12:46:28.416,2026/07/17 12:46:28.417,,00:00:00.001,REALTIME_DATA_COLLECTOR,contacts,0,NOT_STOPPED,16993/17241,40.1,43.0,0.0,Not compliant
3edcb189-65bd-449f-bd9c-53fc067ba7f3-0,END,2026/07/17 12:46:18.380,2026/07/17 12:46:18.400,,00:00:00.020,DATA_OBSERVER,my_contact_profile,0,NOT_STOPPED,16993/17207,40.2,44.3,14.3,
919786af-4250-41c5-a25e-e38bf46ce5c0-0,END,2026/07/17 12:46:18.380,2026/07/17 12:46:18.400,,00:00:00.020,DATA_OBSERVER,contacts,0,NOT_STOPPED,16993/17246,40.2,44.2,14.5,
933b5d4f-050f-4b01-b880-978e6aec990d-0,END,2026/07/17 12:44:58.110,2026/07/17 12:44:58.135,,00:00:00.025,START_DATA_OBSERVER,,0,NOT_STOPPED,16993/17206,38.9,92.0,18.4,
d0ab117f-5813-4386-967e-5245e0c9fd02-0,END,2026/07/17 12:44:57.660,2026/07/17 12:44:58.027,,00:00:00.367,BOOT_COMPLETED,,0,NOT_STOPPED,16993/17207,38.9,88.8,5.7,
b5f47242-4999-4893-8cd3-a82c136d740e-0,END,2026/07/17 12:36:49.056,2026/07/17 12:36:49.337,,00:00:00.281,REALTIME_ANALYSIS,call_log,0,NOT_STOPPED,18671/19048,34.7,62.5,7.5,
526597e6-330e-4348-972e-408a3aff2827-0,END,2026/07/17 12:36:46.697,2026/07/17 12:36:47.036,,00:00:00.339,REALTIME_DATA_COLLECTOR,call_log,0,NOT_STOPPED,18671/19048,34.5,56.1,2.6,call_log:299:success:34.5:1.3:0.9:on;call_log:291:1.4:0.00:1.1:0.9:0:1:0:1;
42bef344-f15e-4d5d-9a38-ca4e4eb7d21a-0,END,2026/07/17 12:36:36.624,2026/07/17 12:36:36.632,,00:00:00.008,DATA_OBSERVER,call_log,0,NOT_STOPPED,18671/19173,34.3,48.2,0.0,
8a5238c7-743f-49bb-b365-4144dbce47af-0,END,2026/07/17 12:31:04.482,2026/07/17 12:31:04.758,,00:00:00.276,REALTIME_ANALYSIS,call_log,0,NOT_STOPPED,18671/19173,38.1,71.2,8.4,
2528c6a2-0b62-4622-adb3-e2214de689ee-0,END,2026/07/17 12:31:02.064,2026/07/17 12:31:02.460,,00:00:00.396,REALTIME_DATA_COLLECTOR,call_log,0,NOT_STOPPED,18671/19173,38.1,64.6,2.6,call_log:361:success:38.1:1.4:0.6:on;call_log:350:1.6:0.00:1.2:0.6:1:3:0:1;
aec34f3c-4eaa-48bc-85c3-2073c7dff0dc-0,END,2026/07/17 12:30:51.968,2026/07/17 12:30:51.998,,00:00:00.030,DATA_OBSERVER,call_log,0,NOT_STOPPED,18671/19047,38.0,57.6,2.3,
3a964e2b-e366-415d-94a5-978c194f76a4-0,END,2026/07/17 12:29:51.493,2026/07/17 12:29:51.636,,00:00:00.143,REALTIME_DATA_COLLECTOR,contacts,0,NOT_STOPPED,18671/19048,39.9,60.1,12.0,contacts:95:noData:39.9:0.5:-0.8:on;contacts:92:8.9:0.00:0.4:-0.8:0:0:0:1;
49855fed-8a8d-49b1-8bc9-3152b093bddd-0,END,2026/07/17 12:29:51.504,2026/07/17 12:29:51.570,,00:00:00.066,REALTIME_DATA_COLLECTOR,my_contact_profile,0,NOT_STOPPED,18671/19160,39.9,57.9,15.2,my_contact_profile:26:noData:39.9:0.2:-0.7:on;my_contact_profile:24:7.2:0.00:0.0:-0.8:0:0:0:1;
4e7c2875-038f-4157-b300-7511f00342d6-0,END,2026/07/17 12:29:45.666,2026/07/17 12:29:45.667,,00:00:00.001,REALTIME_DATA_COLLECTOR,call_log,0,NOT_STOPPED,18671/19173,40.1,58.6,0.0,Not compliant
36554077-fee1-4ab2-8d37-2a2f2d0aa44a-0,END,2026/07/17 12:29:41.465,2026/07/17 12:29:41.471,,00:00:00.006,DATA_OBSERVER,contacts,0,NOT_STOPPED,18671/19047,40.1,57.8,0.0,
41906ac2-f8b7-4635-b98d-1a1cca93607e-0,END,2026/07/17 12:29:41.465,2026/07/17 12:29:41.475,,00:00:00.010,DATA_OBSERVER,my_contact_profile,0,NOT_STOPPED,18671/19160,40.1,57.9,0.0,
b57d275b-b57f-42d9-8906-d41a401876c8-0,END,2026/07/17 12:29:35.601,2026/07/17 12:29:35.641,,00:00:00.040,DATA_OBSERVER,call_log,0,NOT_STOPPED,18671/19173,39.4,55.9,6.3,
a817eca2-9f1e-4b4d-a2c3-1345d8e2ece1-0,END,2026/07/17 12:21:48.943,2026/07/17 12:21:49.083,,00:00:00.140,REALTIME_ANALYSIS,call_log,0,NOT_STOPPED,18671/19160,35.5,60.2,9.5,
892d8bb1-bf7e-48e7-8e1a-7ae54ceaa901-0,END,2026/07/17 12:21:46.842,2026/07/17 12:21:46.931,,00:00:00.089,REALTIME_DATA_COLLECTOR,call_log,0,NOT_STOPPED,18671/19047,35.2,58.6,6.5,call_log:55:success:35.2:1.3:-0.0:on;call_log:51:3.3:0.00:1.1:-0.0:0:3:0:1;
b950f440-ffb1-47bd-8d16-d1b556cb5e25-0,END,2026/07/17 12:21:36.823,2026/07/17 12:21:36.827,,00:00:00.004,DATA_OBSERVER,call_log,0,NOT_STOPPED,18671/19160,35.3,58.7,0.0,
a4760988-a614-49ee-a013-4b9f725ce542-0,END,2026/07/17 12:21:29.288,2026/07/17 12:21:29.432,,00:00:00.144,REALTIME_ANALYSIS,call_log,0,NOT_STOPPED,18671/19160,35.3,58.6,10.1,
94ba79be-81d1-4886-b8be-d5c82dfde5c1-0,END,2026/07/17 12:21:27.155,2026/07/17 12:21:27.271,,00:00:00.116,REALTIME_DATA_COLLECTOR,call_log,0,NOT_STOPPED,18671/19173,35.5,56.7,6.9,call_log:83:success:35.5:1.3:-0.0:on;call_log:75:5.1:0.00:1.2:-0.1:1:0:0:1;
b0c6af50-6af7-40df-9dc5-d28409a7fab5-0,END,2026/07/17 12:21:17.126,2026/07/17 12:21:17.130,,00:00:00.004,DATA_OBSERVER,call_log,0,NOT_STOPPED,18671/19048,35.6,55.6,0.0,
9e82d644-8072-4e30-accf-1e2e9ce7d02e-0,END,2026/07/17 12:21:00.816,2026/07/17 12:21:01.052,,00:00:00.236,REALTIME_ANALYSIS,call_log,0,NOT_STOPPED,18671/19173,35.6,80.9,11.6,
7436d7cd-3641-43b9-806d-7eebeb3c2f28-0,END,2026/07/17 12:20:58.672,2026/07/17 12:20:58.799,,00:00:00.127,REALTIME_DATA_COLLECTOR,call_log,0,NOT_STOPPED,18671/19048,35.6,70.2,5.9,call_log:88:success:35.6:1.3:-0.0:on;call_log:83:3.6:0.00:1.1:-0.0:1:1:0:1;
3ac3c62d-7b7b-41b1-a45d-3f02d10f645d-0,END,2026/07/17 12:20:55.663,2026/07/17 12:20:55.666,,00:00:00.003,DATA_OBSERVER,call_log,0,NOT_STOPPED,18671/19160,35.3,68.2,0.0,
e7bd52c6-9b6c-4b82-a600-2c33e1e76ab7-0,END,2026/07/17 12:20:48.644,2026/07/17 12:20:48.647,,00:00:00.003,DATA_OBSERVER,call_log,0,NOT_STOPPED,18671/19173,35.3,68.3,0.0,
0c8e7613-b817-4dba-aaa2-21e31ee3ad5b-0,END,2026/07/17 12:20:33.119,2026/07/17 12:20:33.349,,00:00:00.230,REALTIME_ANALYSIS,call_log,0,NOT_STOPPED,18671/19173,35.2,68.1,9.5,
b05f5b7e-82c1-4cf2-9808-24376ab387b0-0,END,2026/07/17 12:20:30.869,2026/07/17 12:20:31.104,,00:00:00.235,REALTIME_DATA_COLLECTOR,call_log,0,NOT_STOPPED,18671/19048,35.2,66.1,4.3,call_log:196:success:35.2:1.6:-0.0:on;call_log:191:3.0:0.00:1.4:-0.0:0:17:0:1;
c8aa9ecb-7e51-4317-938e-d18545239c26-0,END,2026/07/17 12:20:20.841,2026/07/17 12:20:20.846,,00:00:00.005,DATA_OBSERVER,call_log,0,NOT_STOPPED,18671/19173,34.9,71.9,0.0,
96db2130-700e-49d1-a248-68d6f4fd102e-0,END,2026/07/17 12:15:47.736,2026/07/17 12:15:47.891,,00:00:00.155,REALTIME_ANALYSIS,call_log,0,NOT_STOPPED,18671/19173,34.9,84.2,9.5,
3a320403-2109-451c-b86d-29eeceab6b30-0,END,2026/07/17 12:15:45.599,2026/07/17 12:15:45.717,,00:00:00.118,REALTIME_DATA_COLLECTOR,call_log,0,NOT_STOPPED,18671/19048,34.9,82.3,6.3,call_log:85:success:34.9:1.3:-0.0:on;call_log:77:3.8:0.00:1.1:-0.1:1:0:0:1;
39307e0e-a926-4882-bb6d-2667ea1c8db4-0,END,2026/07/17 12:15:35.576,2026/07/17 12:15:35.582,,00:00:00.006,DATA_OBSERVER,call_log,0,NOT_STOPPED,18671/19160,34.9,80.4,0.0,
9a8aa9e2-669b-4ad7-8e61-8ab053bcd30d-0,END,2026/07/17 12:09:18.646,2026/07/17 12:09:18.948,,00:00:00.302,REALTIME_ANALYSIS,call_log,0,NOT_STOPPED,18671/19048,37.6,77.1,7.9,
f4c4668c-5084-4026-aaa2-5a6838f9e6a4-0,END,2026/07/17 12:09:16.272,2026/07/17 12:09:16.618,,00:00:00.346,REALTIME_DATA_COLLECTOR,call_log,0,NOT_STOPPED,18671/19048,37.6,69.4,7.1,call_log:299:success:37.6:2.0:0.5:on;call_log:293:5.7:0.00:1.7:0.5:1:0:0:1;
0e8cc0fb-445f-4238-92a3-5f78e1619721-0,END,2026/07/17 12:09:16.310,2026/07/17 12:09:16.399,,00:00:00.089,REALTIME_DATA_COLLECTOR,contacts,0,NOT_STOPPED,18671/19047,37.6,67.6,15.2,contacts:46:noData:37.6:1.6:0.6:on;contacts:44:11.6:0.00:1.3:0.5:0:0:0:1;
e021fe4b-d525-499b-a78a-f247219be03f-0,END,2026/07/17 12:09:16.291,2026/07/17 12:09:16.353,,00:00:00.062,REALTIME_DATA_COLLECTOR,my_contact_profile,0,NOT_STOPPED,18671/19160,37.6,65.1,18.3,my_contact_profile:15:noData:37.6:0.4:0.1:on;my_contact_profile:14:17.7:0.00:0.1:-0.1:0:0:0:1;
6f57b4bb-db7a-45a0-a4cd-df1847ec5700-0,END,2026/07/17 12:09:06.239,2026/07/17 12:09:06.249,,00:00:00.010,DATA_OBSERVER,call_log,0,NOT_STOPPED,18671/19173,37.6,61.0,0.0,
7b126e15-fa77-4ced-9ac3-90476a1e79f6-0,END,2026/07/17 12:09:06.239,2026/07/17 12:09:06.254,,00:00:00.015,DATA_OBSERVER,my_contact_profile,0,NOT_STOPPED,18671/19160,37.6,61.0,14.0,
bdd21807-41ee-4795-a907-c0e6dd161200-0,END,2026/07/17 12:09:06.238,2026/07/17 12:09:06.249,,00:00:00.011,DATA_OBSERVER,contacts,0,NOT_STOPPED,18671/19048,37.6,60.4,14.5,
c3dce65b-027c-42a7-b149-96c11a1399eb-0,END,2026/07/17 11:53:23.517,2026/07/17 11:53:23.792,,00:00:00.275,REALTIME_ANALYSIS,call_log,0,NOT_STOPPED,18671/19160,39.0,61.7,9.6,
d0d2bb1a-15c7-47c2-9614-b7aea47faf4c-0,END,2026/07/17 11:53:21.293,2026/07/17 11:53:21.493,,00:00:00.200,REALTIME_DATA_COLLECTOR,call_log,0,NOT_STOPPED,18671/19173,39.0,57.8,10.1,call_log:174:success:39.0:2.0:0.4:on;call_log:157:9.6:0.00:1.8:0.4:1:4:0:1;
﻿a1d46a89-66f3-4e38-a360-f8603d7bbab7-0,END,2026/07/17 11:53:21.352,2026/07/17 11:53:21.470,,00:00:00.118,REALTIME_DATA_COLLECTOR,contacts,0,NOT_STOPPED,18671/19160,39.0,57.3,11.0,contacts:84:noData:39.0:0.8:0.4:on;contacts:82:8.2:0.00:0.6:0.4:0:0:0:1;
b7a5190d-b319-4b01-9d5b-7d71cdda9099-0,END,2026/07/17 11:53:21.358,2026/07/17 11:53:21.401,,00:00:00.043,REALTIME_DATA_COLLECTOR,my_contact_profile,0,NOT_STOPPED,18671/19173,39.0,56.3,15.6,my_contact_profile:15:noData:39.0:0.3:0.3:on;my_contact_profile:14:8.6:0.00:0.2:0.3:0:0:0:1;
dfb19897-0ffd-4534-aa7b-b02226cb8223-0,END,2026/07/17 11:53:15.190,2026/07/17 11:53:15.198,,00:00:00.008,DATA_OBSERVER,call_log,0,NOT_STOPPED,18671/19047,38.9,56.0,0.0,
7ad4622c-16e3-4227-95ba-8f9dee65f33f-0,END,2026/07/17 11:53:15.190,2026/07/17 11:53:15.199,,00:00:00.009,DATA_OBSERVER,contacts,0,NOT_STOPPED,18671/19048,38.9,56.0,0.0,
d84f8eac-79b1-40d4-bb2c-ac00d4a3de21-0,END,2026/07/17 11:53:15.192,2026/07/17 11:53:15.194,,00:00:00.002,DATA_OBSERVER,my_contact_profile,0,NOT_STOPPED,18671/19160,38.9,56.0,0.0,
c6241e13-e181-41a5-b8e1-e3691bdad53c-0,END,2026/07/17 11:53:11.287,2026/07/17 11:53:11.293,,00:00:00.006,DATA_OBSERVER,my_contact_profile,0,NOT_STOPPED,18671/19173,38.9,55.6,0.0,
3d817c38-cabf-4c4f-9e67-b58390c1689d-0,END,2026/07/17 11:53:11.288,2026/07/17 11:53:11.289,,00:00:00.001,DATA_OBSERVER,contacts,0,NOT_STOPPED,18671/19160,38.9,55.6,0.0,
e14b66e9-32df-4ce3-9b63-33763349be13-0,END,2026/07/17 11:53:11.257,2026/07/17 11:53:11.260,,00:00:00.003,DATA_OBSERVER,call_log,0,NOT_STOPPED,18671/19047,38.9,55.3,0.0,
27185b21-e925-4a14-9f6b-b7ff3ae41912-0,END,2026/07/17 11:52:58.885,2026/07/17 11:52:58.973,,00:00:00.088,REALTIME_DATA_COLLECTOR,contacts,0,NOT_STOPPED,18671/19047,38.7,62.1,14.7,contacts:45:noData:38.7:0.5:-0.2:on;contacts:44:12.0:0.00:0.3:-0.2:0:0:0:1;
37f743ff-1fea-4f0c-8f9c-1db7af63061d-0,END,2026/07/17 11:52:58.876,2026/07/17 11:52:58.937,,00:00:00.061,REALTIME_DATA_COLLECTOR,my_contact_profile,0,NOT_STOPPED,18671/19160,38.7,61.8,15.9,my_contact_profile:9:noData:38.7:0.4:-0.0:on;my_contact_profile:7:0.0:0.00:0.1:-0.0:0:0:0:1;
54149901-1a68-499f-85d8-b8a59ec4aa91-0,END,2026/07/17 11:52:54.376,2026/07/17 11:52:54.380,,00:00:00.004,DATA_OBSERVER,contacts,0,NOT_STOPPED,18671/19173,38.9,61.3,0.0,
26d89a93-95b5-40ee-81e1-3b6990c34c7c-0,END,2026/07/17 11:52:54.338,2026/07/17 11:52:54.342,,00:00:00.004,DATA_OBSERVER,my_contact_profile,0,NOT_STOPPED,18671/19047,38.9,61.2,0.0,
a2d2ae4d-3dd9-4a7f-af4d-a62927b528ce-0,END,2026/07/17 11:52:48.845,2026/07/17 11:52:48.850,,00:00:00.005,DATA_OBSERVER,contacts,0,NOT_STOPPED,18671/19173,38.9,60.9,0.0,
0ae0b9b5-6761-4bae-a4d8-7f5b52ea8c3e-0,END,2026/07/17 11:52:48.845,2026/07/17 11:52:48.850,,00:00:00.005,DATA_OBSERVER,my_contact_profile,0,NOT_STOPPED,18671/19160,38.9,60.9,0.0,
b81c459d-c4b5-44c1-8a4a-9ed9c6c3bdea-0,END,2026/07/17 11:52:47.183,2026/07/17 11:52:47.283,,00:00:00.100,REALTIME_DATA_COLLECTOR,contacts,0,NOT_STOPPED,18671/19160,38.9,60.6,17.1,contacts:47:noData:39.0:0.5:0.0:on;contacts:46:12.7:-0.10:0.4:0.0:0:0:0:1;
ed980083-e8db-4034-97c2-81591b93e04f-0,END,2026/07/17 11:52:47.179,2026/07/17 11:52:47.256,,00:00:00.077,REALTIME_DATA_COLLECTOR,my_contact_profile,0,NOT_STOPPED,18671/19048,39.0,60.6,18.3,my_contact_profile:8:noData:39.0:0.4:0.0:on;my_contact_profile:7:0.0:0.00:0.1:-0.2:0:0:0:1;
b28a728f-bdff-4dba-841e-06c058f33099-0,END,2026/07/17 11:52:37.132,2026/07/17 11:52:37.136,,00:00:00.004,DATA_OBSERVER,my_contact_profile,0,NOT_STOPPED,18671/19047,38.9,59.8,0.0,
4afc3571-ad24-40c0-b3ca-60c86a6ab4b0-0,END,2026/07/17 11:52:37.143,2026/07/17 11:52:37.145,,00:00:00.002,DATA_OBSERVER,contacts,0,NOT_STOPPED,18671/19160,38.9,59.9,0.0,
f70c0caf-0071-4e40-ae70-3e842426c4bf-0,END,2026/07/17 11:52:35.859,2026/07/17 11:52:35.933,,00:00:00.074,REALTIME_DATA_COLLECTOR,contacts,0,NOT_STOPPED,18671/19047,38.9,59.7,15.5,contacts:38:noData:38.9:0.5:0.0:on;contacts:37:12.5:0.00:0.4:0.0:0:0:0:1;
9c71aa3f-74d8-43d9-88fb-737e23af4260-0,END,2026/07/17 11:52:35.858,2026/07/17 11:52:35.904,,00:00:00.046,REALTIME_DATA_COLLECTOR,my_contact_profile,0,NOT_STOPPED,18671/19048,38.9,59.4,17.4,my_contact_profile:10:noData:38.9:0.4:0.2:on;my_contact_profile:10:0.0:0.00:0.2:0.2:0:0:0:1;
dcd3dba1-58b1-4fa6-b8ea-573bd0e4f08f-0,END,2026/07/17 11:52:25.834,2026/07/17 11:52:25.838,,00:00:00.004,DATA_OBSERVER,contacts,0,NOT_STOPPED,18671/19160,39.1,60.5,0.0,
d5212596-7705-4838-8a96-e9a9eb4ffaf9-0,END,2026/07/17 11:52:25.835,2026/07/17 11:52:25.839,,00:00:00.004,DATA_OBSERVER,my_contact_profile,0,NOT_STOPPED,18671/19047,39.1,60.5,0.0,
7c23d584-0d9e-4a25-98ca-6200f55b6970-0,END,2026/07/17 11:52:15.847,2026/07/17 11:52:15.976,,00:00:00.129,REALTIME_DATA_COLLECTOR,contacts,0,NOT_STOPPED,18671/19160,38.7,62.2,8.3,contacts:86:noData:38.7:0.5:0.1:on;contacts:83:3.7:0.00:0.3:0.1:0:0:0:1;
d7c3997c-31e8-4964-9fe0-ae970de2aca4-0,END,2026/07/17 11:52:15.796,2026/07/17 11:52:15.854,,00:00:00.058,REALTIME_DATA_COLLECTOR,my_contact_profile,0,NOT_STOPPED,18671/19173,38.7,62.0,14.0,my_contact_profile:11:noData:38.7:0.3:0.0:on;my_contact_profile:10:9.0:0.00:0.1:0.0:0:0:0:1;
a0a1c92a-c7b2-482e-90aa-a1092977bc1e-0,END,2026/07/17 11:52:15.771,2026/07/17 11:52:15.776,,00:00:00.005,DATA_OBSERVER,contacts,0,NOT_STOPPED,18671/19160,38.7,61.4,0.0,
13271fb9-4176-4b16-9308-2966e0114d54-0,END,2026/07/17 11:52:15.771,2026/07/17 11:52:15.777,,00:00:00.006,DATA_OBSERVER,my_contact_profile,0,NOT_STOPPED,18671/19047,38.7,61.5,0.0,
0ed92fcf-5ad2-4c06-9b1c-d8512356cb8f-0,END,2026/07/17 11:52:14.949,2026/07/17 11:52:15.108,,00:00:00.159,REALTIME_ANALYSIS,call_log,0,NOT_STOPPED,18671/19173,38.7,61.2,9.2,
46a472ef-91b9-4868-a709-508d03b6fb96-0,END,2026/07/17 11:52:12.840,2026/07/17 11:52:12.931,,00:00:00.091,REALTIME_DATA_COLLECTOR,call_log,0,NOT_STOPPED,18671/19048,38.7,59.2,7.1,call_log:59:success:38.7:1.3:-0.0:on;call_log:56:4.6:0.00:1.1:-0.0:1:0:0:1;
2de5c521-9f23-4e22-8c90-9c3489038386-0,END,2026/07/17 11:52:05.821,2026/07/17 11:52:05.824,,00:00:00.003,DATA_OBSERVER,contacts,0,NOT_STOPPED,18671/19047,38.7,58.2,0.0,
98da6145-8462-40ed-bcca-3ced5e030656-0,END,2026/07/17 11:52:05.772,2026/07/17 11:52:05.774,,00:00:00.002,DATA_OBSERVER,my_contact_profile,0,NOT_STOPPED,18671/19160,38.7,58.0,0.0,
c39828cb-79ca-4799-8ea0-e0fc44cf5ef8-0,END,2026/07/17 11:52:02.815,2026/07/17 11:52:02.819,,00:00:00.004,DATA_OBSERVER,call_log,0,NOT_STOPPED,18671/19047,38.7,58.4,0.0,
d1ef9799-99d6-44cf-a3a5-fc14ee57b7eb-0,END,2026/07/17 11:51:42.358,2026/07/17 11:51:42.580,,00:00:00.222,REALTIME_ANALYSIS,call_log,0,NOT_STOPPED,18671/19160,38.9,80.1,11.0,
c6f232eb-f724-496f-9256-f44e0df9f726-0,END,2026/07/17 11:51:40.143,2026/07/17 11:51:40.336,,00:00:00.193,REALTIME_DATA_COLLECTOR,call_log,0,NOT_STOPPED,18671/19160,38.9,76.3,5.8,call_log:141:success:38.9:1.4:-0.0:on;call_log:128:3.6:0.00:1.2:-0.0:1:2:0:1;
5e699170-5df8-473f-8a6b-913e8f277da4-0,END,2026/07/17 11:51:36.710,2026/07/17 11:51:36.714,,00:00:00.004,DATA_OBSERVER,call_log,0,NOT_STOPPED,18671/19173,38.9,74.1,0.0,
7ffe8674-b57d-4a86-8cf8-ef24faa5360e-0,END,2026/07/17 11:51:30.119,2026/07/17 11:51:30.124,,00:00:00.005,DATA_OBSERVER,call_log,0,NOT_STOPPED,18671/19048,38.9,74.2,0.0,
92fd57d6-4747-4e26-b5bf-d27010c57765-0,END,2026/07/17 11:51:17.010,2026/07/17 11:51:17.391,,00:00:00.381,REALTIME_ANALYSIS,call_log,0,NOT_STOPPED,18671/19048,39.2,74.1,7.9,
e27df528-1f13-4c9c-bd1a-3eeb7f1e378d-0,END,2026/07/17 11:51:13.848,2026/07/17 11:51:14.991,,00:00:01.143,REALTIME_DATA_COLLECTOR,call_log,0,NOT_STOPPED,18671/19047,39.3,65.9,3.1,call_log:1093:success:39.3:3.5:0.8:on;call_log:1070:2.7:0.00:3.3:0.8:0:119:0:1;
99dd9048-5e76-49bc-9c53-96e03794783d-0,END,2026/07/17 11:51:03.783,2026/07/17 11:51:03.802,,00:00:00.019,DATA_OBSERVER,call_log,0,NOT_STOPPED,18671/19160,39.1,51.6,5.0,
cea3c304-ab53-44c4-b1f5-4c1feb188263-0,END,2026/07/17 11:41:06.842,2026/07/17 11:41:07.255,,00:00:00.413,REALTIME_ANALYSIS,call_log,0,NOT_STOPPED,18671/19160,35.9,75.1,7.3,
e4e1f5d5-ba61-4e51-8c77-faf2c8af2ea6-0,END,2026/07/17 11:41:04.592,2026/07/17 11:41:04.822,,00:00:00.230,REALTIME_DATA_COLLECTOR,call_log,0,NOT_STOPPED,18671/19160,35.6,57.3,9.5,call_log:198:success:35.6:1.8:0.0:on;call_log:171:7.2:0.00:1.5:0.0:1:0:0:1;
1cb4e9d8-7e5d-4d32-ad06-a50ab1b0f8d8-0,END,2026/07/17 11:41:04.574,2026/07/17 11:41:04.651,,00:00:00.077,REALTIME_DATA_COLLECTOR,contacts,0,NOT_STOPPED,18671/19173,35.6,50.4,19.6,contacts:31:noData:35.6:0.7:0.3:on;contacts:30:15.8:0.00:0.4:0.3:0:0:0:1;
5fcc2b79-8d69-401a-a033-676b5b0e5367-0,END,2026/07/17 11:41:04.568,2026/07/17 11:41:04.620,,00:00:00.052,REALTIME_DATA_COLLECTOR,my_contact_profile,0,NOT_STOPPED,18671/19047,35.6,49.8,21.3,my_contact_profile:6:noData:35.6:0.3:0.0:on;my_contact_profile:6:0.0:0.00:0.1:0.0:0:0:0:1;
07a53ecc-4b84-431d-8207-52b8ae236085-0,END,2026/07/17 11:40:54.540,2026/07/17 11:40:54.541,,00:00:00.001,DATA_OBSERVER,my_contact_profile,0,NOT_STOPPED,18671/19048,35.6,49.8,0.0,
4a60eed8-7e1d-4cb3-9b0d-b487acbef0f5-0,END,2026/07/17 11:40:54.541,2026/07/17 11:40:54.543,,00:00:00.002,DATA_OBSERVER,call_log,0,NOT_STOPPED,18671/19173,35.6,49.8,0.0,
e25cb41e-8aac-40bd-bff2-74c29cc26b18-0,END,2026/07/17 11:40:54.536,2026/07/17 11:40:54.541,,00:00:00.005,DATA_OBSERVER,contacts,0,NOT_STOPPED,18671/19047,35.6,49.6,0.0,
e1df0ba5-16da-48bb-9273-84ac18757547-0,END,2026/07/17 11:36:23.981,2026/07/17 11:36:24.027,,00:00:00.046,REALTIME_DATA_COLLECTOR,my_contact_profile,0,NOT_STOPPED,18671/19173,35.1,53.8,18.4,my_contact_profile:6:noData:35.1:0.4:0.2:on;my_contact_profile:6:0.0:0.00:0.2:0.2:0:0:0:1;
5d5a8519-b2a7-4f6e-9b8c-ca146dca25a2-0,END,2026/07/17 11:36:23.986,2026/07/17 11:36:24.043,,00:00:00.057,REALTIME_DATA_COLLECTOR,contacts,0,NOT_STOPPED,18671/19047,35.1,53.9,17.2,contacts:25:noData:35.1:0.5:0.0:on;contacts:24:14.8:0.00:0.4:0.0:0:0:0:1;
b30357c4-57d9-4a88-b75f-cc1c9c0c8567-0,END,2026/07/17 11:36:13.954,2026/07/17 11:36:13.959,,00:00:00.005,DATA_OBSERVER,my_contact_profile,0,NOT_STOPPED,18671/19048,34.8,53.2,0.0,
4387f7fa-50f4-4513-9b86-1301ac2b9124-0,END,2026/07/17 11:36:13.955,2026/07/17 11:36:13.960,,00:00:00.005,DATA_OBSERVER,contacts,0,NOT_STOPPED,18671/19047,34.8,53.2,0.0,
2226ed9c-3943-4abb-92e6-4b75b9a963e0-0,END,2026/07/17 11:36:12.388,2026/07/17 11:36:12.460,,00:00:00.072,REALTIME_DATA_COLLECTOR,contacts,0,NOT_STOPPED,18671/19047,34.8,53.0,7.3,contacts:35:noData:34.8:0.4:-0.0:on;contacts:33:4.2:0.00:0.3:-0.0:0:0:0:1;
06a41352-1741-474e-a347-e2f953f91099-0,END,2026/07/17 11:36:11.514,2026/07/17 11:36:11.554,,00:00:00.040,REALTIME_DATA_COLLECTOR,my_contact_profile,0,NOT_STOPPED,18671/19160,34.8,52.6,10.5,my_contact_profile:7:noData:34.8:0.2:0.0:on;my_contact_profile:6:0.0:0.00:0.1:0.0:0:0:0:1;
6425979b-e0a5-40f6-b5c2-244f5b6769d8-0,END,2026/07/17 11:36:02.363,2026/07/17 11:36:02.366,,00:00:00.003,DATA_OBSERVER,contacts,0,NOT_STOPPED,18671/19173,34.7,52.3,0.0,
c60e718d-52ea-4565-b8b5-9722929f819a-0,END,2026/07/17 11:36:01.492,2026/07/17 11:36:01.496,,00:00:00.004,DATA_OBSERVER,my_contact_profile,0,NOT_STOPPED,18671/19048,34.7,52.1,0.0,
9cf76086-e8ee-454e-8798-4957b4fc19b6-0,END,2026/07/17 11:36:00.898,2026/07/17 11:36:00.952,,00:00:00.054,REALTIME_DATA_COLLECTOR,contacts,0,NOT_STOPPED,18671/19048,34.7,52.0,8.2,contacts:21:noData:34.7:0.4:0.0:on;contacts:20:4.5:0.00:0.3:0.0:0:0:0:1;
0a9d2f15-2628-473e-b3ea-70de2aafc7e6-0,END,2026/07/17 11:35:50.860,2026/07/17 11:35:50.864,,00:00:00.004,DATA_OBSERVER,contacts,0,NOT_STOPPED,18671/19173,34.8,51.5,0.0,
b38544a8-45c9-4769-9e89-f3a41a274c1f-0,END,2026/07/17 11:35:42.509,2026/07/17 11:35:42.558,,00:00:00.049,REALTIME_DATA_COLLECTOR,my_contact_profile,0,NOT_STOPPED,18671/19048,34.6,51.3,16.5,my_contact_profile:14:noData:34.6:0.5:0.0:on;my_contact_profile:13:8.3:0.00:0.2:0.2:0:0:0:1;
ddbefc35-bc42-4369-8bcc-4e40773a51ff-0,END,2026/07/17 11:35:42.512,2026/07/17 11:35:42.581,,00:00:00.069,REALTIME_DATA_COLLECTOR,contacts,0,NOT_STOPPED,18671/19173,34.6,51.4,13.3,contacts:36:noData:34.6:0.6:0.0:on;contacts:34:7.7:0.00:0.4:0.0:0:0:0:1;
477491f0-be35-486a-a971-22e48c22f4f7-0,END,2026/07/17 11:35:40.675,2026/07/17 11:35:40.681,,00:00:00.006,DATA_OBSERVER,contacts,0,NOT_STOPPED,18671/19047,34.6,50.4,0.0,
eb83a319-56c0-485f-8ace-755624d4dae8-0,END,2026/07/17 11:35:40.675,2026/07/17 11:35:40.681,,00:00:00.006,DATA_OBSERVER,my_contact_profile,0,NOT_STOPPED,18671/19173,34.6,50.5,0.0,
745100d5-53b6-4535-a78d-2b09ac75ff25-0,END,2026/07/17 11:35:32.483,2026/07/17 11:35:32.488,,00:00:00.005,DATA_OBSERVER,my_contact_profile,0,NOT_STOPPED,18671/19160,34.6,50.1,0.0,
deedd0ee-f29b-4143-b83e-3bd230272b9e-0,END,2026/07/17 11:35:32.484,2026/07/17 11:35:32.488,,00:00:00.004,DATA_OBSERVER,contacts,0,NOT_STOPPED,18671/19048,34.6,50.1,0.0,
c97cb9e4-160c-4319-9127-b8e7ee590785-0,END,2026/07/17 11:35:30.923,2026/07/17 11:35:30.997,,00:00:00.074,REALTIME_DATA_COLLECTOR,contacts,0,NOT_STOPPED,18671/19048,34.6,49.8,15.1,contacts:29:noData:34.6:0.5:0.0:on;contacts:27:13.0:0.00:0.3:-0.0:0:0:0:1;
991f74a2-6374-4475-a76c-264ddaa0337d-0,END,2026/07/17 11:35:30.934,2026/07/17 11:35:30.973,,00:00:00.039,REALTIME_DATA_COLLECTOR,my_contact_profile,0,NOT_STOPPED,18671/19160,34.6,49.6,16.9,my_contact_profile:6:noData:34.6:0.3:0.2:on;my_contact_profile:5:0.0:0.00:0.1:0.2:0:0:0:1;
c614db8e-af36-44c7-b73b-cb719fef6eda-0,END,2026/07/17 11:35:20.908,2026/07/17 11:35:20.910,,00:00:00.002,DATA_OBSERVER,my_contact_profile,0,NOT_STOPPED,18671/19047,34.4,50.5,0.0,
bb187f5b-5f82-4db7-a112-e29a13a3e340-0,END,2026/07/17 11:35:20.890,2026/07/17 11:35:20.893,,00:00:00.003,DATA_OBSERVER,contacts,0,NOT_STOPPED,18671/19160,34.4,50.3,0.0,
b69a7b81-135c-4e4b-89b7-8202e63687a3-0,END,2026/07/17 11:35:10.752,2026/07/17 11:35:10.911,,00:00:00.159,REALTIME_DATA_COLLECTOR,contacts,0,NOT_STOPPED,18671/19047,34.1,51.5,11.4,contacts:99:noData:34.1:0.6:0.2:on;contacts:91:8.5:0.00:0.5:0.2:0:0:0:1;
3ca0d605-f851-4311-bd34-f194c6f40a20-0,END,2026/07/17 11:35:10.753,2026/07/17 11:35:10.851,,00:00:00.098,REALTIME_DATA_COLLECTOR,my_contact_profile,0,NOT_STOPPED,18671/19173,34.1,49.5,13.0,my_contact_profile:39:noData:34.1:0.4:0.2:on;my_contact_profile:33:7.9:0.00:0.2:0.3:0:0:0:1;
21b2cfe7-52f6-4fc0-a6c2-e04fe9410649-0,END,2026/07/17 11:35:10.532,2026/07/17 11:35:10.535,,00:00:00.003,DATA_OBSERVER,contacts,0,NOT_STOPPED,18671/19048,34.1,43.5,0.0,
07757108-996a-4263-926c-f7a1a0b11a27-0,END,2026/07/17 11:35:10.531,2026/07/17 11:35:10.535,,00:00:00.004,DATA_OBSERVER,my_contact_profile,0,NOT_STOPPED,18671/19160,34.1,43.5,0.0,
6bacbcd6-5930-418d-858a-170b31d3af3d-0,END,2026/07/17 11:35:00.698,2026/07/17 11:35:00.716,,00:00:00.018,DATA_OBSERVER,my_contact_profile,0,NOT_STOPPED,18671/19173,33.6,48.2,8.9,
100cf51e-81ed-4b79-adf5-5472f93b64d1-0,END,2026/07/17 11:35:00.697,2026/07/17 11:35:00.716,,00:00:00.019,DATA_OBSERVER,contacts,0,NOT_STOPPED,18671/19048,33.6,48.2,9.5,
4d4c2277-d594-4d6d-8b01-838bbba7fb42-0,END,2026/07/17 11:11:40.213,2026/07/17 11:11:40.228,,00:00:00.015,START_DATA_OBSERVER,,0,NOT_STOPPED,18671/19047,35.4,100.0,17.9,
9153a4ae-7e96-4d12-ae10-03dcecc0eda5-0,END,2026/07/17 11:11:39.893,2026/07/17 11:11:40.168,,00:00:00.275,BOOT_COMPLETED,,0,NOT_STOPPED,18671/19048,35.4,97.1,5.6,
9ce0f35d-1956-4fc0-9fb9-7a62048ca35f-0,END,2026/07/17 10:50:11.914,2026/07/17 10:50:12.679,,00:00:00.765,REALTIME_ANALYSIS,call_log,0,NOT_STOPPED,17939/18356,38.0,63.5,9.0,
78f470a1-8abc-4caf-b5aa-99a13e1ee980-0,END,2026/07/17 10:50:09.358,2026/07/17 10:50:09.875,,00:00:00.517,REALTIME_DATA_COLLECTOR,call_log,0,NOT_STOPPED,17939/18355,38.0,48.1,3.9,call_log:437:success:38.0:1.4:0.0:on;call_log:413:2.6:0.00:1.2:0.0:1:0:0:1;
1a239ba9-c6ba-428e-af43-21e3434afa07-0,END,2026/07/17 10:49:59.277,2026/07/17 10:49:59.329,,00:00:00.052,DATA_OBSERVER,call_log,0,NOT_STOPPED,17939/18373,38.3,40.0,9.2,
e830a9d4-1044-493d-bc69-b90924b7bcd8-0,END,2026/07/17 10:38:59.731,2026/07/17 10:38:59.755,,00:00:00.024,START_DATA_OBSERVER,,0,NOT_STOPPED,17939/18355,40.2,103.1,24.6,
fc1efa89-018f-4da0-ac8c-5fb63a04569b-0,END,2026/07/17 10:38:59.529,2026/07/17 10:38:59.708,,00:00:00.179,BOOT_COMPLETED,,0,NOT_STOPPED,17939/18356,40.2,100.0,6.3,
49647a2d-bf7d-41a3-bbbf-1507f2c98069-0,END,2026/07/17 10:38:51.347,2026/07/17 10:38:51.349,,00:00:00.002,REALTIME_DATA_COLLECTOR,contacts,0,NOT_STOPPED,15359/15753,40.0,43.7,0.0,Not compliant
a9e72ca9-99ca-41b6-a71e-32a8f4e3aedd-0,END,2026/07/17 10:38:51.333,2026/07/17 10:38:51.334,,00:00:00.001,REALTIME_DATA_COLLECTOR,my_contact_profile,0,NOT_STOPPED,15359/15702,40.0,43.6,0.0,Not compliant
7c497b4b-a834-4e7d-a258-d63a6b20fbf9-0,END,2026/07/17 10:38:41.311,2026/07/17 10:38:41.314,,00:00:00.003,DATA_OBSERVER,my_contact_profile,0,NOT_STOPPED,15359/15753,40.2,44.0,0.0,
b5cb1f89-861b-419e-9629-6bc37d37017d-0,END,2026/07/17 10:38:41.312,2026/07/17 10:38:41.314,,00:00:00.002,REALTIME_DATA_COLLECTOR,contacts,0,NOT_STOPPED,15359/15751,40.2,44.0,0.0,Not compliant
6536df6c-5987-46ba-9bfa-db5004271b41-0,END,2026/07/17 10:38:41.313,2026/07/17 10:38:41.317,,00:00:00.004,DATA_OBSERVER,contacts,0,NOT_STOPPED,15359/15701,40.2,44.1,0.0,
98b2ae14-b726-4b48-8be8-ea125e7b7646-0,END,2026/07/17 10:38:41.275,2026/07/17 10:38:41.276,,00:00:00.001,REALTIME_DATA_COLLECTOR,my_contact_profile,0,NOT_STOPPED,15359/15701,40.2,43.8,0.0,Not compliant
5a342937-76f6-45c8-b4a0-3a6de24cc515-0,END,2026/07/17 10:38:31.271,2026/07/17 10:38:31.282,,00:00:00.011,DATA_OBSERVER,contacts,0,NOT_STOPPED,15359/15702,39.6,46.7,1.8,
10e863db-80a6-418f-afff-4b04a2b5de20-0,END,2026/07/17 10:38:31.221,2026/07/17 10:38:31.229,,00:00:00.008,DATA_OBSERVER,my_contact_profile,0,NOT_STOPPED,15359/15753,39.6,47.5,0.0,
76ee671f-bee3-46ee-bc7f-2dee75511fed-0,END,2026/07/17 10:37:35.165,2026/07/17 10:37:35.193,,00:00:00.028,START_DATA_OBSERVER,,0,NOT_STOPPED,15359/15701,41.0,98.2,17.4,
a7a44250-fe8c-44bb-991f-8a877cf0b9c0-0,END,2026/07/17 10:37:34.818,2026/07/17 10:37:35.127,,00:00:00.309,BOOT_COMPLETED,,0,NOT_STOPPED,15359/15702,41.0,94.4,4.6,
5bfb332f-4f01-43ba-847b-90b90b40ea1d-0,END,2026/07/17 10:32:28.294,2026/07/17 10:32:28.316,,00:00:00.022,START_DATA_OBSERVER,,0,NOT_STOPPED,7972/8246,37.2,103.7,15.0,
199e846c-8234-4215-bad5-f587b472f94c-0,END,2026/07/17 10:32:27.931,2026/07/17 10:32:28.225,,00:00:00.294,BOOT_COMPLETED,,0,NOT_STOPPED,7972/8247,37.2,100.2,4.7,
a123e87a-855b-4840-a9af-611c03114bb6-0,END,2026/07/17 10:21:46.849,2026/07/17 10:21:46.887,,00:00:00.038,START_DATA_OBSERVER,,0,NOT_STOPPED,25666/26112,38.2,99.5,12.4,
648f5db3-8908-4f81-bf64-88127b6d818e-0,END,2026/07/17 10:21:46.497,2026/07/17 10:21:46.813,,00:00:00.316,BOOT_COMPLETED,,0,NOT_STOPPED,25666/26113,38.2,97.1,4.2,
51218699-384f-46d4-9d4f-760ad301776f-0,END,2026/07/17 10:21:06.300,2026/07/17 10:21:06.355,,00:00:00.055,START_DATA_OBSERVER,,0,NOT_STOPPED,23063/23375,37.6,97.2,12.0,
add27378-c717-4f53-b38d-8b9b70ba907e-0,END,2026/07/17 10:21:05.843,2026/07/17 10:21:06.228,,00:00:00.385,BOOT_COMPLETED,,0,NOT_STOPPED,23063/23376,37.6,94.7,3.7,
222f7c9c-97c1-4b36-82ae-0c8396e83543-0,END,2026/07/17 10:11:27.065,2026/07/17 10:11:27.692,,00:00:00.627,REALTIME_ANALYSIS,call_log,0,NOT_STOPPED,14521/14942,35.4,67.5,9.7,
56705282-0c68-485c-bebe-6ae346b5e503-0,END,2026/07/17 10:11:24.659,2026/07/17 10:11:25.022,,00:00:00.363,REALTIME_DATA_COLLECTOR,call_log,0,NOT_STOPPED,14521/15007,35.1,62.5,4.3,call_log:293:success:35.1:1.2:-0.0:on;call_log:285:2.5:0.00:1.1:-0.1:1:0:0:1;
360cac6f-0bc3-4e17-8879-83d061690007-0,END,2026/07/17 10:11:14.596,2026/07/17 10:11:14.612,,00:00:00.016,DATA_OBSERVER,call_log,0,NOT_STOPPED,14521/14941,35.2,57.3,8.8,
f9a51a2c-43b3-4f30-8915-8898d3af3c7a-0,END,2026/07/17 10:10:08.066,2026/07/17 10:10:08.142,,00:00:00.076,REALTIME_DATA_COLLECTOR,contacts,0,NOT_STOPPED,14521/14995,35.3,74.4,12.5,contacts:42:noData:35.3:0.5:0.0:on;contacts:42:9.5:0.00:0.4:-0.0:0:0:0:1;
e84151d3-1801-4883-baa2-673dd326ed04-0,END,2026/07/17 10:10:08.060,2026/07/17 10:10:08.102,,00:00:00.042,REALTIME_DATA_COLLECTOR,my_contact_profile,0,NOT_STOPPED,14521/14941,35.3,74.0,15.1,my_contact_profile:13:noData:35.3:0.2:0.1:on;my_contact_profile:12:11.5:0.00:0.1:0.0:0:0:0:1;
7950a6d1-7d52-4ae7-87da-fc56ebe41db4-0,END,2026/07/17 10:10:06.252,2026/07/17 10:10:06.943,,00:00:00.691,REALTIME_ANALYSIS,call_log,0,NOT_STOPPED,14521/14942,35.3,76.4,7.0,
﻿134432e2-429f-4be7-8a13-77ad1728b006-0,END,2026/07/17 10:10:03.985,2026/07/17 10:10:04.223,,00:00:00.238,REALTIME_DATA_COLLECTOR,call_log,0,NOT_STOPPED,14521/14941,34.7,58.0,4.7,call_log:203:success:34.7:1.3:0.0:on;call_log:173:3.4:0.00:1.1:0.0:1:0:0:1;
9fed745a-64e6-42f6-b217-25d2219c7806-0,END,2026/07/17 10:09:58.046,2026/07/17 10:09:58.049,,00:00:00.003,DATA_OBSERVER,my_contact_profile,0,NOT_STOPPED,14521/14942,34.7,49.0,0.0,
3060e367-3056-48d8-978d-bc369daadb7d-0,END,2026/07/17 10:09:58.057,2026/07/17 10:09:58.058,,00:00:00.001,DATA_OBSERVER,contacts,0,NOT_STOPPED,14521/15007,34.7,49.1,0.0,
51a1fc48-d9b4-49a5-8740-d1348843e7ae-0,END,2026/07/17 10:09:53.959,2026/07/17 10:09:53.975,,00:00:00.016,DATA_OBSERVER,call_log,0,NOT_STOPPED,14521/15007,34.9,48.9,12.5,
0abcbeee-9583-4f6e-b90d-d275421d9df7-0,END,2026/07/17 10:09:28.994,2026/07/17 10:09:29.164,,00:00:00.170,REALTIME_DATA_COLLECTOR,contacts,0,NOT_STOPPED,14521/14941,34.4,60.5,11.2,contacts:118:noData:34.4:0.6:0.2:on;contacts:115:8.1:0.00:0.4:0.2:0:0:0:1;
e09bc132-3b44-4013-917f-016553619279-0,END,2026/07/17 10:09:28.996,2026/07/17 10:09:29.079,,00:00:00.083,REALTIME_DATA_COLLECTOR,my_contact_profile,0,NOT_STOPPED,14521/14942,34.4,57.4,14.8,my_contact_profile:34:noData:34.4:0.3:0.4:on;my_contact_profile:32:9.7:0.00:0.2:0.4:0:0:0:1;
cc6a730d-d498-480d-a70a-df9c6fe40c61-0,END,2026/07/17 10:09:18.948,2026/07/17 10:09:18.959,,00:00:00.011,DATA_OBSERVER,my_contact_profile,0,NOT_STOPPED,14521/15007,33.9,50.2,12.5,
62788c9d-9fc5-4691-9cbc-5f15bf41f901-0,START,2026/07/17 10:09:18.948,,,00:00:00.000,DATA_OBSERVER,contacts,0,NOT_STOPPED,14521/14942,0.0,0.0,0.0,
d73b3a49-5eb0-49b6-86d9-a92519da2100-0,END,2026/07/17 09:52:33.856,2026/07/17 09:52:33.881,,00:00:00.025,START_DATA_OBSERVER,,0,NOT_STOPPED,14521/14941,38.5,98.0,12.5,
c05c9916-8078-4734-bcbb-978d64be6260-0,END,2026/07/17 09:52:33.559,2026/07/17 09:52:33.807,,00:00:00.248,BOOT_COMPLETED,,0,NOT_STOPPED,14521/14942,38.5,96.1,5.1,
7f5f1812-8b4e-4410-b32f-e770d8351779-0,END,2026/07/17 09:48:06.826,2026/07/17 09:48:06.854,,00:00:00.028,START_DATA_OBSERVER,,0,NOT_STOPPED,8831/9274,36.5,98.2,19.6,
3a0f2868-983a-4b00-a3f2-8009fd09afe7-0,END,2026/07/17 09:48:06.502,2026/07/17 09:48:06.794,,00:00:00.292,BOOT_COMPLETED,,0,NOT_STOPPED,8831/9275,36.5,95.7,4.8,
b8323749-de3e-49ab-9041-b05ac29f341c-0,END,2026/07/17 09:34:52.417,2026/07/17 09:34:52.436,,00:00:00.019,START_DATA_OBSERVER,,0,NOT_STOPPED,21849/22033,38.9,100.7,30.0,
30a5f2db-4506-4aee-ba21-36d6405f9ef9-0,END,2026/07/17 09:34:52.216,2026/07/17 09:34:52.386,,00:00:00.170,BOOT_COMPLETED,,0,NOT_STOPPED,21849/22034,38.9,97.8,6.4,
ca741033-4aff-4593-8944-0c3dd3119fd6-0,END,2026/07/17 09:18:39.222,2026/07/17 09:18:39.316,,00:00:00.094,REALTIME_DATA_COLLECTOR,contacts,0,NOT_STOPPED,8238/8834,32.3,65.3,17.0,contacts:56:noData:32.3:0.6:0.0:on;contacts:54:13.9:0.00:0.4:0.0:0:0:0:1;
930bdee2-4eab-41c2-a069-b9362b20674a-0,END,2026/07/17 09:18:39.223,2026/07/17 09:18:39.280,,00:00:00.057,REALTIME_DATA_COLLECTOR,my_contact_profile,0,NOT_STOPPED,8238/8835,32.3,65.1,18.6,my_contact_profile:19:noData:32.3:0.4:0.1:on;my_contact_profile:17:11.8:0.00:0.3:0.1:0:0:0:1;
4f0f526e-fea1-444a-8e9a-a70906c8a4c2-0,END,2026/07/17 09:18:29.172,2026/07/17 09:18:29.183,,00:00:00.011,DATA_OBSERVER,my_contact_profile,0,NOT_STOPPED,8238/8835,32.2,64.6,11.7,
b7688fef-687e-4d14-91b8-9cc9d6985b59-0,END,2026/07/17 09:18:29.173,2026/07/17 09:18:29.178,,00:00:00.005,DATA_OBSERVER,contacts,0,NOT_STOPPED,8238/8837,32.2,64.5,0.0,
932acde6-af84-4377-9c6b-724e34f23023-0,END,2026/07/17 09:18:05.504,2026/07/17 09:18:05.571,,00:00:00.067,REALTIME_DATA_COLLECTOR,contacts,0,NOT_STOPPED,8238/8836,32.1,64.5,17.4,contacts:34:noData:32.1:0.4:0.0:on;contacts:33:13.0:0.00:0.3:0.0:0:0:0:1;
2dab4775-b9ab-495b-873b-7d062a30eb40-0,END,2026/07/17 09:18:05.505,2026/07/17 09:18:05.575,,00:00:00.070,REALTIME_DATA_COLLECTOR,my_contact_profile,0,NOT_STOPPED,8238/8837,32.1,64.6,17.3,my_contact_profile:3:noData:32.1:0.5:0.0:on;my_contact_profile:3:0.0:0.00:0.0:0.0:0:0:0:1;
7ebe31e7-1994-40f8-a74b-bcef8f09ff97-0,END,2026/07/17 09:17:55.467,2026/07/17 09:17:55.472,,00:00:00.005,DATA_OBSERVER,contacts,0,NOT_STOPPED,8238/8834,31.9,64.4,0.0,
0910ab78-72d2-4d2b-8d21-1ef3c6d169e6-0,END,2026/07/17 09:17:55.467,2026/07/17 09:17:55.474,,00:00:00.007,DATA_OBSERVER,my_contact_profile,0,NOT_STOPPED,8238/8837,31.9,64.4,0.0,
53066bf3-4ed7-4646-8de8-71d010c3e113-0,END,2026/07/17 09:17:55.070,2026/07/17 09:17:55.230,,00:00:00.160,REALTIME_DATA_COLLECTOR,contacts,0,NOT_STOPPED,8238/8837,31.9,64.2,7.8,contacts:128:noData:31.9:0.5:0.0:on;contacts:124:4.8:0.00:0.5:0.0:0:0:0:1;
fbe1378a-b027-4f2f-94e0-1272e9de3a60-0,END,2026/07/17 09:17:55.065,2026/07/17 09:17:55.110,,00:00:00.045,REALTIME_DATA_COLLECTOR,my_contact_profile,0,NOT_STOPPED,8238/8835,31.9,63.9,18.4,my_contact_profile:8:noData:31.9:0.3:0.1:on;my_contact_profile:7:0.0:0.00:0.2:0.1:0:0:0:1;
895cdacf-6d74-491f-bb3b-30f0726c08e0-0,END,2026/07/17 09:17:45.040,2026/07/17 09:17:45.042,,00:00:00.002,DATA_OBSERVER,contacts,0,NOT_STOPPED,8238/8837,32.0,63.6,0.0,
4126bfa5-2bd3-4c1e-a2ab-a5d6b80755f1-0,END,2026/07/17 09:17:45.037,2026/07/17 09:17:45.042,,00:00:00.005,DATA_OBSERVER,my_contact_profile,0,NOT_STOPPED,8238/8836,32.0,63.6,0.0,
2703241e-7959-4dac-aa8a-55f421883292-0,END,2026/07/17 09:17:44.395,2026/07/17 09:17:44.495,,00:00:00.100,REALTIME_DATA_COLLECTOR,contacts,0,NOT_STOPPED,8238/8836,32.0,63.4,13.3,contacts:59:noData:32.0:0.6:-0.2:on;contacts:56:10.4:0.00:0.4:-0.2:0:0:0:1;
26ed4870-19a3-40cf-bea3-07d66af89a31-0,END,2026/07/17 09:17:44.401,2026/07/17 09:17:44.446,,00:00:00.045,REALTIME_DATA_COLLECTOR,my_contact_profile,0,NOT_STOPPED,8238/8837,32.0,63.1,18.0,my_contact_profile:10:noData:32.0:0.2:-0.1:on;my_contact_profile:9:0.0:0.00:0.2:-0.1:0:0:0:1;
ac5c72d9-47f2-4765-8b8c-cfba6866f2b4-0,END,2026/07/17 09:17:34.344,2026/07/17 09:17:34.349,,00:00:00.005,DATA_OBSERVER,contacts,0,NOT_STOPPED,8238/8835,32.0,62.8,0.0,
f2b61097-25a6-4e9e-9338-4e6a4b08da9b-0,END,2026/07/17 09:17:34.345,2026/07/17 09:17:34.349,,00:00:00.004,DATA_OBSERVER,my_contact_profile,0,NOT_STOPPED,8238/8837,32.0,62.7,0.0,
c08da711-22a4-4e3d-8086-31c412db8c19-0,END,2026/07/17 09:17:33.397,2026/07/17 09:17:33.471,,00:00:00.074,REALTIME_DATA_COLLECTOR,contacts,0,NOT_STOPPED,8238/8834,32.0,62.4,14.7,contacts:43:noData:32.0:0.5:0.0:on;contacts:42:11.2:0.00:0.4:0.0:0:0:0:1;
1fa09681-a4c2-4810-8195-1710c93c06da-0,END,2026/07/17 09:17:33.387,2026/07/17 09:17:33.444,,00:00:00.057,REALTIME_DATA_COLLECTOR,my_contact_profile,0,NOT_STOPPED,8238/8835,32.0,62.2,16.1,my_contact_profile:18:noData:32.0:0.4:0.0:on;my_contact_profile:17:10.6:0.00:0.2:0.0:0:0:0:1;
2caf9a8d-09d1-487d-a2af-372ea5693f9c-0,END,2026/07/17 09:17:23.369,2026/07/17 09:17:23.371,,00:00:00.002,DATA_OBSERVER,contacts,0,NOT_STOPPED,8238/8836,31.3,60.7,0.0,
717a3b57-40c6-445f-828b-9c72fe95ac50-0,END,2026/07/17 09:17:23.342,2026/07/17 09:17:23.347,,00:00:00.005,DATA_OBSERVER,my_contact_profile,0,NOT_STOPPED,8238/8834,31.3,60.6,0.0,
d7c1645d-ad20-4731-9bc8-139445010852-0,END,2026/07/17 09:17:22.908,2026/07/17 09:17:22.989,,00:00:00.081,REALTIME_DATA_COLLECTOR,contacts,0,NOT_STOPPED,8238/8836,31.3,60.5,14.0,contacts:53:noData:31.3:0.5:0.0:on;contacts:50:10.8:0.00:0.4:0.1:0:0:0:1;
ee9f0cb9-00e2-45db-90ce-e09ee7eb1a56-0,END,2026/07/17 09:17:22.895,2026/07/17 09:17:22.946,,00:00:00.051,REALTIME_DATA_COLLECTOR,my_contact_profile,0,NOT_STOPPED,8238/8837,31.3,59.9,16.3,my_contact_profile:17:noData:31.3:0.3:0.1:on;my_contact_profile:15:14.4:0.00:0.2:0.1:0:0:0:1;
ae27a177-db5c-4fc8-a8c6-4b78910cc5e3-0,END,2026/07/17 09:17:12.850,2026/07/17 09:17:12.853,,00:00:00.003,DATA_OBSERVER,contacts,0,NOT_STOPPED,8238/8834,30.8,58.7,0.0,
4e97c4b6-17fb-42b6-9f99-b025d348e4ec-0,END,2026/07/17 09:17:12.850,2026/07/17 09:17:12.853,,00:00:00.003,DATA_OBSERVER,my_contact_profile,0,NOT_STOPPED,8238/8836,30.8,58.7,0.0,
b4ba0d39-d8d1-47c4-a76c-d2abd6dd5649-0,END,2026/07/17 09:08:35.235,2026/07/17 09:08:35.396,,00:00:00.161,REALTIME_DATA_COLLECTOR,contacts,0,NOT_STOPPED,8238/8836,34.6,56.5,16.2,contacts:67:noData:34.6:0.5:-0.2:on;contacts:64:12.4:0.00:0.3:0.1:0:0:0:1;
167732dc-88c8-4301-913f-f2ee1f4f5b84-0,END,2026/07/17 09:08:35.211,2026/07/17 09:08:35.334,,00:00:00.123,REALTIME_DATA_COLLECTOR,my_contact_profile,0,NOT_STOPPED,8238/8834,34.6,56.2,17.6,my_contact_profile:19:noData:34.6:0.3:-0.0:on;my_contact_profile:17:15.9:0.00:0.2:-0.0:0:0:0:1;
07184d78-1f05-406f-b85f-adf1f7d951da-0,END,2026/07/17 09:08:25.201,2026/07/17 09:08:25.203,,00:00:00.002,DATA_OBSERVER,contacts,0,NOT_STOPPED,8238/8836,35.3,55.6,0.0,
9d5b360c-609d-4197-8867-0fc9015a94c1-0,END,2026/07/17 09:08:25.183,2026/07/17 09:08:25.193,,00:00:00.010,DATA_OBSERVER,my_contact_profile,0,NOT_STOPPED,8238/8835,35.3,55.5,0.0,
abfb969b-2295-4617-9a33-f9059162cb97-0,END,2026/07/17 09:08:18.683,2026/07/17 09:08:18.777,,00:00:00.094,REALTIME_DATA_COLLECTOR,my_contact_profile,0,NOT_STOPPED,8238/8835,35.4,55.3,13.8,my_contact_profile:13:noData:35.4:0.4:0.2:on;my_contact_profile:11:12.7:0.00:0.1:0.0:0:0:0:1;
158a6d9a-249a-444b-9135-833d6d291e15-0,END,2026/07/17 09:08:18.579,2026/07/17 09:08:18.751,,00:00:00.172,REALTIME_DATA_COLLECTOR,contacts,0,NOT_STOPPED,8238/8836,35.4,55.1,10.7,contacts:85:noData:35.4:0.4:0.2:on;contacts:84:11.1:0.00:0.3:0.2:0:0:0:1;
beebd42b-6947-4eb9-8b68-ed34f736f8d5-0,END,2026/07/17 09:08:15.123,2026/07/17 09:08:15.126,,00:00:00.003,DATA_OBSERVER,my_contact_profile,0,NOT_STOPPED,8238/8837,35.4,53.1,0.0,
3f4f98aa-f873-44e9-a4f3-966b3b220347-0,END,2026/07/17 09:08:15.081,2026/07/17 09:08:15.085,,00:00:00.004,DATA_OBSERVER,contacts,0,NOT_STOPPED,8238/8834,35.4,53.0,0.0,
8689b984-847d-4e1d-a1ed-249f7f257f2c-0,END,2026/07/17 09:08:08.670,2026/07/17 09:08:08.674,,00:00:00.004,DATA_OBSERVER,my_contact_profile,0,NOT_STOPPED,8238/8837,35.7,54.2,0.0,
df730e42-a921-4703-bc7b-1c98f8bedc9c-0,END,2026/07/17 09:08:08.539,2026/07/17 09:08:08.579,,00:00:00.040,DATA_OBSERVER,contacts,0,NOT_STOPPED,8238/8836,35.7,53.2,5.4,
484ab8fd-c589-4cc8-910f-139fce4ca119-0,END,2026/07/17 09:07:38.119,2026/07/17 09:07:38.134,,00:00:00.015,START_DATA_OBSERVER,,0,NOT_STOPPED,8238/8834,34.9,55.0,16.4,
b7ba256a-3704-40a4-b92d-c6c7385fbf4f-0,END,2026/07/17 09:07:37.932,2026/07/17 09:07:37.941,,00:00:00.009,BOOT_COMPLETED,,0,NOT_STOPPED,8238/8837,34.9,51.3,0.0,
5b5820a6-361f-49c5-81cc-888ee9b186da-0,END,2026/07/17 09:07:20.157,2026/07/17 09:07:20.621,,00:00:00.464,REALTIME_ANALYSIS,call_log,0,NOT_STOPPED,8238/8836,33.2,64.1,4.4,
0391ce43-371a-48b9-b8d8-55583a639b3f-0,END,2026/07/17 09:07:17.609,2026/07/17 09:07:18.149,,00:00:00.540,REALTIME_DATA_COLLECTOR,call_log,0,NOT_STOPPED,8238/8834,32.6,66.3,6.2,call_log:460:success:32.6:2.1:0.2:on;call_log:386:5.8:0.00:1.7:0.2:2:0:0:1;
664262c5-ec18-44ac-b4cd-7eb4ef497317-0,END,2026/07/17 09:07:17.600,2026/07/17 09:07:17.806,,00:00:00.206,REALTIME_DATA_COLLECTOR,contacts,0,NOT_STOPPED,8238/8836,32.6,62.8,10.0,contacts:48:noData:32.6:1.5:0.8:on;contacts:45:8.3:0.00:1.1:0.3:0:0:0:1;
dfbbdae0-3bd3-42c9-a3b4-77cfe67c7002-0,END,2026/07/17 09:07:17.637,2026/07/17 09:07:17.732,,00:00:00.095,REALTIME_DATA_COLLECTOR,my_contact_profile,0,NOT_STOPPED,8238/8837,32.6,59.3,11.1,my_contact_profile:20:noData:32.6:0.2:0.3:on;my_contact_profile:19:8.5:0.00:0.1:0.2:0:0:0:1;
43897ce8-fe3e-4385-a05a-f2f9a007f3df-0,END,2026/07/17 09:07:15.801,2026/07/17 09:07:15.803,,00:00:00.002,DATA_OBSERVER,contacts,0,NOT_STOPPED,8238/8835,32.6,60.4,0.0,
9f4040ef-01d3-4c73-8add-a6f5a7ff3078-0,END,2026/07/17 09:07:15.749,2026/07/17 09:07:15.758,,00:00:00.009,DATA_OBSERVER,my_contact_profile,0,NOT_STOPPED,8238/8834,32.6,59.1,8.0,
6faec136-0c83-4cc8-ad46-71d5d1acbd50-0,END,2026/07/17 09:07:07.625,2026/07/17 09:07:07.628,,00:00:00.003,DATA_OBSERVER,my_contact_profile,0,NOT_STOPPED,8238/8835,31.7,74.2,0.0,
fbbc2369-df9d-444f-aa1f-2ca709f51a1d-0,END,2026/07/17 09:07:07.597,2026/07/17 09:07:07.600,,00:00:00.003,DATA_OBSERVER,call_log,0,NOT_STOPPED,8238/8836,31.7,74.1,0.0,
14e4d72b-9bae-4467-8996-0aab19dc094a-0,END,2026/07/17 09:07:07.557,2026/07/17 09:07:07.566,,00:00:00.009,DATA_OBSERVER,contacts,0,NOT_STOPPED,8238/8837,31.7,73.7,0.0,
0af5f920-3568-4294-aa2c-0b78dc54a695-0,END,2026/07/17 09:07:05.267,2026/07/17 09:07:05.688,,00:00:00.421,REALTIME_DATA_COLLECTOR,contacts,0,NOT_STOPPED,8238/8837,31.7,71.4,4.3,contacts:234:noData:31.7:8.8:0.3:on;contacts:223:3.9:0.00:5.0:0.2:0:0:0:1;
511e8c64-a2d6-4e29-829a-582de9bc16e2-0,END,2026/07/17 09:07:05.233,2026/07/17 09:07:05.578,,00:00:00.345,REALTIME_DATA_COLLECTOR,my_contact_profile,0,NOT_STOPPED,8238/8834,31.7,67.5,4.2,my_contact_profile:125:noData:31.7:5.4:0.4:on;my_contact_profile:112:2.4:0.00:1.3:0.4:0:0:0:1;
585403a0-de0a-4b4a-89ae-d011c9d064e4-0,END,2026/07/17 09:06:55.592,2026/07/17 09:06:55.704,,00:00:00.112,START_DATA_OBSERVER,,0,NOT_STOPPED,8238/8836,29.4,80.1,4.6,
aca4a2f0-413b-4a7e-8e94-73e01a269401-0,END,2026/07/17 09:06:54.360,2026/07/17 09:06:55.151,,00:00:00.791,BOOT_COMPLETED,,0,NOT_STOPPED,8238/8834,29.4,78.7,2.0,
be2401c0-da65-4c29-9e5a-92b1665a25fe-0,END,2026/07/17 09:06:54.047,2026/07/17 09:06:55.243,2026/07/17 09:06:54.080,00:00:01.196,DATA_OBSERVER,contacts,0,CANCELLED_BY_APP,8238/8837,29.4,78.6,2.5,
df320a36-6050-495c-bfa1-5bf8a28fb060-0,END,2026/07/17 09:06:54.044,2026/07/17 09:06:55.233,2026/07/17 09:06:54.191,00:00:01.189,DATA_OBSERVER,my_contact_profile,0,CANCELLED_BY_APP,8238/8835,29.4,78.9,2.4,
c0c0b666-bed5-4377-a2c5-eb9b90ce4b08-0,END,2026/07/16 18:23:55.888,2026/07/16 18:23:56.040,,00:00:00.152,REALTIME_DATA_COLLECTOR,calendar,0,NOT_STOPPED,32244/532,29.7,92.3,7.8,calendar:54:noData:29.7:0.3:0.1:on;calendar:53:4.0:0.00:0.2:0.1:0:0:0:1;
ad3924d6-f0c6-44fd-a6f5-f535c46cf9b4-0,END,2026/07/16 18:22:52.741,2026/07/16 18:22:52.747,,00:00:00.006,DATA_OBSERVER,calendar,0,NOT_STOPPED,32244/539,30.0,91.4,0.0,
3dbb4f3d-b89c-40bf-921e-909de0ed67b6-0,END,2026/07/16 18:21:58.235,2026/07/16 18:21:58.462,,00:00:00.227,REALTIME_DATA_COLLECTOR,contacts,0,NOT_STOPPED,32244/678,30.3,91.6,15.2,contacts:109:noData:30.3:0.7:-0.2:on;contacts:105:11.4:0.00:0.4:-0.2:0:0:0:1;
446e43eb-98f2-415b-97c1-64c14a80e57a-0,END,2026/07/16 18:21:58.236,2026/07/16 18:21:58.388,,00:00:00.152,REALTIME_DATA_COLLECTOR,my_contact_profile,0,NOT_STOPPED,32244/532,30.3,90.2,16.5,my_contact_profile:36:noData:30.3:0.4:-0.1:on;my_contact_profile:33:9.4:0.00:0.2:-0.1:0:0:0:1;
b394e390-f85b-4924-841f-ade6c5334cf4-0,END,2026/07/16 18:21:57.518,2026/07/16 18:21:57.524,,00:00:00.006,DATA_OBSERVER,contacts,0,NOT_STOPPED,32244/539,30.3,88.5,0.0,
4810c517-8177-4e9b-acb6-d43793eafc96-0,END,2026/07/16 18:21:57.519,2026/07/16 18:21:57.524,,00:00:00.005,DATA_OBSERVER,my_contact_profile,0,NOT_STOPPED,32244/532,30.3,88.5,0.0,
43ab781a-4b73-487e-bacd-4b953b8f0b1d-0,END,2026/07/16 18:21:46.471,2026/07/16 18:21:46.474,,00:00:00.003,DATA_OBSERVER,contacts,0,NOT_STOPPED,32244/678,29.9,86.0,0.0,
71215a28-4b2a-4082-8854-ba53ada81210-0,END,2026/07/16 18:21:46.452,2026/07/16 18:21:46.478,,00:00:00.026,DATA_OBSERVER,my_contact_profile,0,NOT_STOPPED,32244/673,29.9,86.1,5.8,
95f6bde2-38b9-4547-88ce-68dc3675197b-0,END,2026/07/16 17:31:40.872,2026/07/16 17:31:40.955,,00:00:00.083,REALTIME_DATA_COLLECTOR,contacts,0,NOT_STOPPED,32244/678,33.4,82.3,14.2,contacts:46:noData:33.4:0.5:0.0:on;contacts:45:9.3:0.00:0.3:0.1:0:0:0:1;
aa460101-2683-40dd-a3a6-7d6c5db62639-0,END,2026/07/16 17:31:40.856,2026/07/16 17:31:40.900,,00:00:00.044,REALTIME_DATA_COLLECTOR,my_contact_profile,0,NOT_STOPPED,32244/539,33.4,81.9,17.3,my_contact_profile:5:noData:33.4:0.2:-0.0:on;my_contact_profile:4:0.0:0.00:0.0:-0.0:0:0:0:1;
9878ea94-f8bf-4406-8f31-706221acfb8e-0,END,2026/07/16 17:31:30.840,2026/07/16 17:31:30.842,,00:00:00.002,DATA_OBSERVER,contacts,0,NOT_STOPPED,32244/532,33.2,81.6,0.0,
333a5450-db77-47eb-900b-7ea116994ac1-0,END,2026/07/16 17:31:30.821,2026/07/16 17:31:30.825,,00:00:00.004,DATA_OBSERVER,my_contact_profile,0,NOT_STOPPED,32244/678,33.2,81.5,0.0,
09b885f3-67ae-4801-aa8f-abc33078f181-0,END,2026/07/16 17:31:29.733,2026/07/16 17:31:29.809,,00:00:00.076,REALTIME_DATA_COLLECTOR,contacts,0,NOT_STOPPED,32244/673,33.2,81.3,15.7,contacts:38:noData:33.2:0.6:0.0:on;contacts:38:14.2:0.00:0.4:0.0:0:0:0:1;
2f55b07a-e640-467b-8ff9-e51b531bd19c-0,END,2026/07/16 17:31:29.733,2026/07/16 17:31:29.785,,00:00:00.052,REALTIME_DATA_COLLECTOR,my_contact_profile,0,NOT_STOPPED,32244/539,33.2,81.2,16.5,my_contact_profile:11:noData:33.2:0.4:0.0:on;my_contact_profile:10:12.0:0.00:0.1:-0.2:0:0:0:1;
ae1ade8a-f0cf-4ebe-9446-9da80e8112af-0,END,2026/07/16 17:31:19.692,2026/07/16 17:31:19.695,,00:00:00.003,DATA_OBSERVER,contacts,0,NOT_STOPPED,32244/678,33.4,80.4,0.0,
db01e328-db3b-4535-8286-e9e9d99fba19-0,END,2026/07/16 17:31:19.692,2026/07/16 17:31:19.695,,00:00:00.003,DATA_OBSERVER,my_contact_profile,0,NOT_STOPPED,32244/532,33.4,80.4,0.0,
0fc6cf8e-6f21-4c78-8f5e-1aa6dca89a46-0,END,2026/07/16 17:31:19.277,2026/07/16 17:31:19.383,,00:00:00.106,REALTIME_DATA_COLLECTOR,contacts,0,NOT_STOPPED,32244/673,33.4,80.0,16.3,contacts:62:noData:33.4:0.5:0.2:on;contacts:61:13.3:0.00:0.4:0.2:0:0:0:1;
49ac6a4f-0e61-400d-9f05-90b6de967e45-0,END,2026/07/16 17:31:19.277,2026/07/16 17:31:19.338,,00:00:00.061,REALTIME_DATA_COLLECTOR,my_contact_profile,0,NOT_STOPPED,32244/532,33.4,79.7,19.5,my_contact_profile:17:noData:33.4:0.3:0.1:on;my_contact_profile:15:16.0:0.00:0.1:0.1:0:0:0:1;
3c36d993-7360-4c5b-9be5-e1fce5affdc3-0,END,2026/07/16 17:31:09.229,2026/07/16 17:31:09.232,,00:00:00.003,DATA_OBSERVER,contacts,0,NOT_STOPPED,32244/678,33.2,79.4,0.0,
eee972fd-b138-4b01-8ada-430ea32e0fcd-0,END,2026/07/16 17:31:09.229,2026/07/16 17:31:09.231,,00:00:00.002,DATA_OBSERVER,my_contact_profile,0,NOT_STOPPED,32244/673,33.2,79.4,0.0,
9cff1dc7-f002-42d0-8b15-7f69e352b59f-0,END,2026/07/16 17:31:08.618,2026/07/16 17:31:08.708,,00:00:00.090,REALTIME_DATA_COLLECTOR,contacts,0,NOT_STOPPED,32244/673,33.2,81.4,13.6,contacts:49:noData:33.2:0.7:0.0:on;contacts:48:9.0:0.00:0.5:0.0:0:0:0:1;
c6024ce3-af9b-4b53-a810-a26f45629053-0,END,2026/07/16 17:31:08.625,2026/07/16 17:31:08.679,,00:00:00.054,REALTIME_DATA_COLLECTOR,my_contact_profile,0,NOT_STOPPED,32244/678,33.2,81.1,13.9,my_contact_profile:17:noData:33.2:0.3:0.2:on;my_contact_profile:14:2.9:0.00:0.1:0.0:0:0:0:1;
32463706-f7ad-4942-a5a6-438b5f07a228-0,END,2026/07/16 17:30:58.575,2026/07/16 17:30:58.579,,00:00:00.004,DATA_OBSERVER,my_contact_profile,0,NOT_STOPPED,32244/532,33.1,79.1,0.0,
0d6835bb-103d-41df-8031-a644a0611f90-0,END,2026/07/16 17:30:58.575,2026/07/16 17:30:58.579,,00:00:00.004,DATA_OBSERVER,contacts,0,NOT_STOPPED,32244/678,33.1,79.1,0.0,
97b4d5f7-7f6f-4272-bbf3-252386004652-0,END,2026/07/16 17:30:57.768,2026/07/16 17:30:57.842,,00:00:00.074,REALTIME_DATA_COLLECTOR,contacts,0,NOT_STOPPED,32244/532,33.1,78.8,14.7,contacts:40:noData:33.1:0.5:0.0:on;contacts:39:12.1:0.00:0.4:-0.0:0:0:0:1;
a7ec8355-d181-4ee7-b067-a885d4dcc8c6-0,END,2026/07/16 17:30:57.758,2026/07/16 17:30:57.806,,00:00:00.048,REALTIME_DATA_COLLECTOR,my_contact_profile,0,NOT_STOPPED,32244/678,33.1,78.5,16.6,my_contact_profile:7:noData:33.1:0.3:0.2:on;my_contact_profile:7:0.0:0.00:0.1:0.2:0:0:0:1;
f11f514e-ad1f-43eb-a0d1-28ca43b6b949-0,END,2026/07/16 17:30:47.733,2026/07/16 17:30:47.744,,00:00:00.011,DATA_OBSERVER,my_contact_profile,0,NOT_STOPPED,32244/539,32.7,78.0,15.5,
f7070ce7-06fb-44e9-8676-ba2189dae7fc-0,END,2026/07/16 17:30:47.735,2026/07/16 17:30:47.737,,00:00:00.002,DATA_OBSERVER,contacts,0,NOT_STOPPED,32244/532,32.7,78.0,0.0,
580d032c-4252-4f56-92ad-bd2f6cb6951f-0,END,2026/07/16 17:30:47.581,2026/07/16 17:30:47.649,,00:00:00.068,REALTIME_DATA_COLLECTOR,contacts,0,NOT_STOPPED,32244/539,32.7,77.8,17.9,contacts:35:noData:32.7:0.7:0.0:on;contacts:32:15.5:0.00:0.5:0.1:0:0:0:1;
fb44caea-5935-44e0-931e-be6c33609c6b-0,END,2026/07/16 17:30:47.581,2026/07/16 17:30:47.621,,00:00:00.040,REALTIME_DATA_COLLECTOR,my_contact_profile,0,NOT_STOPPED,32244/678,32.7,77.5,21.3,my_contact_profile:9:noData:32.7:0.4:0.1:on;my_contact_profile:8:0.0:0.00:0.3:0.1:0:0:0:1;
28f43393-6639-4d7a-a3d6-9d80cade03f3-0,END,2026/07/16 17:30:37.554,2026/07/16 17:30:37.556,,00:00:00.002,DATA_OBSERVER,my_contact_profile,0,NOT_STOPPED,32244/532,32.4,76.9,0.0,
2ab068e9-a87f-4532-9692-4766b30fee9b-0,END,2026/07/16 17:30:37.552,2026/07/16 17:30:37.554,,00:00:00.002,DATA_OBSERVER,contacts,0,NOT_STOPPED,32244/673,32.4,76.8,0.0,
ac4b0b61-2e83-4e88-9f12-682e296cd165-0,END,2026/07/16 17:30:36.219,2026/07/16 17:30:36.275,,00:00:00.056,REALTIME_DATA_COLLECTOR,contacts,0,NOT_STOPPED,32244/539,32.4,76.8,18.7,contacts:23:noData:32.4:0.4:0.0:on;contacts:23:16.5:0.00:0.3:-0.0:0:0:0:1;
c8a56168-a08d-4c81-a5b2-f8c2c1a98240-0,END,2026/07/16 17:30:36.210,2026/07/16 17:30:36.256,,00:00:00.046,REALTIME_DATA_COLLECTOR,my_contact_profile,0,NOT_STOPPED,32244/678,32.4,76.6,19.1,my_contact_profile:8:noData:32.4:0.4:0.1:on;my_contact_profile:7:0.0:0.00:0.3:0.1:0:0:0:1;
c67f8829-3e3e-4d95-a99a-65d71a9281d0-0,END,2026/07/16 17:30:26.182,2026/07/16 17:30:26.183,,00:00:00.001,DATA_OBSERVER,contacts,0,NOT_STOPPED,32244/532,32.5,71.7,0.0,
﻿a7147f43-6c50-46f8-b33a-32b7ed6b0870-0,END,2026/07/16 17:30:26.179,2026/07/16 17:30:26.183,,00:00:00.004,DATA_OBSERVER,my_contact_profile,0,NOT_STOPPED,32244/539,32.5,71.7,0.0,
152df970-e41d-430c-9e60-61ae8f7e08fd-0,END,2026/07/16 17:30:25.844,2026/07/16 17:30:25.910,,00:00:00.066,REALTIME_DATA_COLLECTOR,contacts,0,NOT_STOPPED,32244/532,32.5,71.5,18.9,contacts:29:noData:32.5:0.5:0.0:on;contacts:28:15.0:0.00:0.3:0.0:0:0:0:1;
03d3c128-6f83-46d2-a3c6-ed423d8e501c-0,END,2026/07/16 17:30:25.840,2026/07/16 17:30:25.881,,00:00:00.041,REALTIME_DATA_COLLECTOR,my_contact_profile,0,NOT_STOPPED,32244/673,32.5,71.2,20.5,my_contact_profile:5:noData:32.5:0.3:-0.0:on;my_contact_profile:4:0.0:0.00:0.1:0.0:0:0:0:1;
7bc4d062-39d6-446e-b1e0-22874c6387fd-0,END,2026/07/16 17:30:15.813,2026/07/16 17:30:15.816,,00:00:00.003,DATA_OBSERVER,my_contact_profile,0,NOT_STOPPED,32244/678,32.4,70.8,0.0,
f0ea5caa-4356-4f09-b26b-3e11063974e0-0,END,2026/07/16 17:30:15.814,2026/07/16 17:30:15.815,,00:00:00.001,DATA_OBSERVER,contacts,0,NOT_STOPPED,32244/532,32.4,70.7,0.0,
9d1ff1f4-9491-4d20-b8fe-443be85d578f-0,END,2026/07/16 17:26:26.117,2026/07/16 17:26:26.211,,00:00:00.094,REALTIME_DATA_COLLECTOR,contacts,0,NOT_STOPPED,32244/539,31.4,74.8,16.5,contacts:25:noData:31.4:0.5:0.0:on;contacts:25:5.8:0.00:0.3:0.1:0:0:0:1;
1e9e59cd-1d95-4880-a9df-e588b1dcaf23-0,END,2026/07/16 17:26:26.117,2026/07/16 17:26:26.152,,00:00:00.035,REALTIME_DATA_COLLECTOR,my_contact_profile,0,NOT_STOPPED,32244/673,31.4,74.5,19.7,my_contact_profile:7:noData:31.4:0.2:-0.0:on;my_contact_profile:7:0.0:0.00:0.1:-0.0:0:0:0:1;
144d9126-a251-4742-896e-041e805321ae-0,END,2026/07/16 17:26:16.097,2026/07/16 17:26:16.100,,00:00:00.003,DATA_OBSERVER,my_contact_profile,0,NOT_STOPPED,32244/678,31.6,74.3,0.0,
efb230e3-b913-42d1-85fb-a5e97b7f00f4-0,END,2026/07/16 17:26:16.090,2026/07/16 17:26:16.098,,00:00:00.008,DATA_OBSERVER,contacts,0,NOT_STOPPED,32244/673,31.6,74.3,0.0,
82e0d424-3a19-4376-a25b-69c62e0380bb-0,END,2026/07/16 17:26:15.077,2026/07/16 17:26:15.128,,00:00:00.051,REALTIME_DATA_COLLECTOR,my_contact_profile,0,NOT_STOPPED,32244/678,31.6,74.0,21.0,my_contact_profile:10:noData:31.6:0.4:0.0:on;my_contact_profile:9:0.0:0.00:0.2:0.0:0:0:0:1;
b21cd2c6-1146-414e-89fa-dcf3fea03d2d-0,END,2026/07/16 17:26:15.077,2026/07/16 17:26:15.142,,00:00:00.065,REALTIME_DATA_COLLECTOR,contacts,0,NOT_STOPPED,32244/532,31.6,74.1,19.8,contacts:24:noData:31.6:0.5:0.0:on;contacts:23:16.5:0.00:0.4:0.0:0:0:0:1;
7da4b679-cc17-47a1-8a0f-3d5d0c44e23e-0,END,2026/07/16 17:26:05.041,2026/07/16 17:26:05.044,,00:00:00.003,DATA_OBSERVER,my_contact_profile,0,NOT_STOPPED,32244/539,31.7,73.4,0.0,
642ffc35-0cb0-48f2-b7ad-cca234111e35-0,END,2026/07/16 17:26:05.042,2026/07/16 17:26:05.044,,00:00:00.002,DATA_OBSERVER,contacts,0,NOT_STOPPED,32244/673,31.7,73.4,0.0,
30c20c2c-13cc-4298-9e1e-05d6966d7ac7-0,END,2026/07/16 17:26:04.795,2026/07/16 17:26:04.867,,00:00:00.072,REALTIME_DATA_COLLECTOR,contacts,0,NOT_STOPPED,32244/539,31.7,73.2,18.5,contacts:32:noData:31.7:0.6:0.0:on;contacts:31:16.1:0.00:0.4:0.0:0:0:0:1;
4f25bf0d-a93f-49f0-a0ea-e1a28b7eb955-0,END,2026/07/16 17:26:04.795,2026/07/16 17:26:04.840,,00:00:00.045,REALTIME_DATA_COLLECTOR,my_contact_profile,0,NOT_STOPPED,32244/532,31.7,72.9,20.7,my_contact_profile:5:noData:31.7:0.3:0.1:on;my_contact_profile:4:0.0:0.00:0.2:0.1:0:0:0:1;
c3b1c78d-48a9-4b40-8a89-276b3ebfb7c2-0,END,2026/07/16 17:25:54.758,2026/07/16 17:25:54.760,,00:00:00.002,DATA_OBSERVER,contacts,0,NOT_STOPPED,32244/539,31.7,72.5,0.0,
1e3b31fd-47b7-4a2b-9fa2-2e4477ff5cd8-0,END,2026/07/16 17:25:54.758,2026/07/16 17:25:54.760,,00:00:00.002,DATA_OBSERVER,my_contact_profile,0,NOT_STOPPED,32244/678,31.7,72.5,0.0,
1d6fedc5-6346-4895-8ad2-43b9f9ce7690-0,END,2026/07/16 17:25:53.877,2026/07/16 17:25:53.941,,00:00:00.064,REALTIME_DATA_COLLECTOR,contacts,0,NOT_STOPPED,32244/673,31.7,72.2,15.6,contacts:26:noData:31.7:0.5:0.0:on;contacts:25:14.0:0.00:0.3:0.0:0:0:0:1;
4f740f14-93c1-482b-9959-b9b8f8a7cdea-0,END,2026/07/16 17:25:53.876,2026/07/16 17:25:53.942,,00:00:00.066,REALTIME_DATA_COLLECTOR,my_contact_profile,0,NOT_STOPPED,32244/539,31.7,72.2,15.6,my_contact_profile:6:noData:31.7:0.5:0.0:on;my_contact_profile:6:0.0:0.00:0.1:0.0:0:0:0:1;
179c814c-8ab1-43de-9003-bbb1340e0d9e-0,END,2026/07/16 17:25:43.847,2026/07/16 17:25:43.853,,00:00:00.006,DATA_OBSERVER,my_contact_profile,0,NOT_STOPPED,32244/532,31.9,71.5,0.0,
9bd6e69c-518d-4b54-b005-4151fae98e12-0,END,2026/07/16 17:25:43.847,2026/07/16 17:25:43.850,,00:00:00.003,DATA_OBSERVER,contacts,0,NOT_STOPPED,32244/673,31.9,71.5,0.0,
48a966f1-ee1a-4ffc-8de5-73a3dd41fd84-0,END,2026/07/16 17:25:43.683,2026/07/16 17:25:43.731,,00:00:00.048,REALTIME_DATA_COLLECTOR,my_contact_profile,0,NOT_STOPPED,32244/678,31.9,71.2,20.8,my_contact_profile:10:noData:31.9:0.4:0.0:on;my_contact_profile:9:19.0:0.00:0.2:-0.0:0:0:0:1;
03c7c6da-95b7-4daf-81d2-946432d9fae2-0,END,2026/07/16 17:25:43.672,2026/07/16 17:25:43.756,,00:00:00.084,REALTIME_DATA_COLLECTOR,contacts,0,NOT_STOPPED,32244/673,31.9,71.3,17.0,contacts:37:noData:31.9:0.6:0.0:on;contacts:36:14.6:0.00:0.4:0.0:0:0:0:1;
06859c96-546f-43ae-88a1-5abc3999fc2c-0,END,2026/07/16 17:25:33.640,2026/07/16 17:25:33.641,,00:00:00.001,DATA_OBSERVER,my_contact_profile,0,NOT_STOPPED,32244/532,32.0,70.8,0.0,
557f1375-a532-4bdb-a4f1-00a2fe743a75-0,END,2026/07/16 17:25:33.627,2026/07/16 17:25:33.644,,00:00:00.017,DATA_OBSERVER,contacts,0,NOT_STOPPED,32244/678,32.0,70.8,8.2,
851a8561-b46b-460a-9fbf-fa56223c3a37-0,END,2026/07/16 17:25:32.637,2026/07/16 17:25:32.740,,00:00:00.103,REALTIME_DATA_COLLECTOR,contacts,0,NOT_STOPPED,32244/532,32.0,70.6,16.0,contacts:37:noData:32.0:0.7:-0.0:on;contacts:36:7.2:0.00:0.3:0.1:0:0:0:1;
0453a67e-124f-4e03-9088-f901269d95be-0,END,2026/07/16 17:25:32.636,2026/07/16 17:25:32.687,,00:00:00.051,REALTIME_DATA_COLLECTOR,my_contact_profile,0,NOT_STOPPED,32244/673,32.0,70.2,21.2,my_contact_profile:11:noData:32.0:0.4:-0.0:on;my_contact_profile:10:16.0:0.00:0.2:-0.1:0:0:0:1;
fbdaf269-679f-4862-92a2-5db84a5b9bce-0,END,2026/07/16 17:25:22.592,2026/07/16 17:25:22.596,,00:00:00.004,DATA_OBSERVER,contacts,0,NOT_STOPPED,32244/539,31.4,88.9,0.0,
fca4eaab-17d1-4ea2-a0d2-ea950371619c-0,END,2026/07/16 17:25:22.586,2026/07/16 17:25:22.589,,00:00:00.003,DATA_OBSERVER,my_contact_profile,0,NOT_STOPPED,32244/678,31.4,87.9,0.0,
6db7e4b5-57eb-43d0-b5f9-2fa1b2b220fe-0,END,2026/07/16 17:25:22.402,2026/07/16 17:25:22.459,,00:00:00.057,REALTIME_DATA_COLLECTOR,contacts,0,NOT_STOPPED,32244/673,31.4,87.3,19.6,contacts:27:noData:31.4:0.5:0.0:on;contacts:26:20.0:0.00:0.4:0.0:0:0:0:1;
9b020cb1-2a22-4fe4-a6bb-94e8f8f5199b-0,END,2026/07/16 17:25:22.415,2026/07/16 17:25:22.450,,00:00:00.035,REALTIME_DATA_COLLECTOR,my_contact_profile,0,NOT_STOPPED,32244/678,31.4,87.2,22.0,my_contact_profile:6:noData:31.4:0.3:0.0:on;my_contact_profile:5:0.0:0.00:0.0:0.0:0:0:0:1;
cf59efb9-2ed4-43e0-9ee2-71b2e004e888-0,END,2026/07/16 17:25:12.379,2026/07/16 17:25:12.381,,00:00:00.002,DATA_OBSERVER,contacts,0,NOT_STOPPED,32244/539,31.3,86.5,0.0,
edad83d5-6180-410b-9a71-a717c864e592-0,END,2026/07/16 17:25:12.379,2026/07/16 17:25:12.381,,00:00:00.002,DATA_OBSERVER,my_contact_profile,0,NOT_STOPPED,32244/678,31.3,86.5,0.0,
bd6d40b3-e29a-4cc9-b10b-e40664964eb8-0,END,2026/07/16 17:25:12.039,2026/07/16 17:25:12.165,,00:00:00.126,REALTIME_DATA_COLLECTOR,contacts,0,NOT_STOPPED,32244/532,31.3,86.3,11.3,contacts:91:noData:31.3:0.6:-0.1:on;contacts:89:7.4:0.00:0.4:0.1:0:0:0:1;
dbbdc9c7-1fe6-4aeb-acf9-728ac28c22c7-0,END,2026/07/16 17:25:12.031,2026/07/16 17:25:12.087,,00:00:00.056,REALTIME_DATA_COLLECTOR,my_contact_profile,0,NOT_STOPPED,32244/678,31.3,84.9,17.3,my_contact_profile:17:noData:31.3:0.3:0.0:on;my_contact_profile:16:16.9:0.00:0.2:0.0:0:0:0:1;
9325d4a4-aae6-49b0-9ba9-512d17fb557e-0,END,2026/07/16 17:25:02.026,2026/07/16 17:25:02.028,,00:00:00.002,DATA_OBSERVER,contacts,0,NOT_STOPPED,32244/539,30.5,83.7,0.0,
b72d2504-e3dc-4167-9b29-f8d5d6e0cbd0-0,END,2026/07/16 17:25:01.989,2026/07/16 17:25:02.000,,00:00:00.011,DATA_OBSERVER,my_contact_profile,0,NOT_STOPPED,32244/532,30.5,82.1,11.0,
89851b30-534e-4f1c-af41-261342ab7e42-0,END,2026/07/16 17:21:08.450,2026/07/16 17:21:08.589,,00:00:00.139,REALTIME_DATA_COLLECTOR,calendar,0,NOT_STOPPED,32244/673,29.8,93.2,9.4,calendar:28:noData:29.8:0.3:0.1:on;calendar:27:6.3:0.00:0.2:0.1:0:0:0:1;
0343f2be-e9cc-4a3e-8eda-ece0cc6bf1d6-0,END,2026/07/16 17:20:58.396,2026/07/16 17:20:58.403,,00:00:00.007,DATA_OBSERVER,calendar,0,NOT_STOPPED,32244/539,30.1,93.3,0.0,
284c111f-662d-4fd2-8bbc-a21fa12c89fa-0,END,2026/07/16 17:20:56.274,2026/07/16 17:20:56.435,,00:00:00.161,REALTIME_DATA_COLLECTOR,contacts,0,NOT_STOPPED,32244/539,30.1,93.1,17.8,contacts:52:noData:30.1:0.7:-0.1:on;contacts:50:12.7:0.00:0.4:-0.1:0:0:0:1;
99041f7c-9b31-4d8d-9640-fac307f48720-0,END,2026/07/16 17:20:56.273,2026/07/16 17:20:56.399,,00:00:00.126,REALTIME_DATA_COLLECTOR,my_contact_profile,0,NOT_STOPPED,32244/673,30.1,93.0,19.1,my_contact_profile:16:noData:30.1:0.5:0.1:on;my_contact_profile:14:14.3:0.00:0.2:0.1:0:0:0:1;
1911616e-c85a-411c-8081-a5ad0980827e-0,END,2026/07/16 17:20:46.227,2026/07/16 17:20:46.232,,00:00:00.005,DATA_OBSERVER,my_contact_profile,0,NOT_STOPPED,32244/678,29.6,92.3,0.0,
773a7d81-73d0-4edc-94d9-fa2c69592459-0,END,2026/07/16 17:20:46.226,2026/07/16 17:20:46.239,,00:00:00.013,DATA_OBSERVER,contacts,0,NOT_STOPPED,32244/539,29.6,92.4,16.2,
ef430292-f922-4883-971e-2cd50c5e068a-0,END,2026/07/16 17:20:45.509,2026/07/16 17:20:45.690,,00:00:00.181,REALTIME_DATA_COLLECTOR,calendar,0,NOT_STOPPED,32244/539,29.6,92.1,8.9,calendar:41:noData:29.6:0.3:0.1:on;calendar:39:4.9:0.00:0.3:0.1:0:0:0:1;
ad209bf8-8ef9-4d6e-8dcf-adeeb64607e2-0,END,2026/07/16 17:20:44.464,2026/07/16 17:20:44.650,,00:00:00.186,REALTIME_DATA_COLLECTOR,contacts,0,NOT_STOPPED,32244/673,29.6,91.6,16.0,contacts:82:noData:29.6:0.5:0.0:on;contacts:79:10.6:0.00:0.4:0.0:0:0:0:1;
e67c7ac7-87f2-4e97-ae7e-a1104314f48f-0,END,2026/07/16 17:20:44.457,2026/07/16 17:20:44.594,,00:00:00.137,REALTIME_DATA_COLLECTOR,my_contact_profile,0,NOT_STOPPED,32244/678,29.6,91.4,17.4,my_contact_profile:24:noData:29.6:0.4:0.1:on;my_contact_profile:23:7.4:0.00:0.2:0.1:0:0:0:1;
64adb9bf-39ae-455f-9b68-2101c1594d42-0,END,2026/07/16 17:20:44.147,2026/07/16 17:20:44.150,,00:00:00.003,DATA_OBSERVER,calendar,0,NOT_STOPPED,32244/539,29.6,90.5,0.0,
e288e1bc-fe93-4775-82c6-d539269c694b-0,END,2026/07/16 17:20:35.466,2026/07/16 17:20:35.481,,00:00:00.015,DATA_OBSERVER,calendar,0,NOT_STOPPED,32244/678,29.1,89.9,3.3,
02be227c-fe79-49d0-9cd2-1096d77cf66d-0,END,2026/07/16 17:20:34.411,2026/07/16 17:20:34.416,,00:00:00.005,DATA_OBSERVER,my_contact_profile,0,NOT_STOPPED,32244/532,29.1,110.2,0.0,
26dcf8b8-7f53-4b8d-b942-e1b53c73866c-0,END,2026/07/16 17:20:34.410,2026/07/16 17:20:34.416,,00:00:00.006,DATA_OBSERVER,contacts,0,NOT_STOPPED,32244/673,29.1,110.2,0.0,
3b927a6f-74e3-499f-ab60-70a232d894ad-0,END,2026/07/16 17:20:31.942,2026/07/16 17:20:33.640,,00:00:01.698,SEARCH_INDEXING,,0,NOT_STOPPED,32244/678,29.1,111.0,0.2,Not compliant
ae5f094c-3bd5-4f00-bb6f-97e31850f3b2-0,END,2026/07/16 17:10:09.108,2026/07/16 17:10:09.272,,00:00:00.164,REALTIME_DATA_COLLECTOR,calendar,0,NOT_STOPPED,32244/678,30.2,109.1,9.0,calendar:35:noData:30.2:0.3:0.0:on;calendar:33:5.5:0.00:0.3:0.0:0:0:0:1;
8ecc2ccb-64b6-413b-9a68-d705e0ed0cae-0,END,2026/07/16 17:10:03.188,2026/07/16 17:10:03.356,,00:00:00.168,REALTIME_DATA_COLLECTOR,contacts,0,NOT_STOPPED,32244/539,30.2,108.7,16.5,contacts:63:noData:30.2:0.5:0.0:on;contacts:61:11.3:0.00:0.4:0.0:0:0:0:1;
e7f1999f-3e10-42ad-b858-c0822aee69a2-0,END,2026/07/16 17:10:03.182,2026/07/16 17:10:03.311,,00:00:00.129,REALTIME_DATA_COLLECTOR,my_contact_profile,0,NOT_STOPPED,32244/532,30.2,108.6,17.9,my_contact_profile:19:noData:30.2:0.4:0.0:on;my_contact_profile:17:10.6:0.00:0.3:0.0:0:0:0:1;
670ea42b-d4a0-4996-b2fa-c68ea0e2075f-0,END,2026/07/16 17:09:59.078,2026/07/16 17:09:59.084,,00:00:00.006,DATA_OBSERVER,calendar,0,NOT_STOPPED,32244/678,30.2,108.0,0.0,
5c22ff87-e964-4d2c-9620-a7766400ee52-0,END,2026/07/16 17:09:57.740,2026/07/16 17:09:59.008,,00:00:01.268,REALTIME_ANALYSIS,calendar,0,NOT_STOPPED,32244/673,30.2,107.9,7.0,
3a05b6a7-e265-41bf-9a4b-703b667043a6-0,END,2026/07/16 17:09:55.380,2026/07/16 17:09:55.726,,00:00:00.346,REALTIME_DATA_COLLECTOR,calendar,0,NOT_STOPPED,32244/673,29.9,78.9,6.6,calendar:239:success:29.9:1.4:0.5:on;calendar:222:5.2:0.00:1.2:0.5:0:58:1:1;
a4ddfeaf-1654-4ad0-b58f-beaf114e06b2-0,END,2026/07/16 17:09:53.139,2026/07/16 17:09:53.144,,00:00:00.005,DATA_OBSERVER,contacts,0,NOT_STOPPED,32244/532,29.9,93.7,0.0,
b6c4be4b-45ab-49fb-85f8-0abb89b45633-0,END,2026/07/16 17:09:53.138,2026/07/16 17:09:53.145,,00:00:00.007,DATA_OBSERVER,my_contact_profile,0,NOT_STOPPED,32244/678,29.9,93.7,0.0,
5e859554-ce02-4d88-a54c-501cee57160b-0,END,2026/07/16 17:09:52.646,2026/07/16 17:09:53.056,,00:00:00.410,REALTIME_DATA_COLLECTOR,contacts,0,NOT_STOPPED,32244/539,29.9,93.3,11.0,contacts:289:noData:29.9:2.0:-3.3:on;contacts:286:7.8:0.00:1.2:-3.3:0:0:0:1;
e0e072dc-d115-46d4-ba32-4eebb3f41eff-0,END,2026/07/16 17:09:52.628,2026/07/16 17:09:52.825,,00:00:00.197,REALTIME_DATA_COLLECTOR,my_contact_profile,0,NOT_STOPPED,32244/673,29.9,85.9,14.4,my_contact_profile:55:noData:29.9:1.1:-3.2:on;my_contact_profile:54:7.6:0.00:0.1:-3.2:0:0:0:1;
96146710-a1c9-46ef-92e8-73317d6f9d5f-0,END,2026/07/16 17:09:52.473,2026/07/16 17:09:52.477,,00:00:00.004,DATA_OBSERVER,calendar,0,NOT_STOPPED,32244/678,29.9,83.3,0.0,
57e52307-1175-4a01-a679-178cf29eab25-0,END,2026/07/16 17:09:46.370,2026/07/16 17:09:46.372,,00:00:00.002,DATA_OBSERVER,contacts,0,NOT_STOPPED,32244/673,29.7,79.9,0.0,
c08a08c1-3b5f-4bc8-8322-b026a7b6e754-0,END,2026/07/16 17:09:46.369,2026/07/16 17:09:46.372,,00:00:00.003,DATA_OBSERVER,my_contact_profile,0,NOT_STOPPED,32244/539,29.7,79.9,0.0,
6fffb267-f2ec-4c48-bb05-a0e98d73abcf-0,END,2026/07/16 17:09:45.341,2026/07/16 17:09:45.347,,00:00:00.006,DATA_OBSERVER,calendar,0,NOT_STOPPED,32244/678,29.7,79.0,0.0,
90620de1-4e96-4b11-b2bf-8c8a07ce54dc-0,END,2026/07/16 17:09:42.526,2026/07/16 17:09:42.534,,00:00:00.008,DATA_OBSERVER,my_contact_profile,0,NOT_STOPPED,32244/539,29.7,78.9,0.0,
ec4fd283-3b0f-4a00-81bb-10943d8cfed0-0,END,2026/07/16 17:09:42.514,2026/07/16 17:09:42.565,,00:00:00.051,DATA_OBSERVER,contacts,0,NOT_STOPPED,32244/532,29.7,78.9,8.8,
fc554a62-2738-4f65-b125-5e60b80d9523-0,END,2026/07/16 17:07:06.301,2026/07/16 17:07:08.103,,00:00:01.802,BATCH_ANALYSIS,,0,NOT_STOPPED,32244/539,29.5,77.0,0.1,Not compliant
d6baedc0-6691-4543-96e2-1081fcabe845-0,END,2026/07/16 16:51:10.933,2026/07/16 16:51:12.109,,00:00:01.176,BATCH_DATA_COLLECTOR,,0,NOT_STOPPED,32244/532,29.0,76.0,0.3,Not compliant
92f221a3-8e33-4e3e-9f4d-fb19ec62b0fd-0,END,2026/07/16 16:34:00.461,2026/07/16 16:34:01.334,,00:00:00.873,BATCH_ANALYSIS,,0,NOT_STOPPED,32244/673,28.7,74.6,0.2,Not compliant
85f0fc43-0469-430c-b064-c2d9ce8ba936-0,END,2026/07/16 16:18:13.306,2026/07/16 16:18:15.674,,00:00:02.368,BATCH_DATA_COLLECTOR,,0,NOT_STOPPED,32244/539,29.4,74.6,0.1,Not compliant
8a09fc10-c355-4f3d-a627-1541c1f741d7-0,END,2026/07/16 15:43:47.320,2026/07/16 15:43:51.191,,00:00:03.871,DAILY_ANALYTICS,,0,NOT_STOPPED,32244/532,31.0,117.6,5.4,
c159907b-d40d-4463-97d3-7f447f3f48a7-0,END,2026/07/16 15:43:47.319,2026/07/16 15:43:49.264,,00:00:01.945,DAILY_COLLECTOR_ANALYTICS,,0,NOT_STOPPED,32244/678,30.8,93.9,3.5,
473b9ccf-4a03-4f99-974c-c80e3a37e3a0-0,END,2026/07/16 15:43:47.313,2026/07/16 15:43:48.487,,00:00:01.174,BATCH_ANALYSIS,,0,NOT_STOPPED,32244/539,30.8,68.4,1.0,Not compliant
e32e8d1f-49c1-48b5-8349-451b430134bf-0,END,2026/07/16 15:43:47.372,2026/07/16 15:43:48.487,,00:00:01.115,BATCH_DATA_COLLECTOR,,0,NOT_STOPPED,32244/673,30.8,68.3,0.5,Not compliant
7cba3583-0b49-4672-9991-a927c92c5357-0,END,2026/07/16 13:43:57.553,2026/07/16 13:43:57.690,,00:00:00.137,REALTIME_DATA_COLLECTOR,my_contact_profile,0,NOT_STOPPED,32244/678,37.2,55.2,9.1,my_contact_profile:43:noData:37.2:0.1:-0.0:on;my_contact_profile:39:6.4:0.00:0.1:-0.0:0:0:0:1;
fa6a0c8d-113e-4d80-ba84-8b3b37f3c23c-0,END,2026/07/16 13:43:30.600,2026/07/16 13:43:30.626,,00:00:00.026,DATA_OBSERVER,my_contact_profile,0,NOT_STOPPED,32244/673,36.8,51.2,9.6,
b4aece94-6183-42c1-9612-4b0f4c9f2d64-0,END,2026/07/16 13:43:30.599,2026/07/16 13:43:30.619,,00:00:00.020,DATA_OBSERVER,contacts,0,NOT_STOPPED,32244/532,36.8,50.1,7.5,
17544627-3c3d-4c2f-a31d-086026ca724b-0,END,2026/07/16 11:39:47.357,2026/07/16 11:39:47.378,,00:00:00.021,START_DATA_OBSERVER,,0,NOT_STOPPED,32244/678,39.3,108.4,22.9,
ff189511-fae0-4a4e-8fdd-f3f6cbccbf98-0,END,2026/07/16 11:39:47.047,2026/07/16 11:39:47.320,,00:00:00.273,BOOT_COMPLETED,,0,NOT_STOPPED,32244/539,39.3,106.0,5.5,
a48bb723-bf38-4866-9f12-7046fb9368e6-0,END,2026/07/16 11:38:40.786,2026/07/16 11:38:40.872,,00:00:00.086,REALTIME_DATA_COLLECTOR,contacts,0,NOT_STOPPED,28277/29011,38.7,44.8,10.9,contacts:61:noData:38.7:0.5:0.2:on;contacts:59:8.5:0.00:0.4:0.3:0:0:0:1;
69e40b7f-5380-4037-8e06-474c3a28663a-0,END,2026/07/16 11:38:40.764,2026/07/16 11:38:40.827,,00:00:00.063,REALTIME_DATA_COLLECTOR,my_contact_profile,0,NOT_STOPPED,28277/28861,38.7,42.9,12.2,my_contact_profile:24:noData:38.7:0.3:0.4:on;my_contact_profile:22:10.5:0.00:0.2:0.4:0:0:0:1;
3aa7b855-b0dc-44ac-8934-1970bd0ab812-0,END,2026/07/16 11:38:30.732,2026/07/16 11:38:30.755,,00:00:00.023,DATA_OBSERVER,my_contact_profile,0,NOT_STOPPED,28277/29014,38.7,50.3,9.1,
22b84005-4376-493e-b103-1fdb23ed4d5e-0,END,2026/07/16 11:38:30.738,2026/07/16 11:38:30.755,,00:00:00.017,DATA_OBSERVER,contacts,0,NOT_STOPPED,28277/29011,38.7,50.3,10.0,
fcbd9701-50b6-488d-9f9a-0cf79ae60ecd-0,END,2026/07/16 11:37:38.600,2026/07/16 11:37:38.623,,00:00:00.023,START_DATA_OBSERVER,,0,NOT_STOPPED,28277/28861,39.3,110.1,10.9,
4f898c79-9313-4513-b33a-de01fea85780-0,END,2026/07/16 11:37:38.171,2026/07/16 11:37:38.538,,00:00:00.367,BOOT_COMPLETED,,0,NOT_STOPPED,28277/28862,39.3,107.2,4.9,
1118670e-e9a3-4389-880d-c90bcf423e21-0,END,2026/07/16 11:20:00.859,2026/07/16 11:20:01.203,,00:00:00.344,REALTIME_ANALYSIS,call_log,0,NOT_STOPPED,22002/22490,31.3,99.7,9.9,
a42b7850-1889-4d05-a9d9-0ac5111f2f53-0,END,2026/07/16 11:19:58.452,2026/07/16 11:19:58.832,,00:00:00.380,REALTIME_DATA_COLLECTOR,call_log,0,NOT_STOPPED,22002/22490,31.3,92.3,3.7,call_log:312:success:31.3:1.2:-0.0:on;call_log:296:2.1:0.00:1.0:-0.0:0:1:0:1;
2c8a0906-140e-46a9-85ab-e689f37d23bb-0,END,2026/07/16 11:19:48.408,2026/07/16 11:19:48.424,,00:00:00.016,DATA_OBSERVER,call_log,0,NOT_STOPPED,22002/22389,30.9,88.1,5.9,
06b5e516-81e9-4851-87a0-d8f6bfa1cb11-0,END,2026/07/16 10:46:25.691,2026/07/16 10:46:26.127,,00:00:00.436,BATCH_DATA_COLLECTOR,,0,NOT_STOPPED,22002/22390,30.7,82.4,0.8,Not compliant
6510d1a7-cea3-45c2-b141-2684933ecf20-0,END,2026/07/16 08:28:27.958,2026/07/16 08:28:28.641,,00:00:00.683,REALTIME_ANALYSIS,call_log,0,NOT_STOPPED,22002/22490,38.6,117.9,9.0,
31d36c2a-afb0-48f7-b361-d5af7579cd8c-0,END,2026/07/16 08:28:25.397,2026/07/16 08:28:25.920,,00:00:00.523,REALTIME_DATA_COLLECTOR,call_log,0,NOT_STOPPED,22002/22389,38.6,103.5,4.8,call_log:477:success:38.4:1.4:0.3:on;call_log:454:4.2:0.20:1.2:0.3:10:2:0:1;
cb68e1c4-8377-46e5-8ef3-76d17f1332cd-0,END,2026/07/16 08:28:15.348,2026/07/16 08:28:15.357,,00:00:00.009,DATA_OBSERVER,call_log,0,NOT_STOPPED,22002/22476,38.4,98.8,0.0,
e931cd5b-1640-4c1d-b011-154bfaf33e6b-0,END,2026/07/16 08:20:30.946,2026/07/16 08:20:31.360,,00:00:00.414,BATCH_ANALYSIS,,0,NOT_STOPPED,22002/22390,37.0,87.8,0.3,Not compliant
605da94c-abb9-4c0b-b8a3-39433ae0fd52-0,END,2026/07/16 08:05:30.461,2026/07/16 08:05:30.733,,00:00:00.272,BATCH_DATA_COLLECTOR,,0,NOT_STOPPED,22002/22389,36.2,88.5,0.4,Not compliant
ef1aef05-47b1-48f8-91fb-ca441fb72bd8-0,END,2026/07/16 07:42:00.593,2026/07/16 07:42:01.489,,00:00:00.896,BATCH_ANALYSIS,,0,NOT_STOPPED,22002/22476,34.3,88.8,0.2,Not compliant
70528b5a-9f65-4cc8-a6a2-fb7b7b7bb1e5-0,END,2026/07/16 07:26:01.025,2026/07/16 07:26:01.099,,00:00:00.074,BATCH_DATA_COLLECTOR,,0,NOT_STOPPED,22002/22390,33.6,89.5,1.5,Not compliant
0888fb30-0334-4697-ba63-d8e0079b154b-0,END,2026/07/16 07:22:03.191,2026/07/16 07:22:04.966,,00:00:01.775,BATCH_ANALYSIS,,0,NOT_STOPPED,22002/22389,33.9,88.9,0.2,Not compliant
e39c004e-e8bb-46bf-b4e1-57a470030db5-0,END,2026/07/16 07:07:03.100,2026/07/16 07:07:03.196,,00:00:00.096,BATCH_DATA_COLLECTOR,,0,NOT_STOPPED,22002/22476,34.0,87.1,1.7,Not compliant
1fcfc44a-af43-4092-bc1a-c66bdfb5ecdd-0,END,2026/07/16 06:52:02.888,2026/07/16 06:52:02.980,,00:00:00.092,BATCH_ANALYSIS,,0,NOT_STOPPED,22002/22390,34.1,85.2,1.0,Not compliant
﻿938d4de1-3950-4064-9ab0-d654c18ca34f-0,END,2026/07/16 06:36:02.134,2026/07/16 06:36:02.236,,00:00:00.102,BATCH_DATA_COLLECTOR,,0,NOT_STOPPED,22002/22389,34.3,81.0,1.5,Not compliant
463c824a-9470-4758-8152-17a04eaa0665-0,END,2026/07/16 06:21:22.337,2026/07/16 06:21:22.466,,00:00:00.129,REALTIME_DATA_COLLECTOR,contacts,0,NOT_STOPPED,22002/22390,36.4,78.5,17.6,contacts:38:noData:36.4:0.5:0.2:on;contacts:37:12.7:0.00:0.4:0.2:0:0:0:1;
da66b2b6-5a43-4640-954f-090adda6fb2a-0,END,2026/07/16 06:21:22.337,2026/07/16 06:21:22.439,,00:00:00.102,REALTIME_DATA_COLLECTOR,my_contact_profile,0,NOT_STOPPED,22002/22490,36.4,78.4,18.6,my_contact_profile:11:noData:36.4:0.3:0.2:on;my_contact_profile:10:12.0:0.00:0.2:0.2:0:0:0:1;
db4ddb1c-8c5c-412e-86e8-ecb82fbcd334-0,END,2026/07/16 06:21:21.776,2026/07/16 06:21:21.781,,00:00:00.005,DATA_OBSERVER,contacts,0,NOT_STOPPED,22002/22476,36.4,80.6,0.0,
8149ee27-0f20-40f4-81a8-a9f7e7b47b11-0,END,2026/07/16 06:21:21.776,2026/07/16 06:21:21.781,,00:00:00.005,DATA_OBSERVER,my_contact_profile,0,NOT_STOPPED,22002/22490,36.4,80.6,0.0,
b3b82119-ecf6-49e9-b9fa-f4167576d2c7-0,END,2026/07/16 06:21:11.729,2026/07/16 06:21:11.737,,00:00:00.008,DATA_OBSERVER,contacts,0,NOT_STOPPED,22002/22389,36.2,80.7,0.0,
96fd8a28-449d-41fb-a8dd-bd8f3a216d18-0,END,2026/07/16 06:21:11.731,2026/07/16 06:21:11.734,,00:00:00.003,DATA_OBSERVER,my_contact_profile,0,NOT_STOPPED,22002/22476,36.2,80.6,0.0,
3df26961-9d41-4ac8-ba1b-645a54399737-0,END,2026/07/16 06:20:59.123,2026/07/16 06:20:59.325,,00:00:00.202,REALTIME_DATA_COLLECTOR,contacts,0,NOT_STOPPED,22002/22476,36.3,81.8,15.0,contacts:95:noData:36.3:0.5:-3.2:on;contacts:94:10.7:0.00:0.3:-3.2:0:0:0:1;
47600441-763a-43aa-a2d1-415b89a5812e-0,END,2026/07/16 06:20:59.124,2026/07/16 06:20:59.274,,00:00:00.150,REALTIME_DATA_COLLECTOR,my_contact_profile,0,NOT_STOPPED,22002/22490,36.3,80.9,15.9,my_contact_profile:44:noData:36.3:0.3:-3.1:on;my_contact_profile:43:8.8:0.00:0.2:-3.1:0:0:0:1;
6f23ed0a-27ae-4c0a-8fa8-2a7b4279afd7-0,END,2026/07/16 06:20:58.480,2026/07/16 06:20:58.484,,00:00:00.004,DATA_OBSERVER,my_contact_profile,0,NOT_STOPPED,22002/22390,36.3,78.3,0.0,
94c70a19-2d4a-436d-881d-122c82044ad5-0,END,2026/07/16 06:20:58.480,2026/07/16 06:20:58.484,,00:00:00.004,DATA_OBSERVER,contacts,0,NOT_STOPPED,22002/22490,36.3,78.3,0.0,
069c7464-9710-4ac8-988d-23a10f61ad3d-0,END,2026/07/16 06:20:54.694,2026/07/16 06:20:54.700,,00:00:00.006,DATA_OBSERVER,my_contact_profile,0,NOT_STOPPED,22002/22476,36.1,78.0,0.0,
45056d6b-35a5-4ea3-99c1-2c2efda6bd0c-0,END,2026/07/16 06:20:54.694,2026/07/16 06:20:54.699,,00:00:00.005,DATA_OBSERVER,contacts,0,NOT_STOPPED,22002/22390,36.1,78.0,0.0,
59577193-276c-4d8d-a3ca-ace5952b2819-0,END,2026/07/16 06:20:48.403,2026/07/16 06:20:48.426,,00:00:00.023,DATA_OBSERVER,my_contact_profile,0,NOT_STOPPED,22002/22390,36.1,79.3,11.7,
3ecf35d1-f7a7-4315-b2dd-e993dc5df775-0,END,2026/07/16 06:20:48.403,2026/07/16 06:20:48.425,,00:00:00.022,DATA_OBSERVER,contacts,0,NOT_STOPPED,22002/22490,36.1,79.3,11.8,
d2f0bd2a-6ba2-48f7-b86f-47cee77d9233-0,END,2026/07/16 06:15:37.834,2026/07/16 06:15:38.578,,00:00:00.744,BATCH_ANALYSIS,,0,NOT_STOPPED,22002/22390,34.2,97.8,0.3,Not compliant
327a145f-e7a6-4685-906a-676dfebc2e74-0,END,2026/07/16 06:15:37.827,2026/07/16 06:15:38.578,,00:00:00.751,BATCH_DATA_COLLECTOR,,0,NOT_STOPPED,22002/22476,34.2,97.8,0.5,Not compliant
dac344ae-fffd-4cdc-9643-9c3e7064f298-0,END,2026/07/16 06:00:14.230,2026/07/16 06:00:17.484,,00:00:03.254,DAILY_ANALYTICS,,0,NOT_STOPPED,22002/22490,33.3,105.2,5.2,
eb3ce749-0807-41a8-ae7d-caf6740d892a-0,END,2026/07/16 06:00:14.292,2026/07/16 06:00:15.836,,00:00:01.544,DAILY_COLLECTOR_ANALYTICS,,0,NOT_STOPPED,22002/22476,33.4,87.6,3.2,
fc0f5725-782b-4ad2-a6bb-ec488c066379-0,END,2026/07/16 06:00:14.285,2026/07/16 06:00:15.472,,00:00:01.187,RELATION_ANALYSIS,,0,NOT_STOPPED,22002/22390,33.4,57.3,0.2,Not compliant
21e7b4b3-5733-4ff4-8889-ce61f0ce64ce-0,END,2026/07/16 05:35:50.716,2026/07/16 05:35:52.210,,00:00:01.494,BATCH_DATA_COLLECTOR,,0,NOT_STOPPED,22002/22390,35.1,55.6,0.3,Not compliant
e3e272ed-244d-4b3b-80d5-ae78890076a7-0,END,2026/07/16 05:35:50.702,2026/07/16 05:35:52.201,,00:00:01.499,BATCH_ANALYSIS,,0,NOT_STOPPED,22002/22389,35.1,55.6,0.3,Not compliant
413ac0ff-05d3-49fd-88b3-7dde7e0522f5-0,END,2026/07/16 04:21:47.543,2026/07/16 04:21:47.603,,00:00:00.060,REALTIME_DATA_COLLECTOR,contacts,0,NOT_STOPPED,22002/22390,38.0,54.6,15.0,contacts:27:noData:38.0:0.5:0.0:on;contacts:26:8.8:0.00:0.3:0.0:0:0:0:1;
b71c9f9d-8d4f-47df-a8b3-56056cec4da4-0,END,2026/07/16 04:21:47.510,2026/07/16 04:21:47.557,,00:00:00.047,REALTIME_DATA_COLLECTOR,my_contact_profile,0,NOT_STOPPED,22002/22389,38.0,54.2,13.2,my_contact_profile:11:noData:38.0:0.2:0.0:on;my_contact_profile:9:14.0:0.00:0.1:0.0:0:0:0:1;
dc7cdc4f-12be-4b0b-893b-e1204e22add5-0,END,2026/07/16 04:21:37.513,2026/07/16 04:21:37.517,,00:00:00.004,DATA_OBSERVER,contacts,0,NOT_STOPPED,22002/22490,37.8,53.9,0.0,
35c57f7e-59ce-4141-90db-4b340970c623-0,END,2026/07/16 04:21:37.470,2026/07/16 04:21:37.473,,00:00:00.003,DATA_OBSERVER,my_contact_profile,0,NOT_STOPPED,22002/22476,37.8,53.7,0.0,
4bf6fb3e-7091-4537-95a7-f775e60100b8-0,END,2026/07/16 04:21:37.353,2026/07/16 04:21:37.415,,00:00:00.062,REALTIME_DATA_COLLECTOR,contacts,0,NOT_STOPPED,22002/22490,37.8,53.6,19.0,contacts:30:noData:37.8:0.6:0.0:on;contacts:29:15.2:0.00:0.3:0.0:0:0:0:1;
ffb31d4f-b86c-44c8-b2e8-65c56eb1e01c-0,END,2026/07/16 04:21:37.357,2026/07/16 04:21:37.391,,00:00:00.034,REALTIME_DATA_COLLECTOR,my_contact_profile,0,NOT_STOPPED,22002/22389,37.8,53.4,22.1,my_contact_profile:6:noData:37.8:0.2:0.2:on;my_contact_profile:6:0.0:0.00:0.2:0.2:0:0:0:1;
5fb6e2a8-a6e1-4e41-bbe6-a4a381059f51-0,END,2026/07/16 04:21:27.315,2026/07/16 04:21:27.319,,00:00:00.004,DATA_OBSERVER,contacts,0,NOT_STOPPED,22002/22476,37.6,53.0,0.0,
f9fb41cc-128d-47d3-b47e-8277258fe3e9-0,END,2026/07/16 04:21:27.315,2026/07/16 04:21:27.319,,00:00:00.004,DATA_OBSERVER,my_contact_profile,0,NOT_STOPPED,22002/22389,37.6,53.0,0.0,
85e972ad-bd9b-4b7c-b870-49d6b0c2f1d7-0,END,2026/07/16 04:21:22.254,2026/07/16 04:21:22.326,,00:00:00.072,REALTIME_DATA_COLLECTOR,contacts,0,NOT_STOPPED,22002/22389,37.6,52.8,15.8,contacts:39:noData:37.6:0.4:0.0:on;contacts:39:12.9:0.00:0.3:0.0:0:0:0:1;
ae137967-994c-4702-9fc0-14681756739e-0,END,2026/07/16 04:21:22.249,2026/07/16 04:21:22.299,,00:00:00.050,REALTIME_DATA_COLLECTOR,my_contact_profile,0,NOT_STOPPED,22002/22476,37.6,52.6,17.4,my_contact_profile:12:noData:37.6:0.4:0.1:on;my_contact_profile:11:15.0:0.00:0.2:0.1:0:0:0:1;
6b580d30-e2d1-4f22-b759-0865f4df4b19-0,END,2026/07/16 04:21:12.218,2026/07/16 04:21:12.222,,00:00:00.004,DATA_OBSERVER,contacts,0,NOT_STOPPED,22002/22490,37.5,51.9,0.0,
f686bfe1-e162-4bb9-904e-9285054cc255-0,END,2026/07/16 04:21:12.218,2026/07/16 04:21:12.223,,00:00:00.005,DATA_OBSERVER,my_contact_profile,0,NOT_STOPPED,22002/22389,37.5,51.9,0.0,
f21306dd-a5fd-4a8b-998e-849b8c49b09b-0,END,2026/07/16 04:20:35.205,2026/07/16 04:20:35.280,,00:00:00.075,REALTIME_DATA_COLLECTOR,contacts,0,NOT_STOPPED,22002/22390,36.7,51.7,14.3,contacts:42:noData:36.7:0.7:0.0:on;contacts:41:11.2:0.00:0.5:0.0:0:0:0:1;
c64a2a46-2b55-413c-bc83-65d7b62568b5-0,END,2026/07/16 04:20:35.209,2026/07/16 04:20:35.246,,00:00:00.037,REALTIME_DATA_COLLECTOR,my_contact_profile,0,NOT_STOPPED,22002/22389,36.7,51.6,17.6,my_contact_profile:9:noData:36.7:0.5:0.0:on;my_contact_profile:8:0.0:0.00:0.3:0.0:0:0:0:1;
d44a00c8-46f9-4b91-8114-ba3f94838e70-0,END,2026/07/16 04:20:25.184,2026/07/16 04:20:25.189,,00:00:00.005,DATA_OBSERVER,contacts,0,NOT_STOPPED,22002/22476,36.5,51.0,0.0,
179f9454-8241-44b0-a7e1-9e4705b2aacf-0,END,2026/07/16 04:20:25.184,2026/07/16 04:20:25.188,,00:00:00.004,DATA_OBSERVER,my_contact_profile,0,NOT_STOPPED,22002/22389,36.5,51.0,0.0,
f7c6e6c3-1e4e-4ff7-a912-74332114028a-0,END,2026/07/16 04:20:24.142,2026/07/16 04:20:24.219,,00:00:00.077,REALTIME_DATA_COLLECTOR,contacts,0,NOT_STOPPED,22002/22389,36.5,50.8,17.4,contacts:41:noData:36.5:0.6:0.0:on;contacts:39:13.8:0.00:0.4:-0.0:0:0:0:1;
2fb7ef23-202f-4ae1-a5c8-3727006924fc-0,END,2026/07/16 04:20:24.143,2026/07/16 04:20:24.184,,00:00:00.041,REALTIME_DATA_COLLECTOR,my_contact_profile,0,NOT_STOPPED,22002/22476,36.5,50.6,21.2,my_contact_profile:8:noData:36.5:0.4:0.2:on;my_contact_profile:7:0.0:0.00:0.2:0.2:0:0:0:1;
81dd8bc2-8fe9-4761-8266-fc4215f338b1-0,END,2026/07/16 04:20:14.101,2026/07/16 04:20:14.105,,00:00:00.004,DATA_OBSERVER,my_contact_profile,0,NOT_STOPPED,22002/22490,36.4,50.1,0.0,
a5ece9e2-21d9-4c79-9633-efb6cc527848-0,END,2026/07/16 04:20:14.102,2026/07/16 04:20:14.105,,00:00:00.003,DATA_OBSERVER,contacts,0,NOT_STOPPED,22002/22476,36.4,50.1,0.0,
57d0f26d-d241-4ea3-bf81-bc5bd23a6565-0,END,2026/07/16 04:20:13.905,2026/07/16 04:20:13.947,,00:00:00.042,REALTIME_DATA_COLLECTOR,my_contact_profile,0,NOT_STOPPED,22002/22476,36.4,49.6,18.6,my_contact_profile:11:noData:36.4:0.3:0.0:on;my_contact_profile:10:12.0:0.00:0.2:-0.0:0:0:0:1;
3015bc3c-6df5-479d-aa5c-cd315107d404-0,END,2026/07/16 04:20:13.897,2026/07/16 04:20:13.971,,00:00:00.074,REALTIME_DATA_COLLECTOR,contacts,0,NOT_STOPPED,22002/22389,36.4,49.8,16.2,contacts:37:noData:36.4:0.6:-0.1:on;contacts:36:14.4:0.00:0.4:-0.2:0:0:0:1;
efe3aa4c-6b7f-4456-bfd1-4b5c2894d672-0,END,2026/07/16 04:20:03.851,2026/07/16 04:20:03.857,,00:00:00.006,DATA_OBSERVER,contacts,0,NOT_STOPPED,22002/22490,35.9,49.1,0.0,
93f4e423-be5c-45d3-9db6-769318a79f13-0,END,2026/07/16 04:20:03.853,2026/07/16 04:20:03.858,,00:00:00.005,DATA_OBSERVER,my_contact_profile,0,NOT_STOPPED,22002/22476,35.9,49.1,0.0,
a4c6b0b7-4d0c-4b93-8636-39a1e3b932df-0,END,2026/07/16 04:19:57.959,2026/07/16 04:19:58.028,,00:00:00.069,REALTIME_DATA_COLLECTOR,contacts,0,NOT_STOPPED,22002/22490,35.9,48.9,17.4,contacts:37:noData:35.9:0.5:0.0:on;contacts:37:15.8:0.00:0.4:0.0:0:0:0:1;
cd862024-2cc6-4d2d-949a-03aeea10e0f8-0,END,2026/07/16 04:19:57.958,2026/07/16 04:19:58.004,,00:00:00.046,REALTIME_DATA_COLLECTOR,my_contact_profile,0,NOT_STOPPED,22002/22390,35.9,48.7,19.6,my_contact_profile:7:noData:35.9:0.4:-0.0:on;my_contact_profile:5:0.0:0.00:0.2:-0.2:0:0:0:1;
5150226c-87e3-4045-87d3-33508b185493-0,END,2026/07/16 04:19:47.916,2026/07/16 04:19:47.920,,00:00:00.004,DATA_OBSERVER,my_contact_profile,0,NOT_STOPPED,22002/22389,35.9,48.0,0.0,
23dc8ec8-8a5a-4318-92a6-601234c905b9-0,END,2026/07/16 04:19:47.779,2026/07/16 04:19:47.903,,00:00:00.124,REALTIME_DATA_COLLECTOR,contacts,0,NOT_STOPPED,22002/22390,35.9,47.8,12.1,contacts:89:noData:35.9:0.6:0.2:on;contacts:86:9.2:0.00:0.4:0.2:0:0:0:1;
58a9608f-e97a-4c32-a34c-03e50a23e073-0,END,2026/07/16 04:19:47.916,2026/07/16 04:19:47.918,,00:00:00.002,DATA_OBSERVER,contacts,0,NOT_STOPPED,22002/22390,35.9,48.0,0.0,
6c6ac0a2-e4dc-4b17-8dbd-cb8eb4d377ad-0,END,2026/07/16 04:19:47.780,2026/07/16 04:19:47.833,,00:00:00.053,REALTIME_DATA_COLLECTOR,my_contact_profile,0,NOT_STOPPED,22002/22476,35.9,46.5,17.4,my_contact_profile:19:noData:35.9:0.2:0.1:on;my_contact_profile:17:14.4:0.00:0.1:0.1:0:0:0:1;
18caa28d-c834-40b4-a9ab-c415579bf495-0,END,2026/07/16 04:19:37.717,2026/07/16 04:19:37.738,,00:00:00.021,DATA_OBSERVER,my_contact_profile,0,NOT_STOPPED,22002/22490,35.8,43.5,11.0,
d96ded7f-70f0-48ad-9fc3-1252fe079f92-0,END,2026/07/16 04:19:37.717,2026/07/16 04:19:37.742,,00:00:00.025,DATA_OBSERVER,contacts,0,NOT_STOPPED,22002/22476,35.8,43.4,10.4,
d79b8eec-0bf2-4d01-a593-84495cff2229-0,END,2026/07/16 04:13:45.227,2026/07/16 04:13:45.345,,00:00:00.118,REALTIME_DATA_COLLECTOR,contacts,0,NOT_STOPPED,22002/22389,36.4,44.1,8.3,contacts:71:noData:36.4:0.5:-0.0:on;contacts:70:5.0:0.00:0.3:0.1:0:0:0:1;
658227dd-b245-4693-8227-67cec48bd18e-0,END,2026/07/16 04:13:45.195,2026/07/16 04:13:45.256,,00:00:00.061,REALTIME_DATA_COLLECTOR,my_contact_profile,0,NOT_STOPPED,22002/22390,36.4,42.5,12.0,my_contact_profile:27:noData:36.4:0.3:-0.1:on;my_contact_profile:26:13.5:0.00:0.1:-0.1:0:0:0:1;
4ed8235b-9bc4-4bf7-aaf5-9957d2076ff2-0,END,2026/07/16 04:13:44.921,2026/07/16 04:13:44.933,,00:00:00.012,DATA_OBSERVER,my_contact_profile,0,NOT_STOPPED,22002/22389,36.4,43.7,12.5,
1b44baef-2c93-411a-9c2d-12e89b0e2d6d-0,END,2026/07/16 04:13:44.921,2026/07/16 04:13:44.932,,00:00:00.011,DATA_OBSERVER,contacts,0,NOT_STOPPED,22002/22490,36.4,43.7,12.7,
7b1f6dfa-69e7-473a-8bb8-9f08f99fd354-0,END,2026/07/16 04:13:35.210,2026/07/16 04:13:35.214,,00:00:00.004,DATA_OBSERVER,contacts,0,NOT_STOPPED,22002/22476,35.1,44.0,0.0,
8a3885f8-75e2-4890-9d8e-ef6824902790-0,END,2026/07/16 04:13:35.160,2026/07/16 04:13:35.178,,00:00:00.018,DATA_OBSERVER,my_contact_profile,0,NOT_STOPPED,22002/22389,35.1,41.0,7.8,
32189c56-ba18-4334-9416-4ebf4815acfa-0,END,2026/07/16 03:56:15.099,2026/07/16 03:56:15.143,,00:00:00.044,REALTIME_DATA_COLLECTOR,my_contact_profile,0,NOT_STOPPED,22002/22390,32.5,41.0,11.4,my_contact_profile:10:noData:32.5:0.1:0.0:on;my_contact_profile:8:0.0:0.00:0.0:0.0:0:0:0:1;
e49ba676-e08f-462a-917c-bdf28d921a2d-0,END,2026/07/16 03:56:04.985,2026/07/16 03:56:05.132,,00:00:00.147,REALTIME_DATA_COLLECTOR,contacts,0,NOT_STOPPED,22002/22476,32.6,40.7,16.5,contacts:73:noData:32.6:-22.6:0.0:on;contacts:72:14.2:0.00:-23.1:0.0:0:0:0:1;
fa1b4b1f-7ae6-4782-9f6b-4039bad80507-0,END,2026/07/16 03:56:05.096,2026/07/16 03:56:05.144,,00:00:00.048,DATA_OBSERVER,contacts,0,NOT_STOPPED,22002/22490,32.6,40.8,12.5,
653a0772-7cbf-4ce3-8ed9-9bce0c0d925a-0,END,2026/07/16 03:56:05.049,2026/07/16 03:56:05.052,,00:00:00.003,DATA_OBSERVER,my_contact_profile,0,NOT_STOPPED,22002/22390,32.6,62.0,0.0,
197865e9-d332-4e25-a4fd-0dff1df4cf66-0,END,2026/07/16 03:56:04.987,2026/07/16 03:56:05.032,,00:00:00.045,REALTIME_DATA_COLLECTOR,my_contact_profile,0,NOT_STOPPED,22002/22490,32.6,60.7,17.6,my_contact_profile:7:noData:32.6:0.1:0.0:on;my_contact_profile:6:0.0:0.00:0.1:0.0:0:0:0:1;
94ff967d-a470-4dec-8fcf-a5aa6f792074-0,END,2026/07/16 03:55:54.936,2026/07/16 03:55:54.944,,00:00:00.008,DATA_OBSERVER,contacts,0,NOT_STOPPED,22002/22389,32.4,60.7,0.0,
9ade895b-cf24-44c0-b096-ae1af166e4bb-0,END,2026/07/16 03:55:54.937,2026/07/16 03:55:54.944,,00:00:00.007,DATA_OBSERVER,my_contact_profile,0,NOT_STOPPED,22002/22490,32.4,60.7,0.0,
e6e1d0b5-2c02-45c8-b9e4-d4634ed6b7e6-0,END,2026/07/16 03:55:54.000,2026/07/16 03:55:54.067,,00:00:00.067,REALTIME_DATA_COLLECTOR,contacts,0,NOT_STOPPED,22002/22389,32.4,60.5,18.5,contacts:30:noData:32.4:0.6:0.0:on;contacts:28:15.7:0.00:0.4:0.0:0:0:0:1;
3dc90f30-6694-42d8-bfa9-3885199eb5b4-0,END,2026/07/16 03:55:54.004,2026/07/16 03:55:54.044,,00:00:00.040,REALTIME_DATA_COLLECTOR,my_contact_profile,0,NOT_STOPPED,22002/22490,32.4,60.2,19.8,my_contact_profile:6:noData:32.4:0.2:0.2:on;my_contact_profile:5:0.0:0.00:0.1:0.2:0:0:0:1;
1afb6ede-0c20-4afe-8963-2443103abe88-0,END,2026/07/16 03:55:43.950,2026/07/16 03:55:43.952,,00:00:00.002,DATA_OBSERVER,contacts,0,NOT_STOPPED,22002/22476,31.9,60.6,0.0,
92212542-5e9a-44c9-9a4f-432118d0ec17-0,END,2026/07/16 03:55:43.950,2026/07/16 03:55:43.952,,00:00:00.002,DATA_OBSERVER,my_contact_profile,0,NOT_STOPPED,22002/22490,31.9,60.6,0.0,
7722fa73-bf3f-4927-abe7-ff13c368a2bf-0,END,2026/07/16 03:55:43.836,2026/07/16 03:55:43.898,,00:00:00.062,REALTIME_DATA_COLLECTOR,contacts,0,NOT_STOPPED,22002/22390,31.9,60.4,17.9,contacts:32:noData:31.9:0.5:-0.2:on;contacts:30:15.7:0.00:0.3:-0.2:0:0:0:1;
19609d03-0a92-4dc9-8ecc-fc9f9ff0e3e9-0,END,2026/07/16 03:55:43.830,2026/07/16 03:55:43.879,,00:00:00.049,REALTIME_DATA_COLLECTOR,my_contact_profile,0,NOT_STOPPED,22002/22476,31.9,60.2,18.8,my_contact_profile:12:noData:31.9:0.4:-0.0:on;my_contact_profile:11:15.5:0.00:0.2:-0.0:0:0:0:1;
80fb0755-1327-4d43-894a-31bd4925f047-0,END,2026/07/16 03:55:33.789,2026/07/16 03:55:33.799,,00:00:00.010,DATA_OBSERVER,contacts,0,NOT_STOPPED,22002/22389,31.9,60.6,18.0,
b185c1f6-5b84-4a7b-adde-2ec8bdf3a5f6-0,END,2026/07/16 03:55:33.789,2026/07/16 03:55:33.797,,00:00:00.008,DATA_OBSERVER,my_contact_profile,0,NOT_STOPPED,22002/22390,31.9,60.6,0.0,
a907945f-1ab0-4b59-96c7-8830ef291fc6-0,END,2026/07/16 03:55:32.907,2026/07/16 03:55:32.944,,00:00:00.037,REALTIME_DATA_COLLECTOR,my_contact_profile,0,NOT_STOPPED,22002/22390,31.9,60.2,18.9,my_contact_profile:8:noData:31.9:0.4:0.0:on;my_contact_profile:7:0.0:0.00:0.3:-0.1:0:0:0:1;
15c83331-8c65-4010-98b2-b21ddf58ce90-0,END,2026/07/16 03:55:32.904,2026/07/16 03:55:32.959,,00:00:00.055,REALTIME_DATA_COLLECTOR,contacts,0,NOT_STOPPED,22002/22490,31.9,60.3,17.6,contacts:24:noData:31.9:0.5:0.0:on;contacts:23:15.7:0.00:0.3:0.0:0:0:0:1;
5fa972b1-2daa-4601-865d-d499257155cb-0,END,2026/07/16 03:55:22.882,2026/07/16 03:55:22.888,,00:00:00.006,DATA_OBSERVER,my_contact_profile,0,NOT_STOPPED,22002/22389,32.0,59.9,0.0,
f94ebc0c-9fbd-4e43-a0a3-eedea6684823-0,END,2026/07/16 03:55:22.883,2026/07/16 03:55:22.888,,00:00:00.005,DATA_OBSERVER,contacts,0,NOT_STOPPED,22002/22390,32.0,59.9,0.0,
9f7b8d76-eeb5-4147-9407-eb92392db174-0,END,2026/07/16 03:55:22.772,2026/07/16 03:55:22.820,,00:00:00.048,REALTIME_DATA_COLLECTOR,my_contact_profile,0,NOT_STOPPED,22002/22476,32.0,59.3,21.7,my_contact_profile:6:noData:32.0:0.3:0.1:on;my_contact_profile:5:0.0:0.00:0.2:0.1:0:0:0:1;
0b2b913c-4dfc-4a10-b0c8-2465eeb07784-0,END,2026/07/16 03:55:22.772,2026/07/16 03:55:22.839,,00:00:00.067,REALTIME_DATA_COLLECTOR,contacts,0,NOT_STOPPED,22002/22390,32.0,59.5,19.9,contacts:25:noData:32.0:0.5:0.2:on;contacts:24:18.8:0.00:0.4:0.2:0:0:0:1;
e0f8f2e7-85fa-4c33-beca-68b49f5d03ea-0,END,2026/07/16 03:55:12.719,2026/07/16 03:55:12.722,,00:00:00.003,DATA_OBSERVER,my_contact_profile,0,NOT_STOPPED,22002/22389,32.2,58.3,0.0,
e033796d-1310-4d6b-a9bb-3b5224c63395-0,END,2026/07/16 03:55:12.718,2026/07/16 03:55:12.722,,00:00:00.004,DATA_OBSERVER,contacts,0,NOT_STOPPED,22002/22490,32.2,58.3,0.0,
4bc3568b-670e-43b9-aa45-94786ab5f576-0,END,2026/07/16 03:55:11.805,2026/07/16 03:55:11.855,,00:00:00.050,REALTIME_DATA_COLLECTOR,my_contact_profile,0,NOT_STOPPED,22002/22490,32.2,58.1,11.2,my_contact_profile:11:noData:32.2:0.1:0.0:on;my_contact_profile:10:10.0:0.00:0.0:0.0:0:0:0:1;
95e1a3e1-5af4-4b62-89bf-f662cac832b5-0,END,2026/07/16 03:55:01.663,2026/07/16 03:55:01.773,,00:00:00.110,REALTIME_DATA_COLLECTOR,contacts,0,NOT_STOPPED,22002/22389,31.9,57.8,16.6,contacts:70:noData:31.9:0.7:-0.1:on;contacts:67:14.5:0.00:0.5:-0.2:0:0:0:1;
7c2a8be8-23fb-46be-b9bb-67c9c6f9ded0-0,END,2026/07/16 03:55:01.762,2026/07/16 03:55:01.768,,00:00:00.006,DATA_OBSERVER,my_contact_profile,0,NOT_STOPPED,22002/22389,31.9,57.7,0.0,
a522fb50-9149-4b05-bfd6-02475d689c4d-0,END,2026/07/16 03:55:01.763,2026/07/16 03:55:01.767,,00:00:00.004,DATA_OBSERVER,contacts,0,NOT_STOPPED,22002/22490,31.9,57.7,0.0,
538ada42-c75b-4054-a58f-36678f687f6f-0,END,2026/07/16 03:55:01.656,2026/07/16 03:55:01.717,,00:00:00.061,REALTIME_DATA_COLLECTOR,my_contact_profile,0,NOT_STOPPED,22002/22476,31.9,57.0,18.0,my_contact_profile:14:noData:31.9:0.3:-0.1:on;my_contact_profile:13:10.8:0.00:0.1:-0.1:0:0:0:1;
a5ba1129-1b81-4759-a54e-c6b02dc8fbfd-0,END,2026/07/16 03:54:51.638,2026/07/16 03:54:51.642,,00:00:00.004,DATA_OBSERVER,contacts,0,NOT_STOPPED,22002/22390,31.0,59.9,0.0,
5fb8e809-ca3d-4871-9dcd-058f0e4f4352-0,END,2026/07/16 03:54:51.589,2026/07/16 03:54:51.591,,00:00:00.002,DATA_OBSERVER,my_contact_profile,0,NOT_STOPPED,22002/22490,31.0,59.8,0.0,
949c7a1c-cbdc-428d-8f03-c14b08e83d6b-0,END,2026/07/16 03:51:16.825,2026/07/16 03:51:16.975,,00:00:00.150,BATCH_DATA_COLLECTOR,,0,NOT_STOPPED,22002/22390,32.6,61.0,0.6,Not compliant
aae77e43-f880-4d3e-b8a9-8fa4d7683a3c-0,END,2026/07/16 03:32:18.681,2026/07/16 03:32:18.900,,00:00:00.219,REALTIME_DATA_COLLECTOR,contacts,0,NOT_STOPPED,22002/22476,32.6,60.8,13.2,contacts:112:noData:32.6:0.6:0.2:on;contacts:110:11.8:0.00:0.4:0.2:0:0:0:1;
369c0628-ac74-4983-88a7-ec5f8d82d3a0-0,END,2026/07/16 03:32:18.747,2026/07/16 03:32:18.863,,00:00:00.116,REALTIME_DATA_COLLECTOR,my_contact_profile,0,NOT_STOPPED,22002/22390,32.6,60.5,14.7,my_contact_profile:19:noData:32.6:0.4:0.2:on;my_contact_profile:17:8.2:0.00:0.0:0.0:0:0:0:1;
910e6a18-c786-44f6-9dc3-b89dfad623db-0,END,2026/07/16 03:32:13.381,2026/07/16 03:32:13.385,,00:00:00.004,DATA_OBSERVER,my_contact_profile,0,NOT_STOPPED,22002/22390,32.2,58.0,0.0,
91fe9d98-b15b-4c31-afb2-3948c8f06aa5-0,END,2026/07/16 03:32:13.381,2026/07/16 03:32:13.388,,00:00:00.007,DATA_OBSERVER,contacts,0,NOT_STOPPED,22002/22490,32.2,58.0,0.0,
ab2c39c9-7e0e-4377-a026-005818196711-0,END,2026/07/16 03:32:08.724,2026/07/16 03:32:09.701,,00:00:00.977,BATCH_DATA_COLLECTOR,,0,NOT_STOPPED,22002/22476,32.2,58.0,2.0,Not compliant
8a06d7e6-5903-4b94-b733-a528321c8114-0,END,2026/07/16 03:32:08.702,2026/07/16 03:32:09.711,,00:00:01.009,BATCH_ANALYSIS,,0,NOT_STOPPED,22002/22389,32.2,58.0,2.2,Not compliant
eebc8686-4df5-4de0-9385-75a0f42af227-0,END,2026/07/16 03:32:08.726,2026/07/16 03:32:08.729,,00:00:00.003,DATA_OBSERVER,my_contact_profile,0,NOT_STOPPED,22002/22390,32.2,56.5,0.0,
30152023-869b-4504-877f-dee501f8f7dd-0,END,2026/07/16 03:32:08.625,2026/07/16 03:32:08.659,,00:00:00.034,DATA_OBSERVER,contacts,0,NOT_STOPPED,22002/22490,32.2,51.9,6.3,
393befd8-4ba7-4132-ba59-60ef079dad87-0,END,2026/07/16 02:38:22.304,2026/07/16 02:38:22.363,,00:00:00.059,REALTIME_DATA_COLLECTOR,contacts,0,NOT_STOPPED,22002/22390,34.1,55.3,16.0,contacts:31:noData:34.1:0.5:0.0:on;contacts:30:12.7:0.00:0.4:-0.0:0:0:0:1;
﻿00e99b3a-05d7-46dc-9a87-b84c27186f7d-0,END,2026/07/16 02:38:22.303,2026/07/16 02:38:22.342,,00:00:00.039,REALTIME_DATA_COLLECTOR,my_contact_profile,0,NOT_STOPPED,22002/22490,34.1,55.0,17.7,my_contact_profile:10:noData:34.1:0.3:0.1:on;my_contact_profile:9:0.0:0.00:0.1:0.1:0:0:0:1;
d99fd667-563c-4142-a6cc-858b71523461-0,END,2026/07/16 02:38:12.283,2026/07/16 02:38:12.290,,00:00:00.007,DATA_OBSERVER,my_contact_profile,0,NOT_STOPPED,22002/22389,33.8,54.5,0.0,
3bee2e2a-5042-4c57-ba58-b8385d5eeb74-0,END,2026/07/16 02:38:12.279,2026/07/16 02:38:12.281,,00:00:00.002,DATA_OBSERVER,contacts,0,NOT_STOPPED,22002/22390,33.8,54.4,0.0,
fb36588b-61a9-4b61-8174-2fc00c717008-0,END,2026/07/16 02:38:12.047,2026/07/16 02:38:12.105,,00:00:00.058,REALTIME_DATA_COLLECTOR,contacts,0,NOT_STOPPED,22002/22490,33.8,54.8,14.0,contacts:26:noData:33.8:0.5:0.0:on;contacts:26:11.5:0.00:0.4:0.0:0:0:0:1;
e56cf2cf-24cb-45e7-8918-d83c52ee6c96-0,END,2026/07/16 02:38:12.060,2026/07/16 02:38:12.097,,00:00:00.037,REALTIME_DATA_COLLECTOR,my_contact_profile,0,NOT_STOPPED,22002/22390,33.8,54.7,16.8,my_contact_profile:7:noData:33.8:0.4:0.0:on;my_contact_profile:7:0.0:0.00:0.2:-0.0:0:0:0:1;
16e73585-ae51-4ab5-bfff-45c309e15772-0,END,2026/07/16 02:38:02.030,2026/07/16 02:38:02.031,,00:00:00.001,DATA_OBSERVER,my_contact_profile,0,NOT_STOPPED,22002/22390,33.7,54.0,0.0,
003013d8-e1e7-4568-b95a-e99ca4b8700b-0,END,2026/07/16 02:38:02.025,2026/07/16 02:38:02.027,,00:00:00.002,DATA_OBSERVER,contacts,0,NOT_STOPPED,22002/22389,33.7,53.9,0.0,
65b1ffa9-7eba-46e6-b183-444ff98fc684-0,END,2026/07/16 02:38:01.082,2026/07/16 02:38:01.142,,00:00:00.060,REALTIME_DATA_COLLECTOR,contacts,0,NOT_STOPPED,22002/22390,33.7,57.0,17.3,contacts:31:noData:33.7:0.5:0.0:on;contacts:30:13.7:0.00:0.4:0.0:0:0:0:1;
f72a5111-6d90-463b-9e06-c01208ff9316-0,END,2026/07/16 02:38:01.086,2026/07/16 02:38:01.118,,00:00:00.032,REALTIME_DATA_COLLECTOR,my_contact_profile,0,NOT_STOPPED,22002/22476,33.7,56.8,20.3,my_contact_profile:6:noData:33.7:0.2:0.1:on;my_contact_profile:5:0.0:0.00:0.1:0.1:0:0:0:1;
135654bc-53a5-4586-a6df-69ec57c272b2-0,END,2026/07/16 02:37:51.061,2026/07/16 02:37:51.063,,00:00:00.002,DATA_OBSERVER,contacts,0,NOT_STOPPED,22002/22389,33.7,56.6,0.0,
21ee39f5-706b-423c-a6d1-b2eaec4f0f04-0,END,2026/07/16 02:37:51.061,2026/07/16 02:37:51.063,,00:00:00.002,DATA_OBSERVER,my_contact_profile,0,NOT_STOPPED,22002/22476,33.7,56.6,0.0,
2a20dcfa-6cb0-46e9-8835-b38acf32fce5-0,END,2026/07/16 02:37:50.820,2026/07/16 02:37:50.876,,00:00:00.056,REALTIME_DATA_COLLECTOR,contacts,0,NOT_STOPPED,22002/22490,33.7,56.2,16.8,contacts:25:noData:33.7:0.4:-0.0:on;contacts:23:12.9:0.00:0.3:-0.0:0:0:0:1;
934e8849-8678-42b8-8758-f9f90c53cad8-0,END,2026/07/16 02:37:50.816,2026/07/16 02:37:50.887,,00:00:00.071,REALTIME_DATA_COLLECTOR,my_contact_profile,0,NOT_STOPPED,22002/22476,33.7,56.3,17.7,my_contact_profile:4:noData:33.7:0.5:0.0:on;my_contact_profile:3:0.0:0.00:0.0:0.0:0:0:0:1;
fcf8e787-d745-483f-8276-4bf9c6c26fb8-0,END,2026/07/16 02:37:40.788,2026/07/16 02:37:40.793,,00:00:00.005,DATA_OBSERVER,contacts,0,NOT_STOPPED,22002/22390,33.8,56.1,0.0,
5cd7fd5f-688f-49a5-adaf-04c78217d596-0,END,2026/07/16 02:37:40.788,2026/07/16 02:37:40.792,,00:00:00.004,DATA_OBSERVER,my_contact_profile,0,NOT_STOPPED,22002/22490,33.8,56.1,0.0,
784f88df-9fde-42a1-94db-dfb447e9444b-0,END,2026/07/16 02:37:39.860,2026/07/16 02:37:39.930,,00:00:00.070,REALTIME_DATA_COLLECTOR,contacts,0,NOT_STOPPED,22002/22389,33.8,55.9,16.3,contacts:28:noData:33.8:0.6:0.0:on;contacts:27:14.8:0.00:0.4:0.0:0:0:0:1;
087a125b-7b7e-4ead-9d0c-3bfb1091a874-0,END,2026/07/16 02:37:39.877,2026/07/16 02:37:39.915,,00:00:00.038,REALTIME_DATA_COLLECTOR,my_contact_profile,0,NOT_STOPPED,22002/22490,33.8,55.7,18.6,my_contact_profile:5:noData:33.8:0.3:0.0:on;my_contact_profile:5:0.0:0.00:0.1:-0.1:0:0:0:1;
7e31f9b2-ee03-4ee1-b0b6-099270523d61-0,END,2026/07/16 02:37:29.838,2026/07/16 02:37:29.841,,00:00:00.003,DATA_OBSERVER,contacts,0,NOT_STOPPED,22002/22476,33.8,55.0,0.0,
4c73513e-bdd1-471d-87fc-a0f68b73f270-0,END,2026/07/16 02:37:29.838,2026/07/16 02:37:29.842,,00:00:00.004,DATA_OBSERVER,my_contact_profile,0,NOT_STOPPED,22002/22490,33.8,55.0,0.0,
1bfbd81f-9ec4-400d-8bdf-5c3203b7f075-0,END,2026/07/16 02:37:29.711,2026/07/16 02:37:29.762,,00:00:00.051,REALTIME_DATA_COLLECTOR,my_contact_profile,0,NOT_STOPPED,22002/22490,33.8,54.7,16.5,my_contact_profile:19:noData:33.8:0.4:0.0:on;my_contact_profile:17:9.4:0.00:0.3:0.0:0:0:0:1;
8175f55c-3452-4daa-ad82-bff76db0010c-0,END,2026/07/16 02:37:29.711,2026/07/16 02:37:29.783,,00:00:00.072,REALTIME_DATA_COLLECTOR,contacts,0,NOT_STOPPED,22002/22476,33.8,54.8,14.9,contacts:40:noData:33.8:0.5:0.0:on;contacts:40:11.0:0.00:0.4:0.0:0:0:0:1;
49181c5a-195d-4ab5-9700-ac91bb3aea53-0,END,2026/07/16 02:37:19.676,2026/07/16 02:37:19.679,,00:00:00.003,DATA_OBSERVER,my_contact_profile,0,NOT_STOPPED,22002/22476,33.9,54.2,0.0,
aa22693e-8ab8-4381-bbc1-f98e49c981ab-0,END,2026/07/16 02:37:19.676,2026/07/16 02:37:19.679,,00:00:00.003,DATA_OBSERVER,contacts,0,NOT_STOPPED,22002/22390,33.9,54.2,0.0,
8424c792-1121-48f0-a602-3c8d3c3ec22f-0,END,2026/07/16 02:37:09.803,2026/07/16 02:37:09.986,,00:00:00.183,REALTIME_DATA_COLLECTOR,contacts,0,NOT_STOPPED,22002/22490,33.8,54.2,11.7,contacts:138:noData:33.8:0.6:0.2:on;contacts:131:9.4:0.00:0.4:0.2:0:0:0:1;
1107f7e0-e163-438d-97a1-437479d78a6f-0,END,2026/07/16 02:37:09.804,2026/07/16 02:37:09.891,,00:00:00.087,REALTIME_DATA_COLLECTOR,my_contact_profile,0,NOT_STOPPED,22002/22389,33.8,51.4,14.7,my_contact_profile:44:noData:33.8:0.2:0.4:on;my_contact_profile:34:9.7:0.00:0.1:0.4:0:0:0:1;
ebb802da-ccc1-4280-858b-28e9ce0a00a6-0,END,2026/07/16 02:37:09.619,2026/07/16 02:37:09.624,,00:00:00.005,DATA_OBSERVER,contacts,0,NOT_STOPPED,22002/22476,33.8,45.8,0.0,
c166e2ad-074b-444d-93c9-47bfd4228b38-0,END,2026/07/16 02:37:09.618,2026/07/16 02:37:09.623,,00:00:00.005,DATA_OBSERVER,my_contact_profile,0,NOT_STOPPED,22002/22389,33.8,45.8,0.0,
c5d6e5b6-51de-4b22-ab36-0d995d4f6964-0,END,2026/07/16 02:36:59.741,2026/07/16 02:36:59.770,,00:00:00.029,DATA_OBSERVER,contacts,0,NOT_STOPPED,22002/22490,32.9,42.4,6.8,
654c2016-20eb-431d-b47b-8064d0801bab-0,END,2026/07/16 02:36:59.741,2026/07/16 02:36:59.773,,00:00:00.032,DATA_OBSERVER,my_contact_profile,0,NOT_STOPPED,22002/22390,32.9,42.4,7.5,
7566b5c0-1a74-47d1-916f-09e1e6b3aa99-0,END,2026/07/16 01:25:16.215,2026/07/16 01:25:16.239,,00:00:00.024,START_DATA_OBSERVER,,0,NOT_STOPPED,22002/22389,38.7,101.0,24.2,
e5e00d2e-c218-489d-baef-e23ac45bcefb-0,END,2026/07/16 01:25:15.862,2026/07/16 01:25:16.164,,00:00:00.302,BOOT_COMPLETED,,0,NOT_STOPPED,22002/22390,38.7,97.9,4.6,
b13c66d3-714b-478a-8c6d-84618eeea128-0,END,2026/07/16 01:12:48.161,2026/07/16 01:12:48.222,,00:00:00.061,START_DATA_OBSERVER,,0,NOT_STOPPED,5707/5958,40.0,77.4,8.0,
62426464-530e-4509-b58a-c57e768c3fab-0,END,2026/07/16 01:12:47.404,2026/07/16 01:12:47.936,,00:00:00.532,BOOT_COMPLETED,,0,NOT_STOPPED,5707/5959,39.8,78.2,4.9,
e05adade-f5a0-47db-9626-437a6201e96c-0,END,2026/07/16 00:52:04.243,2026/07/16 00:52:04.277,,00:00:00.034,START_DATA_OBSERVER,,0,NOT_STOPPED,7375/7779,36.9,46.1,9.4,
ed5e60f0-2a7f-40c8-acf9-7c01a75159a9-0,END,2026/07/16 00:52:04.150,2026/07/16 00:52:04.163,,00:00:00.013,BOOT_COMPLETED,,0,NOT_STOPPED,7375/8101,36.9,40.5,6.2,
80609960-d16b-486c-ade9-2ed2140f0318-0,END,2026/07/16 00:51:39.763,2026/07/16 00:51:39.768,,00:00:00.005,DATA_OBSERVER,my_contact_profile,0,NOT_STOPPED,7375/7779,35.8,40.6,0.0,
7cf25053-cd18-4299-9297-6f65e6653e86-0,END,2026/07/16 00:51:39.696,2026/07/16 00:51:39.741,,00:00:00.045,DATA_OBSERVER,contacts,0,NOT_STOPPED,7375/7780,35.8,40.2,5.3,
42321c88-6881-4534-a54a-fcdccf0de6a4-0,END,2026/07/16 00:51:26.097,2026/07/16 00:51:26.209,,00:00:00.112,START_DATA_OBSERVER,,0,NOT_STOPPED,7375/7779,33.9,82.1,8.4,
0d0e0283-8e6f-4867-86d4-90c2729369cf-0,END,2026/07/16 00:51:25.159,2026/07/16 00:51:25.999,,00:00:00.840,BOOT_COMPLETED,,0,NOT_STOPPED,7375/7780,33.9,78.4,3.2,
6181ed8c-15d5-4ef5-9893-0fa1f72b5d08-0,END,2026/07/16 00:14:27.657,2026/07/16 00:14:27.686,,00:00:00.029,START_DATA_OBSERVER,,0,NOT_STOPPED,8214/8566,36.5,61.5,10.7,
8c0abdac-77f8-4046-9d5a-f2ac13aa1c20-0,END,2026/07/16 00:14:27.553,2026/07/16 00:14:27.566,,00:00:00.013,BOOT_COMPLETED,,0,NOT_STOPPED,8214/8705,36.5,58.3,5.4,
f8831fa7-6c57-4fb2-879e-21b7d720650f-0,END,2026/07/16 00:13:55.141,2026/07/16 00:13:55.183,,00:00:00.042,START_DATA_OBSERVER,,0,NOT_STOPPED,8214/8566,32.5,79.4,16.2,
883770dc-6f26-4eba-a029-66186effab25-0,END,2026/07/16 00:13:54.702,2026/07/16 00:13:55.093,,00:00:00.391,BOOT_COMPLETED,,0,NOT_STOPPED,8214/8567,32.5,76.0,4.5,
43eb9613-88a7-4d8b-a333-17a47ad65fe1-0,END,2026/07/15 23:13:30.047,2026/07/15 23:13:30.882,,00:00:00.835,REALTIME_ANALYSIS,contacts,0,NOT_STOPPED,6869/7515,36.0,118.0,7.8,
9fc3ca0a-1f23-466b-8298-b9de42fcbb3e-0,END,2026/07/15 23:13:26.920,2026/07/15 23:13:27.127,,00:00:00.207,REALTIME_DATA_COLLECTOR,contacts,0,NOT_STOPPED,6869/7187,35.9,67.6,8.8,contacts:156:success:35.9:1.0:0.2:on;contacts:139:6.2:0.00:0.6:0.2:1:0:0:1;
89effa00-a772-4381-9850-d6c318c387bb-0,END,2026/07/15 23:13:26.922,2026/07/15 23:13:27.007,,00:00:00.085,REALTIME_DATA_COLLECTOR,my_contact_profile,0,NOT_STOPPED,6869/7456,35.9,63.7,11.8,my_contact_profile:37:noData:35.9:0.4:0.3:on;my_contact_profile:34:5.9:0.00:0.1:0.3:0:0:0:1;
a2aea551-05a6-4a54-add4-1bd8b919e83e-0,END,2026/07/15 23:13:14.803,2026/07/15 23:13:14.807,,00:00:00.004,DATA_OBSERVER,my_contact_profile,0,NOT_STOPPED,6869/7188,34.9,43.4,0.0,
87cf0325-1eb9-4fd3-ac94-cb1de8cd8e6c-0,END,2026/07/15 23:13:14.185,2026/07/15 23:13:14.204,,00:00:00.019,DATA_OBSERVER,contacts,0,NOT_STOPPED,6869/7187,34.9,43.2,2.2,
8ef3565b-22e0-4f92-836b-e7e72eea2bd5-0,END,2026/07/15 23:13:10.591,2026/07/15 23:13:11.074,,00:00:00.483,START_DATA_OBSERVER,,0,NOT_STOPPED,6869/7188,34.9,42.9,1.0,
eebf5628-30a1-4ce9-bb83-6c52932a80a4-0,END,2026/07/15 23:13:10.505,2026/07/15 23:13:10.514,,00:00:00.009,BOOT_COMPLETED,,0,NOT_STOPPED,6869/7456,34.9,39.3,0.0,
e7081add-bf3d-4289-a2fc-bc6022d14f1f-0,END,2026/07/15 23:12:48.886,2026/07/15 23:12:48.912,,00:00:00.026,START_DATA_OBSERVER,,0,NOT_STOPPED,6869/7187,30.9,83.6,8.1,
2db2c233-247b-4d41-a63b-d0f028462f83-0,END,2026/07/15 23:12:48.226,2026/07/15 23:12:48.799,,00:00:00.573,BOOT_COMPLETED,,0,NOT_STOPPED,6869/7188,30.9,81.0,3.7,
e366018a-c398-4d71-bfe7-d0b8cad5945d-0,END,2026/07/15 17:14:19.949,2026/07/15 17:14:20.131,,00:00:00.182,REALTIME_DATA_COLLECTOR,contacts,0,NOT_STOPPED,14144/14461,35.9,40.7,16.9,contacts:63:noData:35.9:0.5:-0.1:on;contacts:61:12.6:0.00:0.4:-0.1:0:0:0:1;
9e696825-7887-463d-9f2f-853917828b32-0,END,2026/07/15 17:14:19.951,2026/07/15 17:14:20.093,,00:00:00.142,REALTIME_DATA_COLLECTOR,my_contact_profile,0,NOT_STOPPED,14144/14430,35.9,40.5,18.2,my_contact_profile:25:noData:35.9:0.3:-0.1:on;my_contact_profile:24:12.5:0.00:0.2:-0.0:0:0:0:1;
186485d8-8376-4eeb-bf1d-c0c892d57fc1-0,END,2026/07/15 17:14:09.894,2026/07/15 17:14:09.904,,00:00:00.010,DATA_OBSERVER,contacts,0,NOT_STOPPED,14144/14430,36.0,42.3,11.0,
63ad540f-796c-45ef-9433-a718b0c0f686-0,END,2026/07/15 17:14:09.893,2026/07/15 17:14:09.904,,00:00:00.011,DATA_OBSERVER,my_contact_profile,0,NOT_STOPPED,14144/14365,36.0,42.3,11.0,
68c712d2-1f3b-46bd-95c9-75ebaac63127-0,END,2026/07/15 17:13:57.795,2026/07/15 17:13:58.085,,00:00:00.290,REALTIME_DATA_COLLECTOR,contacts,0,NOT_STOPPED,14144/14364,36.0,40.8,18.2,contacts:158:noData:36.0:0.8:0.3:on;contacts:155:17.3:0.00:0.5:0.3:0:0:0:1;
9204becb-c3e4-41d0-84a2-c91f8be7de3c-0,END,2026/07/15 17:13:57.796,2026/07/15 17:13:57.965,,00:00:00.169,REALTIME_DATA_COLLECTOR,my_contact_profile,0,NOT_STOPPED,14144/14461,36.0,40.3,19.8,my_contact_profile:34:noData:36.0:0.5:0.2:on;my_contact_profile:32:20.0:0.00:0.1:0.2:0:0:0:1;
b7d0a5b6-e877-42ee-ad16-a7bf1a08d7be-0,END,2026/07/15 17:13:57.901,2026/07/15 17:13:57.908,,00:00:00.007,DATA_OBSERVER,contacts,0,NOT_STOPPED,14144/14365,36.0,39.8,0.0,
e03cfbe0-1834-47fb-beef-aa07f29724a7-0,END,2026/07/15 17:13:57.901,2026/07/15 17:13:57.907,,00:00:00.006,DATA_OBSERVER,my_contact_profile,0,NOT_STOPPED,14144/14430,36.0,38.8,0.0,
46c2eb6e-b2f7-49a4-a3b2-e2de61d107a7-0,END,2026/07/15 17:13:53.683,2026/07/15 17:13:53.687,,00:00:00.004,DATA_OBSERVER,contacts,0,NOT_STOPPED,14144/14430,36.0,38.2,0.0,
0c63d963-d115-4393-81ac-302da287137d-0,END,2026/07/15 17:13:53.683,2026/07/15 17:13:53.686,,00:00:00.003,DATA_OBSERVER,my_contact_profile,0,NOT_STOPPED,14144/14461,36.0,38.2,0.0,
8cca6e80-ce8f-4e8e-a664-33cebb4bcd8c-0,END,2026/07/15 17:13:47.746,2026/07/15 17:13:47.764,,00:00:00.018,DATA_OBSERVER,contacts,0,NOT_STOPPED,14144/14365,35.7,35.3,15.3,
bbe726fb-8267-44e3-8b25-d7efa87358b4-0,END,2026/07/15 17:13:47.747,2026/07/15 17:13:47.765,,00:00:00.018,DATA_OBSERVER,my_contact_profile,0,NOT_STOPPED,14144/14364,35.7,35.2,14.7,
56dd6a40-41a2-47f9-81aa-f980ece1d8a5-0,END,2026/07/15 17:05:42.832,2026/07/15 17:05:43.054,,00:00:00.222,REALTIME_DATA_COLLECTOR,contacts,0,NOT_STOPPED,14144/14430,39.5,47.9,14.2,contacts:130:noData:39.5:0.5:0.2:on;contacts:128:12.1:0.00:0.3:0.2:0:0:0:1;
e8ba039b-97f6-4c30-aabd-403a0d058863-0,END,2026/07/15 17:05:42.832,2026/07/15 17:05:42.985,,00:00:00.153,REALTIME_DATA_COLLECTOR,my_contact_profile,0,NOT_STOPPED,14144/14364,39.5,46.2,14.5,my_contact_profile:78:noData:39.5:0.3:0.4:on;my_contact_profile:75:10.4:0.00:0.2:0.3:0:0:0:1;
1bfde42a-3c6a-4898-93a0-a5c657c00a22-0,END,2026/07/15 17:05:32.755,2026/07/15 17:05:32.780,,00:00:00.025,DATA_OBSERVER,contacts,0,NOT_STOPPED,14144/14461,39.8,37.4,11.3,
c7db44cf-a8ec-42b2-91a5-7ef9252da72d-0,END,2026/07/15 17:05:32.756,2026/07/15 17:05:32.780,,00:00:00.024,DATA_OBSERVER,my_contact_profile,0,NOT_STOPPED,14144/14365,39.8,36.1,10.0,
36734b3d-de95-422e-a5cc-5ab7c7989c79-0,END,2026/07/15 17:03:48.059,2026/07/15 17:03:48.155,,00:00:00.096,START_DATA_OBSERVER,,0,NOT_STOPPED,14144/14364,42.0,96.0,10.1,
ebb087f0-c4d0-4245-acdd-8392c9e42de9-0,END,2026/07/15 17:03:47.343,2026/07/15 17:03:47.974,,00:00:00.631,BOOT_COMPLETED,,0,NOT_STOPPED,14144/14365,42.0,92.2,3.5,
ea5ad542-c6c3-4ed3-816d-6786a2dc7132-0,END,2026/07/15 17:01:23.049,2026/07/15 17:01:23.172,,00:00:00.123,REALTIME_DATA_COLLECTOR,contacts,0,NOT_STOPPED,6258/6651,36.6,48.4,14.4,contacts:64:noData:36.6:0.6:0.1:on;contacts:63:11.9:0.00:0.4:0.1:0:0:0:1;
dbc86067-a772-4dfe-a97b-ac2cf29e522f-0,END,2026/07/15 17:01:23.049,2026/07/15 17:01:23.111,,00:00:00.062,REALTIME_DATA_COLLECTOR,my_contact_profile,0,NOT_STOPPED,6258/6596,36.6,45.2,17.1,my_contact_profile:21:noData:36.6:0.2:0.0:on;my_contact_profile:19:15.3:0.00:0.2:0.0:0:0:0:1;
cf720cc4-734e-4f1e-941b-c4a52fece4e9-0,END,2026/07/15 17:01:12.975,2026/07/15 17:01:13.024,,00:00:00.049,DATA_OBSERVER,my_contact_profile,0,NOT_STOPPED,6258/6650,36.4,40.1,12.2,
266b9e46-2368-4c60-be27-ee4a74ca3900-0,END,2026/07/15 17:01:12.975,2026/07/15 17:01:13.024,,00:00:00.049,DATA_OBSERVER,contacts,0,NOT_STOPPED,6258/6596,36.4,39.2,12.0,
c9803e94-ec3a-4d41-b89a-496b567f4cc4-0,END,2026/07/15 16:59:15.906,2026/07/15 16:59:15.922,,00:00:00.016,START_DATA_OBSERVER,,0,NOT_STOPPED,6258/6595,36.7,108.4,21.9,
8d308900-3f3a-4c41-adbc-8b8f30f01bae-0,END,2026/07/15 16:59:15.607,2026/07/15 16:59:15.869,,00:00:00.262,BOOT_COMPLETED,,0,NOT_STOPPED,6258/6596,36.7,105.1,5.2,
ace044f3-3327-414e-975c-32d690f3d2c4-0,END,2026/07/15 16:56:33.415,2026/07/15 16:56:33.439,,00:00:00.024,START_DATA_OBSERVER,,0,NOT_STOPPED,31617/31928,37.0,105.9,15.4,
3b023b53-2507-4709-a7c8-c61784a77063-0,END,2026/07/15 16:56:33.102,2026/07/15 16:56:33.358,,00:00:00.256,BOOT_COMPLETED,,0,NOT_STOPPED,31617/31929,37.0,103.0,5.3,
2ec197a0-c6b0-4cfb-a747-18913c0e69f9-0,END,2026/07/15 16:53:49.472,2026/07/15 16:53:49.485,,00:00:00.013,START_DATA_OBSERVER,,0,NOT_STOPPED,26406/26734,37.0,109.0,18.6,
15b2a6b8-e8c5-413a-bba3-3916f98c89d0-0,END,2026/07/15 16:53:49.183,2026/07/15 16:53:49.399,,00:00:00.216,BOOT_COMPLETED,,0,NOT_STOPPED,26406/26735,37.0,106.0,5.6,
ced09939-f0a2-4ef7-8e64-7dbe62c5e5cd-0,END,2026/07/15 16:53:12.285,2026/07/15 16:53:12.308,,00:00:00.023,START_DATA_OBSERVER,,0,NOT_STOPPED,24731/24954,38.4,99.8,18.3,
178ce151-eda8-4328-9941-ecef5b968a4e-0,END,2026/07/15 16:53:12.056,2026/07/15 16:53:12.217,,00:00:00.161,BOOT_COMPLETED,,0,NOT_STOPPED,24731/24955,38.4,97.2,6.3,
cb50d3ab-6f79-44ef-9a98-96c97c00641e-0,END,2026/07/15 16:53:02.463,2026/07/15 16:53:02.481,,00:00:00.018,START_DATA_OBSERVER,,0,NOT_STOPPED,24072/24471,38.6,104.5,17.2,
bb8c8058-6414-48f5-a236-c4a070edb9ca-0,END,2026/07/15 16:53:02.019,2026/07/15 16:53:02.402,,00:00:00.383,BOOT_COMPLETED,,0,NOT_STOPPED,24072/24472,38.6,103.7,4.7,
fc60410f-0bd3-4a36-a89b-7dfacafecb68-0,END,2026/07/15 16:50:28.913,2026/07/15 16:50:28.940,,00:00:00.027,START_DATA_OBSERVER,,0,NOT_STOPPED,19226/19445,31.1,110.1,10.7,
72c996a8-b14c-4983-88c3-ee7a66c910d1-0,END,2026/07/15 16:50:28.679,2026/07/15 16:50:28.881,,00:00:00.202,BOOT_COMPLETED,,0,NOT_STOPPED,19226/19446,31.1,106.9,5.9,
c59216e0-cbc8-4126-9698-c7637826bad3-0,END,2026/07/15 16:49:35.109,2026/07/15 16:49:35.202,,00:00:00.093,REALTIME_DATA_COLLECTOR,contacts,0,NOT_STOPPED,21422/21646,29.5,67.5,16.3,contacts:33:noData:29.5:0.6:0.0:on;contacts:31:11.0:0.00:0.3:0.1:0:0:0:1;
d4f4ac01-1d8d-4641-af5d-58ba4f058e2e-0,END,2026/07/15 16:49:35.110,2026/07/15 16:49:35.157,,00:00:00.047,REALTIME_DATA_COLLECTOR,my_contact_profile,0,NOT_STOPPED,21422/21647,29.5,67.0,18.5,my_contact_profile:8:noData:29.5:0.2:-0.0:on;my_contact_profile:7:0.0:0.00:0.1:-0.0:0:0:0:1;
517881bd-8d15-4e27-b164-78d76c117ea6-0,END,2026/07/15 16:49:25.045,2026/07/15 16:49:25.048,,00:00:00.003,DATA_OBSERVER,my_contact_profile,0,NOT_STOPPED,21422/21719,29.4,66.9,0.0,
323fe417-a451-46e1-888a-1e86e69d8693-0,END,2026/07/15 16:49:25.043,2026/07/15 16:49:25.048,,00:00:00.005,DATA_OBSERVER,contacts,0,NOT_STOPPED,21422/21647,29.4,66.9,0.0,
404b5b24-0b14-43e6-ace3-9f503d7195a4-0,END,2026/07/15 16:49:23.343,2026/07/15 16:49:23.415,,00:00:00.072,REALTIME_DATA_COLLECTOR,contacts,0,NOT_STOPPED,21422/21708,29.4,66.7,17.8,contacts:35:noData:29.4:0.6:-0.1:on;contacts:34:13.5:0.00:0.5:-0.1:0:0:0:1;
b3df9e8b-f599-472c-8cae-22166d11e13f-0,END,2026/07/15 16:49:23.342,2026/07/15 16:49:23.395,,00:00:00.053,REALTIME_DATA_COLLECTOR,my_contact_profile,0,NOT_STOPPED,21422/21646,29.4,66.6,20.2,my_contact_profile:13:noData:29.4:0.5:-0.1:on;my_contact_profile:12:15.8:0.00:0.3:-0.2:0:0:0:1;
d9ce5876-8f44-4834-8fb7-d30826260c61-0,END,2026/07/15 16:49:13.286,2026/07/15 16:49:13.293,,00:00:00.007,DATA_OBSERVER,my_contact_profile,0,NOT_STOPPED,21422/21719,29.3,66.2,0.0,
31b10d1a-a6cf-4b28-8996-a261b129a853-0,END,2026/07/15 16:49:13.291,2026/07/15 16:49:13.293,,00:00:00.002,DATA_OBSERVER,contacts,0,NOT_STOPPED,21422/21708,29.3,66.2,0.0,
c47980bf-abfe-4cd3-9fb0-d51fbbad50fe-0,END,2026/07/15 16:49:07.101,2026/07/15 16:49:07.200,,00:00:00.099,REALTIME_DATA_COLLECTOR,contacts,0,NOT_STOPPED,21422/21719,28.7,66.6,16.6,contacts:55:noData:28.7:0.5:0.2:on;contacts:52:14.2:0.00:0.3:0.2:0:0:0:1;
88c20533-ca13-40fa-8d61-1d2094feb6d2-0,END,2026/07/15 16:49:07.104,2026/07/15 16:49:07.161,,00:00:00.057,REALTIME_DATA_COLLECTOR,my_contact_profile,0,NOT_STOPPED,21422/21647,28.7,66.5,18.9,my_contact_profile:15:noData:28.7:0.2:0.2:on;my_contact_profile:14:18.5:0.00:0.2:0.2:0:0:0:1;
88cb5cb2-2242-4ba1-b0ec-87dceb9fb008-0,END,2026/07/15 16:49:03.092,2026/07/15 16:49:03.096,,00:00:00.004,DATA_OBSERVER,contacts,0,NOT_STOPPED,21422/21646,28.7,65.8,0.0,
d04ce11d-5214-4ace-bb56-96bbbaa2a20e-0,END,2026/07/15 16:49:03.093,2026/07/15 16:49:03.095,,00:00:00.002,DATA_OBSERVER,my_contact_profile,0,NOT_STOPPED,21422/21647,28.7,65.8,0.0,
ccb7a281-838d-445c-9b2f-3e8d41689b9f-0,END,2026/07/15 16:48:57.065,2026/07/15 16:48:57.067,,00:00:00.002,DATA_OBSERVER,my_contact_profile,0,NOT_STOPPED,21422/21719,28.6,62.4,0.0,
8b515d71-b75a-4a9b-ab07-c53e4aa73a7b-0,END,2026/07/15 16:48:57.065,2026/07/15 16:48:57.067,,00:00:00.002,DATA_OBSERVER,contacts,0,NOT_STOPPED,21422/21647,28.6,62.4,0.0,
﻿e2990c24-7165-437c-a61d-f55efcbd1e3c-0,END,2026/07/15 16:48:56.291,2026/07/15 16:48:56.371,,00:00:00.080,REALTIME_DATA_COLLECTOR,contacts,0,NOT_STOPPED,21422/21708,28.6,62.1,14.5,contacts:27:noData:28.6:0.5:0.0:on;contacts:26:11.9:0.00:0.2:-0.0:0:0:0:1;
243725fb-402a-4239-a17e-f104ffc2ea85-0,END,2026/07/15 16:48:56.289,2026/07/15 16:48:56.341,,00:00:00.052,REALTIME_DATA_COLLECTOR,my_contact_profile,0,NOT_STOPPED,21422/21646,28.6,61.8,14.2,my_contact_profile:11:noData:28.6:0.3:0.0:on;my_contact_profile:10:10.0:0.00:0.1:0.0:0:0:0:1;
575db176-d0c8-4e3e-9b15-5d74d89720c6-0,END,2026/07/15 16:48:46.251,2026/07/15 16:48:46.256,,00:00:00.005,DATA_OBSERVER,my_contact_profile,0,NOT_STOPPED,21422/21647,28.3,61.4,0.0,
5c8ad5ae-65be-41ba-a6c0-2bb739b2c148-0,END,2026/07/15 16:48:46.251,2026/07/15 16:48:46.255,,00:00:00.004,DATA_OBSERVER,contacts,0,NOT_STOPPED,21422/21719,28.3,61.4,0.0,
11030a12-541e-4d63-af23-cab164498502-0,END,2026/07/15 16:48:46.135,2026/07/15 16:48:46.221,,00:00:00.086,REALTIME_DATA_COLLECTOR,contacts,0,NOT_STOPPED,21422/21647,28.3,61.2,13.4,contacts:54:noData:28.3:0.6:0.0:on;contacts:54:10.7:0.00:0.4:0.0:0:0:0:1;
91eb1091-be07-4409-9aa1-5907218126f0-0,END,2026/07/15 16:48:46.143,2026/07/15 16:48:46.179,,00:00:00.036,REALTIME_DATA_COLLECTOR,my_contact_profile,0,NOT_STOPPED,21422/21646,28.3,61.0,18.6,my_contact_profile:11:noData:28.3:0.3:0.1:on;my_contact_profile:10:10.0:0.00:0.1:0.2:0:0:0:1;
7760c79b-2685-426d-b574-303b5d6caf6e-0,END,2026/07/15 16:48:36.110,2026/07/15 16:48:36.118,,00:00:00.008,DATA_OBSERVER,contacts,0,NOT_STOPPED,21422/21708,28.4,59.3,0.0,
663388c8-e6fd-4baf-8917-4de41d753ac4-0,END,2026/07/15 16:48:36.110,2026/07/15 16:48:36.119,,00:00:00.009,DATA_OBSERVER,my_contact_profile,0,NOT_STOPPED,21422/21646,28.4,59.3,16.0,
19e7d3c3-ed29-44c3-bfab-b4a3495b0ea1-0,END,2026/07/15 16:30:04.072,2026/07/15 16:30:04.139,,00:00:00.067,REALTIME_DATA_COLLECTOR,my_contact_profile,0,NOT_STOPPED,21422/21708,32.6,62.8,19.3,my_contact_profile:14:noData:32.6:0.4:-0.1:on;my_contact_profile:11:17.5:0.00:0.2:-0.1:0:0:0:1;
4a9b92e7-6175-48eb-bc97-a35bc4fda14e-0,END,2026/07/15 16:30:04.073,2026/07/15 16:30:04.153,,00:00:00.080,REALTIME_DATA_COLLECTOR,contacts,0,NOT_STOPPED,21422/21719,32.6,62.9,18.0,contacts:28:noData:32.6:0.5:-0.1:on;contacts:27:16.3:0.00:0.3:-0.1:0:0:0:1;
fe639aa8-9fe1-4bbe-b853-b854fa9fe0f8-0,END,2026/07/15 16:29:54.038,2026/07/15 16:29:54.039,,00:00:00.001,DATA_OBSERVER,contacts,0,NOT_STOPPED,21422/21646,32.6,61.9,0.0,
634282a2-f375-45cb-9e3d-2e31ecb258b7-0,END,2026/07/15 16:29:54.029,2026/07/15 16:29:54.032,,00:00:00.003,DATA_OBSERVER,my_contact_profile,0,NOT_STOPPED,21422/21719,32.6,61.8,0.0,
b65508be-ff12-4fa6-8ef2-0ff131783807-0,END,2026/07/15 16:27:43.372,2026/07/15 16:27:43.456,,00:00:00.084,REALTIME_DATA_COLLECTOR,contacts,0,NOT_STOPPED,21422/21708,35.0,64.1,16.6,contacts:45:noData:35.0:0.7:0.0:on;contacts:43:14.4:0.00:0.5:0.0:0:0:0:1;
6b1bdb20-2fc2-4f40-8522-df477679795c-0,END,2026/07/15 16:27:43.373,2026/07/15 16:27:43.415,,00:00:00.042,REALTIME_DATA_COLLECTOR,my_contact_profile,0,NOT_STOPPED,21422/21719,35.0,63.8,20.2,my_contact_profile:6:noData:35.0:0.4:-0.0:on;my_contact_profile:5:0.0:0.00:0.2:-0.0:0:0:0:1;
f4b0065b-ba6d-45e9-bb44-7838a8cf8f2d-0,END,2026/07/15 16:27:33.323,2026/07/15 16:27:33.332,,00:00:00.009,DATA_OBSERVER,my_contact_profile,0,NOT_STOPPED,21422/21646,35.3,63.4,0.0,
31bab436-09a1-420c-8db0-582ccc2e7a4b-0,END,2026/07/15 16:27:33.324,2026/07/15 16:27:33.332,,00:00:00.008,DATA_OBSERVER,contacts,0,NOT_STOPPED,21422/21647,35.3,63.4,0.0,
e5ec77de-77ad-40f8-bc3a-fa0c3b39d81d-0,END,2026/07/15 16:27:32.675,2026/07/15 16:27:32.741,,00:00:00.066,REALTIME_DATA_COLLECTOR,contacts,0,NOT_STOPPED,21422/21646,35.3,63.1,16.2,contacts:34:noData:35.3:0.6:0.1:on;contacts:32:13.1:0.00:0.4:0.1:0:0:0:1;
0eb10cf9-a7b6-479c-824d-a3d2279468b1-0,END,2026/07/15 16:27:32.674,2026/07/15 16:27:32.714,,00:00:00.040,REALTIME_DATA_COLLECTOR,my_contact_profile,0,NOT_STOPPED,21422/21647,35.3,63.0,20.0,my_contact_profile:8:noData:35.3:0.4:0.2:on;my_contact_profile:7:0.0:0.00:0.2:0.2:0:0:0:1;
7e2f1dfd-b233-4ff2-b1ae-53ad0ac3acc9-0,END,2026/07/15 16:27:22.611,2026/07/15 16:27:22.619,,00:00:00.008,DATA_OBSERVER,contacts,0,NOT_STOPPED,21422/21719,35.6,62.2,0.0,
84b9e94b-2934-4287-885f-7ed07fd52c17-0,END,2026/07/15 16:27:22.611,2026/07/15 16:27:22.619,,00:00:00.008,DATA_OBSERVER,my_contact_profile,0,NOT_STOPPED,21422/21646,35.6,62.2,0.0,
32337e39-444c-4f97-ba25-f09fe494afac-0,END,2026/07/15 16:27:22.095,2026/07/15 16:27:22.143,,00:00:00.048,REALTIME_DATA_COLLECTOR,my_contact_profile,0,NOT_STOPPED,21422/21719,35.6,62.0,11.9,my_contact_profile:8:noData:35.6:0.1:-0.0:on;my_contact_profile:7:0.0:0.00:0.0:-0.1:0:0:0:1;
9909319d-721b-4e99-a72a-9de3c4f17b15-0,END,2026/07/15 16:27:12.068,2026/07/15 16:27:12.075,,00:00:00.007,DATA_OBSERVER,my_contact_profile,0,NOT_STOPPED,21422/21647,35.6,62.3,0.0,
02143e75-1ae4-463c-8c76-2795c9870f68-0,END,2026/07/15 16:27:11.963,2026/07/15 16:27:12.007,,00:00:00.044,REALTIME_DATA_COLLECTOR,my_contact_profile,0,NOT_STOPPED,21422/21708,35.6,62.2,11.6,my_contact_profile:8:noData:35.6:0.2:0.0:on;my_contact_profile:7:0.0:0.00:0.1:0.0:0:0:0:1;
f9b7fbcd-3a7a-4f87-904d-3db0698f50ce-0,END,2026/07/15 16:27:11.429,2026/07/15 16:27:11.553,,00:00:00.124,REALTIME_DATA_COLLECTOR,contacts,0,NOT_STOPPED,21422/21719,35.6,61.8,9.4,contacts:58:noData:35.6:0.5:0.0:on;contacts:57:5.4:0.00:0.3:-0.0:0:0:0:1;
11d68589-69c2-4866-a039-dd3155e81b4a-0,END,2026/07/15 16:27:11.472,2026/07/15 16:27:11.475,,00:00:00.003,DATA_OBSERVER,contacts,0,NOT_STOPPED,21422/21708,35.6,59.9,0.0,
921118a7-724a-4b33-897f-ba5c4e47af6c-0,END,2026/07/15 16:27:08.239,2026/07/15 16:27:08.243,,00:00:00.004,DATA_OBSERVER,my_contact_profile,0,NOT_STOPPED,21422/21647,35.6,59.7,0.0,
70bebef2-cd27-4c1e-bf90-bd90dd0e9942-0,END,2026/07/15 16:27:05.143,2026/07/15 16:27:05.146,,00:00:00.003,DATA_OBSERVER,contacts,0,NOT_STOPPED,21422/21646,34.3,62.0,0.0,
71d88a73-8e96-4f2b-b7b1-22a007297432-0,END,2026/07/15 16:27:01.942,2026/07/15 16:27:01.944,,00:00:00.002,DATA_OBSERVER,my_contact_profile,0,NOT_STOPPED,21422/21719,34.3,61.8,0.0,
ea88a18e-26f5-43b0-8fcd-5d106fe93f2c-0,END,2026/07/15 16:27:01.397,2026/07/15 16:27:01.404,,00:00:00.007,DATA_OBSERVER,contacts,0,NOT_STOPPED,21422/21647,34.3,58.8,0.0,
d7cdf697-b072-497e-b50a-930089b36300-0,END,2026/07/15 16:22:04.494,2026/07/15 16:22:04.560,,00:00:00.066,REALTIME_DATA_COLLECTOR,contacts,0,NOT_STOPPED,21422/21708,37.3,59.1,17.8,contacts:29:noData:37.3:0.4:0.0:on;contacts:28:15.0:0.00:0.3:0.0:0:0:0:1;
01122514-7b7f-489f-94b8-03fc16d061d1-0,END,2026/07/15 16:22:04.456,2026/07/15 16:22:04.563,,00:00:00.107,REALTIME_DATA_COLLECTOR,my_contact_profile,0,NOT_STOPPED,21422/21719,37.3,59.1,15.6,my_contact_profile:4:noData:37.3:0.6:0.0:on;my_contact_profile:3:0.0:0.00:0.1:0.0:0:0:0:1;
7cae28be-8130-4772-9103-b154aa84bbab-0,END,2026/07/15 16:21:54.465,2026/07/15 16:21:54.468,,00:00:00.003,DATA_OBSERVER,contacts,0,NOT_STOPPED,21422/21646,37.4,58.5,0.0,
e99b78f6-f86a-4421-be7a-47366f39438c-0,END,2026/07/15 16:21:54.406,2026/07/15 16:21:54.411,,00:00:00.005,DATA_OBSERVER,my_contact_profile,0,NOT_STOPPED,21422/21647,37.4,58.4,0.0,
7a212106-226b-4e1c-bfe6-08ba7f692653-0,END,2026/07/15 16:21:54.250,2026/07/15 16:21:54.320,,00:00:00.070,REALTIME_DATA_COLLECTOR,contacts,0,NOT_STOPPED,21422/21647,37.4,58.2,16.4,contacts:35:noData:37.4:0.5:0.0:on;contacts:34:12.4:0.00:0.4:0.1:0:0:0:1;
974535fa-8b61-40a2-88e5-4c4c43d6fc95-0,END,2026/07/15 16:21:54.248,2026/07/15 16:21:54.290,,00:00:00.042,REALTIME_DATA_COLLECTOR,my_contact_profile,0,NOT_STOPPED,21422/21719,37.4,58.1,19.3,my_contact_profile:7:noData:37.4:0.4:0.0:on;my_contact_profile:6:0.0:0.00:0.3:0.0:0:0:0:1;
df489cd4-10e9-4e5e-bdcf-fe29c872735d-0,END,2026/07/15 16:21:44.174,2026/07/15 16:21:44.178,,00:00:00.004,DATA_OBSERVER,contacts,0,NOT_STOPPED,21422/21646,37.7,57.5,0.0,
b8212024-aeb5-42a0-9cc2-5fc617cd2f65-0,END,2026/07/15 16:21:44.173,2026/07/15 16:21:44.178,,00:00:00.005,DATA_OBSERVER,my_contact_profile,0,NOT_STOPPED,21422/21647,37.7,57.5,0.0,
86b5d00e-3ccb-462b-805d-cb4665769c04-0,END,2026/07/15 16:21:43.126,2026/07/15 16:21:43.189,,00:00:00.063,REALTIME_DATA_COLLECTOR,contacts,0,NOT_STOPPED,21422/21708,37.7,57.3,19.2,contacts:28:noData:37.7:0.5:0.0:on;contacts:26:16.7:0.00:0.4:0.0:0:0:0:1;
995df54e-a458-4eb5-84d9-21d549fd3859-0,END,2026/07/15 16:21:43.120,2026/07/15 16:21:43.189,,00:00:00.069,REALTIME_DATA_COLLECTOR,my_contact_profile,0,NOT_STOPPED,21422/21647,37.7,57.2,19.1,my_contact_profile:6:noData:37.7:0.5:0.0:on;my_contact_profile:4:0.0:0.00:0.1:0.0:0:0:0:1;
9deec561-27da-48a1-92fa-ba279b448d18-0,END,2026/07/15 16:21:33.093,2026/07/15 16:21:33.094,,00:00:00.001,DATA_OBSERVER,contacts,0,NOT_STOPPED,21422/21719,37.7,56.6,0.0,
139f8dd3-e042-464c-a014-d37aa9150840-0,END,2026/07/15 16:21:33.067,2026/07/15 16:21:33.075,,00:00:00.008,DATA_OBSERVER,my_contact_profile,0,NOT_STOPPED,21422/21708,37.7,56.5,0.0,
328f078e-198f-42e4-99c9-17fd6b1b48d5-0,END,2026/07/15 16:21:32.918,2026/07/15 16:21:32.991,,00:00:00.073,REALTIME_DATA_COLLECTOR,contacts,0,NOT_STOPPED,21422/21719,37.7,56.3,17.6,contacts:33:noData:37.7:0.6:0.0:on;contacts:32:13.3:0.00:0.3:0.1:0:0:0:1;
c6942ad9-220e-49a6-a1b0-5d92eddc0a46-0,END,2026/07/15 16:21:32.921,2026/07/15 16:21:32.958,,00:00:00.037,REALTIME_DATA_COLLECTOR,my_contact_profile,0,NOT_STOPPED,21422/21708,37.7,56.0,21.3,my_contact_profile:6:noData:37.7:0.2:-0.1:on;my_contact_profile:5:0.0:0.00:0.1:-0.0:0:0:0:1;
82a599da-7479-4219-a465-257f66cb5dab-0,END,2026/07/15 16:21:22.875,2026/07/15 16:21:22.879,,00:00:00.004,DATA_OBSERVER,my_contact_profile,0,NOT_STOPPED,21422/21647,37.8,56.3,0.0,
f5d3c076-0844-4e29-a9ed-34cacd7f85da-0,END,2026/07/15 16:21:22.876,2026/07/15 16:21:22.879,,00:00:00.003,DATA_OBSERVER,contacts,0,NOT_STOPPED,21422/21708,37.8,56.2,0.0,
167ad351-c5fe-420b-916a-d205d94d201d-0,END,2026/07/15 16:21:21.948,2026/07/15 16:21:22.015,,00:00:00.067,REALTIME_DATA_COLLECTOR,contacts,0,NOT_STOPPED,21422/21646,37.8,56.0,19.2,contacts:27:noData:37.8:0.6:0.1:on;contacts:24:16.3:0.00:0.4:0.1:0:0:0:1;
90edd6e1-7128-428f-baa4-c8ba990d42a6-0,END,2026/07/15 16:21:21.947,2026/07/15 16:21:21.995,,00:00:00.048,REALTIME_DATA_COLLECTOR,my_contact_profile,0,NOT_STOPPED,21422/21647,37.8,55.9,20.2,my_contact_profile:7:noData:37.8:0.4:0.2:on;my_contact_profile:6:0.0:0.00:0.3:0.1:0:0:0:1;
be7051f6-0fe1-4537-977b-59cddc006fdf-0,END,2026/07/15 16:21:11.909,2026/07/15 16:21:11.919,,00:00:00.010,DATA_OBSERVER,my_contact_profile,0,NOT_STOPPED,21422/21719,38.0,55.3,0.0,
dce783b1-f74e-4d10-9313-1b0c713d07c8-0,END,2026/07/15 16:21:11.910,2026/07/15 16:21:11.913,,00:00:00.003,DATA_OBSERVER,contacts,0,NOT_STOPPED,21422/21708,38.0,55.3,0.0,
a4d91f97-31ec-4b31-8d89-72875fd155d9-0,END,2026/07/15 16:21:11.732,2026/07/15 16:21:11.824,,00:00:00.092,REALTIME_DATA_COLLECTOR,contacts,0,NOT_STOPPED,21422/21646,38.0,55.0,16.6,contacts:50:noData:38.0:0.5:0.2:on;contacts:49:12.9:0.00:0.4:0.2:0:0:0:1;
858fcaf9-0725-4999-8fbf-d1094d163f04-0,END,2026/07/15 16:21:11.730,2026/07/15 16:21:11.796,,00:00:00.066,REALTIME_DATA_COLLECTOR,my_contact_profile,0,NOT_STOPPED,21422/21708,38.0,54.8,17.8,my_contact_profile:22:noData:38.0:0.4:0.3:on;my_contact_profile:21:11.8:0.00:0.2:0.3:0:0:0:1;
99ffb114-d776-46ed-9f0c-7b0a04cb44f4-0,END,2026/07/15 16:21:01.673,2026/07/15 16:21:01.675,,00:00:00.002,DATA_OBSERVER,my_contact_profile,0,NOT_STOPPED,21422/21719,38.2,54.3,0.0,
2a851d0e-ab56-4d1c-8cc5-6f3f5b014277-0,END,2026/07/15 16:21:01.671,2026/07/15 16:21:01.675,,00:00:00.004,DATA_OBSERVER,contacts,0,NOT_STOPPED,21422/21646,38.2,54.3,0.0,
ef3c1dc9-9bbf-4024-baf3-b27ae3a20097-0,END,2026/07/15 16:20:51.810,2026/07/15 16:20:51.983,,00:00:00.173,REALTIME_DATA_COLLECTOR,contacts,0,NOT_STOPPED,21422/21647,38.5,54.0,13.4,contacts:116:noData:38.5:0.5:0.0:on;contacts:112:10.4:0.00:0.4:0.0:0:0:0:1;
175bbc9e-cb02-4e5e-a907-a72e446838cf-0,END,2026/07/15 16:20:51.808,2026/07/15 16:20:51.910,,00:00:00.102,REALTIME_DATA_COLLECTOR,my_contact_profile,0,NOT_STOPPED,21422/21646,38.5,51.9,16.7,my_contact_profile:20:noData:38.5:0.3:0.2:on;my_contact_profile:18:8.3:0.00:0.1:0.0:0:0:0:1;
9ed56ed8-81bd-4b23-b6c9-605c2874bf60-0,END,2026/07/15 16:20:51.500,2026/07/15 16:20:51.501,,00:00:00.001,DATA_OBSERVER,contacts,0,NOT_STOPPED,21422/21647,38.5,45.6,0.0,
5bbf7be4-de39-4530-b193-dd6f2b0450cb-0,END,2026/07/15 16:20:51.497,2026/07/15 16:20:51.503,,00:00:00.006,DATA_OBSERVER,my_contact_profile,0,NOT_STOPPED,21422/21719,38.5,45.6,0.0,
1c6f2999-debf-4f8c-8f43-c85e3f5bbf64-0,END,2026/07/15 16:20:41.741,2026/07/15 16:20:41.772,,00:00:00.031,DATA_OBSERVER,contacts,0,NOT_STOPPED,21422/21708,38.2,45.3,7.7,
f8d2a588-38a9-4b56-935d-ee920fa836bb-0,END,2026/07/15 16:20:41.741,2026/07/15 16:20:41.773,,00:00:00.032,DATA_OBSERVER,my_contact_profile,0,NOT_STOPPED,21422/21647,38.2,45.3,7.8,
ed2b0571-3e62-4c85-a226-1cdfbe9bc86f-0,END,2026/07/15 15:43:34.975,2026/07/15 15:43:34.990,,00:00:00.015,START_DATA_OBSERVER,,0,NOT_STOPPED,21422/21646,37.9,104.0,23.3,
ab59fb73-6a79-427c-8099-8a4c25b30525-0,END,2026/07/15 15:43:34.728,2026/07/15 15:43:34.941,,00:00:00.213,BOOT_COMPLETED,,0,NOT_STOPPED,21422/21647,37.9,101.1,6.2,
12abe6e0-164f-45aa-a608-c6f03beef5db-0,END,2026/07/15 15:41:43.580,2026/07/15 15:41:43.649,,00:00:00.069,REALTIME_DATA_COLLECTOR,contacts,0,NOT_STOPPED,15932/16001,37.3,72.8,18.8,contacts:29:noData:37.3:0.5:0.0:on;contacts:28:16.1:0.00:0.4:-0.0:0:0:0:1;
d40109d0-ab10-4368-a7cd-eb352c6fbd22-0,END,2026/07/15 15:41:43.579,2026/07/15 15:41:43.627,,00:00:00.048,REALTIME_DATA_COLLECTOR,my_contact_profile,0,NOT_STOPPED,15932/16003,37.3,79.4,20.9,my_contact_profile:10:noData:37.3:0.4:0.2:on;my_contact_profile:9:0.0:0.00:0.2:0.2:0:0:0:1;
2811ed37-3854-46d6-910a-793e4828bb7f-0,END,2026/07/15 15:41:33.532,2026/07/15 15:41:33.534,,00:00:00.002,DATA_OBSERVER,contacts,0,NOT_STOPPED,15932/16002,37.6,81.3,0.0,
9a219ba6-7290-4c48-a200-e9bf27daf4e5-0,END,2026/07/15 15:41:33.531,2026/07/15 15:41:33.534,,00:00:00.003,DATA_OBSERVER,my_contact_profile,0,NOT_STOPPED,15932/16001,37.6,81.3,0.0,
33b0a117-d39d-4e0b-9a00-f3e8175ce7f1-0,END,2026/07/15 15:41:30.342,2026/07/15 15:41:30.466,,00:00:00.124,REALTIME_DATA_COLLECTOR,contacts,0,NOT_STOPPED,15932/16000,37.5,81.0,20.0,contacts:83:noData:37.5:-18.5:-0.1:on;contacts:81:15.9:0.00:-18.6:-0.1:0:0:0:1;
9001d154-2d17-487d-b014-0781320b2737-0,END,2026/07/15 15:41:30.342,2026/07/15 15:41:30.418,,00:00:00.076,REALTIME_DATA_COLLECTOR,my_contact_profile,0,NOT_STOPPED,15932/16001,37.5,80.5,24.2,my_contact_profile:7:noData:37.5:-18.9:-0.0:on;my_contact_profile:6:0.0:0.00:0.2:0.0:0:0:0:1;
82d29063-0f93-4441-bdf2-bb674b75402e-0,END,2026/07/15 15:41:28.021,2026/07/15 15:41:28.026,,00:00:00.005,DATA_OBSERVER,my_contact_profile,0,NOT_STOPPED,15932/16003,37.5,94.4,0.0,
93bba0f1-6a77-4ec4-801a-effe6ddceb4f-0,END,2026/07/15 15:41:28.022,2026/07/15 15:41:28.024,,00:00:00.002,DATA_OBSERVER,contacts,0,NOT_STOPPED,15932/16002,37.5,94.4,0.0,
34e69587-fdf5-46db-9eb6-7cc4401b7ff7-0,END,2026/07/15 15:41:20.390,2026/07/15 15:41:20.404,,00:00:00.014,START_DATA_OBSERVER,,0,NOT_STOPPED,15932/16000,37.8,93.4,20.7,
b19c873d-45cd-478e-98a0-95bd5e86ea38-0,END,2026/07/15 15:41:20.034,2026/07/15 15:41:20.307,2026/07/15 15:41:20.080,00:00:00.273,DATA_OBSERVER,contacts,0,CANCELLED_BY_APP,15932/16003,37.8,91.4,8.9,
b7cd71d3-031d-44e9-91a6-4691f02cb130-0,END,2026/07/15 15:41:20.033,2026/07/15 15:41:20.307,2026/07/15 15:41:20.125,00:00:00.274,DATA_OBSERVER,my_contact_profile,0,CANCELLED_BY_APP,15932/16001,37.8,91.4,8.9,
b1fc26b5-20e5-4e25-92f4-02fac2cad1b6-0,END,2026/07/15 15:41:20.135,2026/07/15 15:41:20.302,,00:00:00.167,BOOT_COMPLETED,,0,NOT_STOPPED,15932/16002,37.8,91.4,7.8,
8e565bca-6fca-4023-8677-00fce95583f4-0,END,2026/07/15 15:39:50.836,2026/07/15 15:39:50.857,,00:00:00.021,START_DATA_OBSERVER,,0,NOT_STOPPED,10461/11021,35.5,102.3,15.9,
693f900a-f753-4ec6-b636-e57ef3f1d25c-0,END,2026/07/15 15:39:50.326,2026/07/15 15:39:50.714,,00:00:00.388,BOOT_COMPLETED,,0,NOT_STOPPED,10461/11022,35.5,100.5,3.6,
12a10264-dea9-4d9d-a467-b9325e7646e8-0,END,2026/07/15 15:36:34.903,2026/07/15 15:36:34.934,,00:00:00.031,START_DATA_OBSERVER,,0,NOT_STOPPED,32164/32677,34.5,101.5,18.1,
56dd524a-1ed4-44e9-8c88-7d1a66bc8033-0,END,2026/07/15 15:36:34.222,2026/07/15 15:36:34.865,,00:00:00.643,BOOT_COMPLETED,,0,NOT_STOPPED,32164/32678,34.5,99.0,3.4,
84dcefe6-1173-4e96-90a6-de9528e6e13b-0,END,2026/07/15 15:29:19.539,2026/07/15 15:29:19.556,,00:00:00.017,START_DATA_OBSERVER,,0,NOT_STOPPED,25219/25570,33.7,102.6,13.8,
1e51dd90-f9b1-43dd-aff0-e5b24ac65c5d-0,END,2026/07/15 15:29:19.246,2026/07/15 15:29:19.491,,00:00:00.245,BOOT_COMPLETED,,0,NOT_STOPPED,25219/25571,33.7,99.8,5.2,
7460f20e-ae22-4837-b322-ee779ad3e191-0,END,2026/07/15 15:24:41.914,2026/07/15 15:24:41.935,,00:00:00.021,START_DATA_OBSERVER,,0,NOT_STOPPED,19700/19962,36.5,106.2,23.5,
b170199b-723d-40f1-8f61-86e57295a23a-0,END,2026/07/15 15:24:41.664,2026/07/15 15:24:41.877,,00:00:00.213,BOOT_COMPLETED,,0,NOT_STOPPED,19700/19963,36.5,102.9,5.6,
50dcc7ac-a548-488f-bb15-2c3ffd0cc792-0,END,2026/07/15 15:23:27.309,2026/07/15 15:23:27.341,,00:00:00.032,START_DATA_OBSERVER,,0,NOT_STOPPED,14481/14939,35.7,106.8,15.0,
080df9f0-89ad-4e6e-89c1-befc9c4882ba-0,END,2026/07/15 15:23:26.974,2026/07/15 15:23:27.233,,00:00:00.259,BOOT_COMPLETED,,0,NOT_STOPPED,14481/14940,35.7,103.9,5.0,
3f341001-1a69-4413-84b2-e6c5adc4e232-0,END,2026/07/15 14:25:01.689,2026/07/15 14:25:01.783,,00:00:00.094,REALTIME_DATA_COLLECTOR,contacts,0,NOT_STOPPED,25105/25295,39.5,62.4,15.6,contacts:57:noData:39.5:-18.5:0.0:on;contacts:55:10.0:0.00:0.6:0.2:0:0:0:1;
b488cad7-aa6a-4ead-a97c-c7d5917287d4-0,END,2026/07/15 14:25:01.689,2026/07/15 14:25:01.749,,00:00:00.060,REALTIME_DATA_COLLECTOR,my_contact_profile,0,NOT_STOPPED,25105/25296,39.5,61.6,17.9,my_contact_profile:23:noData:39.5:-18.9:0.2:on;my_contact_profile:22:7.1:0.00:0.2:0.3:0:0:0:1;
256df255-70d1-4052-b07a-cc604447bf73-0,END,2026/07/15 14:24:51.714,2026/07/15 14:24:51.754,,00:00:00.040,START_DATA_OBSERVER,,0,NOT_STOPPED,25105/25293,38.5,95.5,24.5,
8a8e5a6c-8685-468b-8d51-6252f7a51dca-0,END,2026/07/15 14:24:51.243,2026/07/15 14:24:51.669,,00:00:00.426,BOOT_COMPLETED,,0,NOT_STOPPED,25105/25295,38.5,93.0,3.2,
eacd535f-ac65-40bd-b28b-abba8769a7bd-0,END,2026/07/15 14:24:51.073,2026/07/15 14:24:51.668,2026/07/15 14:24:51.152,00:00:00.595,DATA_OBSERVER,my_contact_profile,0,CANCELLED_BY_APP,25105/25296,38.5,92.9,3.8,
ccb2cedd-dc3a-4eaa-b2dc-e3be5ae1ff9b-0,END,2026/07/15 14:24:51.076,2026/07/15 14:24:51.668,2026/07/15 14:24:51.104,00:00:00.592,DATA_OBSERVER,contacts,0,CANCELLED_BY_APP,25105/25294,38.5,92.8,3.8,
e467a62e-1b20-4071-b674-6e9499cb2ea9-0,END,2026/07/15 14:18:10.926,2026/07/15 14:18:10.927,,00:00:00.001,REALTIME_DATA_COLLECTOR,my_contact_profile,0,NOT_STOPPED,14829/15359,40.9,42.4,0.0,Not compliant
0984007d-6600-4fbd-b601-a731eae15d6f-0,END,2026/07/15 14:18:10.921,2026/07/15 14:18:10.922,,00:00:00.001,REALTIME_DATA_COLLECTOR,contacts,0,NOT_STOPPED,14829/15358,40.9,42.4,0.0,Not compliant
5fc05adb-ef22-4e0f-b7a2-825c45855a87-0,END,2026/07/15 14:18:00.885,2026/07/15 14:18:00.911,,00:00:00.026,DATA_OBSERVER,contacts,0,NOT_STOPPED,14829/15359,41.3,61.6,21.5,
51cd7e93-19e9-4ae5-8093-a69f4435ea42-0,END,2026/07/15 14:18:00.886,2026/07/15 14:18:00.898,,00:00:00.012,DATA_OBSERVER,my_contact_profile,0,NOT_STOPPED,14829/15526,41.3,61.4,20.8,
0984f7cf-2252-4dc6-a189-5e024be56633-0,END,2026/07/15 14:17:50.022,2026/07/15 14:17:50.040,,00:00:00.018,START_DATA_OBSERVER,,0,NOT_STOPPED,14829/15358,40.9,99.0,12.8,
5aa89290-0322-42e5-9453-c20c04f7b15c-0,END,2026/07/15 14:17:49.405,2026/07/15 14:17:49.947,,00:00:00.542,BOOT_COMPLETED,,0,NOT_STOPPED,14829/15359,40.9,96.5,3.1,
25df6988-8b2e-4df4-b103-dd4e2f2a5b26-0,END,2026/07/15 13:29:27.779,2026/07/15 13:29:27.848,,00:00:00.069,REALTIME_DATA_COLLECTOR,contacts,0,NOT_STOPPED,21536/22100,28.5,84.3,18.4,contacts:34:noData:28.5:0.5:0.0:on;contacts:31:15.5:0.00:0.3:0.0:0:0:0:1;
8faea217-ff40-4964-8454-862ee03fa948-0,END,2026/07/15 13:29:27.773,2026/07/15 13:29:27.847,,00:00:00.074,REALTIME_DATA_COLLECTOR,my_contact_profile,0,NOT_STOPPED,21536/22028,28.5,84.3,18.0,my_contact_profile:11:noData:28.5:0.6:0.0:on;my_contact_profile:10:16.0:0.00:0.2:0.0:0:0:0:1;
7524f565-c8e3-4ebc-89b4-a5528fcddbfb-0,END,2026/07/15 13:29:17.736,2026/07/15 13:29:17.743,,00:00:00.007,DATA_OBSERVER,my_contact_profile,0,NOT_STOPPED,21536/22100,28.7,83.6,0.0,
a6229a2d-22a5-408a-91ae-acfabc8cddad-0,END,2026/07/15 13:29:17.742,2026/07/15 13:29:17.744,,00:00:00.002,DATA_OBSERVER,contacts,0,NOT_STOPPED,21536/22104,28.7,83.6,0.0,
a24dd42a-0cc3-4eba-b62d-eeb0e1d98ff0-0,END,2026/07/15 13:29:16.171,2026/07/15 13:29:16.279,,00:00:00.108,REALTIME_DATA_COLLECTOR,contacts,0,NOT_STOPPED,21536/22104,28.2,83.3,17.0,contacts:62:noData:28.2:0.6:-0.1:on;contacts:61:13.0:0.00:0.4:-0.2:0:0:0:1;
﻿6b3a9791-a6a8-47c7-adcc-14cce09b6870-0,END,2026/07/15 13:29:16.171,2026/07/15 13:29:16.234,,00:00:00.063,REALTIME_DATA_COLLECTOR,my_contact_profile,0,NOT_STOPPED,21536/22029,28.2,83.2,19.4,my_contact_profile:18:noData:28.2:0.4:-0.2:on;my_contact_profile:16:15.9:0.00:0.3:-0.1:0:0:0:1;
187924ce-8a64-4741-837f-4a7b0f74ba27-0,END,2026/07/15 13:29:06.108,2026/07/15 13:29:06.114,,00:00:00.006,DATA_OBSERVER,my_contact_profile,0,NOT_STOPPED,21536/22028,28.3,83.6,0.0,
8336eb1d-20db-44a2-a04c-b3b0b15f8823-0,END,2026/07/15 13:29:06.108,2026/07/15 13:29:06.114,,00:00:00.006,DATA_OBSERVER,contacts,0,NOT_STOPPED,21536/22100,28.3,83.6,0.0,
92292212-234d-474b-b03f-22ca4ec350af-0,END,2026/07/15 13:29:04.131,2026/07/15 13:29:04.218,,00:00:00.087,REALTIME_DATA_COLLECTOR,contacts,0,NOT_STOPPED,21536/22100,28.3,83.4,18.1,contacts:39:noData:28.3:0.6:0.0:on;contacts:38:15.1:0.00:0.4:0.0:0:0:0:1;
fe9c06f9-237a-4cf3-8ba7-a5a964db61bd-0,END,2026/07/15 13:29:04.131,2026/07/15 13:29:04.201,,00:00:00.070,REALTIME_DATA_COLLECTOR,my_contact_profile,0,NOT_STOPPED,21536/22028,28.3,83.3,18.9,my_contact_profile:3:noData:28.3:0.5:0.0:on;my_contact_profile:3:0.0:0.00:0.1:0.0:0:0:0:1;
5c2acd3a-c0b7-4002-b859-1cb28c860642-0,END,2026/07/15 13:28:54.086,2026/07/15 13:28:54.093,,00:00:00.007,DATA_OBSERVER,my_contact_profile,0,NOT_STOPPED,21536/22104,28.4,82.6,0.0,
9821ac5a-4703-4981-81f5-f967254edd7d-0,END,2026/07/15 13:28:54.089,2026/07/15 13:28:54.094,,00:00:00.005,DATA_OBSERVER,contacts,0,NOT_STOPPED,21536/22029,28.4,82.6,0.0,
0e77cd74-ea74-43c7-b16e-1ac4ad2ee8c5-0,END,2026/07/15 13:28:42.687,2026/07/15 13:28:42.769,,00:00:00.082,REALTIME_DATA_COLLECTOR,contacts,0,NOT_STOPPED,21536/22029,28.5,82.3,19.4,contacts:38:noData:28.5:0.5:0.2:on;contacts:36:17.7:0.00:0.3:0.2:0:0:0:1;
d743d507-ca67-464d-8b5d-f7688d17f0d2-0,END,2026/07/15 13:28:42.688,2026/07/15 13:28:42.736,,00:00:00.048,REALTIME_DATA_COLLECTOR,my_contact_profile,0,NOT_STOPPED,21536/22104,28.5,82.1,22.0,my_contact_profile:6:noData:28.5:0.3:0.2:on;my_contact_profile:5:0.0:0.00:0.2:0.2:0:0:0:1;
41c92fa2-fbf8-4112-991d-10f258902108-0,END,2026/07/15 13:28:42.496,2026/07/15 13:28:42.501,,00:00:00.005,DATA_OBSERVER,my_contact_profile,0,NOT_STOPPED,21536/22028,28.5,81.7,0.0,
ff550378-5d1c-4718-8406-e88ec6cd6644-0,END,2026/07/15 13:28:42.496,2026/07/15 13:28:42.501,,00:00:00.005,DATA_OBSERVER,contacts,0,NOT_STOPPED,21536/22104,28.5,81.7,0.0,
4fe932a2-9b64-44b4-89c5-8640cbfc701f-0,END,2026/07/15 13:28:32.646,2026/07/15 13:28:32.651,,00:00:00.005,DATA_OBSERVER,my_contact_profile,0,NOT_STOPPED,21536/22100,28.6,81.5,0.0,
ad29870e-c6e3-4b00-a124-f0fdda64b226-0,END,2026/07/15 13:28:32.645,2026/07/15 13:28:32.650,,00:00:00.005,DATA_OBSERVER,contacts,0,NOT_STOPPED,21536/22028,28.6,81.5,0.0,
176b9c5f-88f1-4183-b66a-66ab0be6fd6a-0,END,2026/07/15 13:27:59.093,2026/07/15 13:27:59.145,,00:00:00.052,REALTIME_DATA_COLLECTOR,my_contact_profile,0,NOT_STOPPED,21536/22029,28.5,81.4,20.4,my_contact_profile:14:noData:28.5:0.4:-0.1:on;my_contact_profile:13:16.9:0.00:0.2:-0.1:0:0:0:1;
10be22df-fdda-4077-a490-0d4c00bb4e11-0,END,2026/07/15 13:27:59.093,2026/07/15 13:27:59.170,,00:00:00.077,REALTIME_DATA_COLLECTOR,contacts,0,NOT_STOPPED,21536/22100,28.5,81.6,17.8,contacts:40:noData:28.5:0.6:-0.1:on;contacts:40:15.0:0.00:0.4:-0.2:0:0:0:1;
11b5d026-8285-4561-b6f2-df142978b709-0,END,2026/07/15 13:27:49.034,2026/07/15 13:27:49.039,,00:00:00.005,DATA_OBSERVER,contacts,0,NOT_STOPPED,21536/22028,28.6,80.8,0.0,
1bfc22ec-c03a-4264-be7f-667ec70be0a3-0,END,2026/07/15 13:27:49.035,2026/07/15 13:27:49.039,,00:00:00.004,DATA_OBSERVER,my_contact_profile,0,NOT_STOPPED,21536/22029,28.6,80.8,0.0,
7bccdbbc-68c2-4960-8f2e-2143c1ae5832-0,END,2026/07/15 13:27:41.533,2026/07/15 13:27:41.593,,00:00:00.060,REALTIME_DATA_COLLECTOR,contacts,0,NOT_STOPPED,21536/22029,28.3,81.5,14.2,contacts:27:noData:28.3:0.5:0.0:on;contacts:26:11.9:0.00:0.4:0.0:0:0:0:1;
f47060dd-e22b-4984-8eff-88187acedef9-0,END,2026/07/15 13:27:41.531,2026/07/15 13:27:41.575,,00:00:00.044,REALTIME_DATA_COLLECTOR,my_contact_profile,0,NOT_STOPPED,21536/22104,28.3,81.3,14.9,my_contact_profile:10:noData:28.3:0.4:0.0:on;my_contact_profile:8:0.0:0.00:0.1:0.2:0:0:0:1;
e7ca697b-a320-4d14-b306-29dc41288973-0,END,2026/07/15 13:27:38.826,2026/07/15 13:27:38.833,,00:00:00.007,DATA_OBSERVER,contacts,0,NOT_STOPPED,21536/22028,28.3,80.6,0.0,
a7811a35-7a38-49a9-af27-3407072b99ba-0,END,2026/07/15 13:27:38.827,2026/07/15 13:27:38.833,,00:00:00.006,DATA_OBSERVER,my_contact_profile,0,NOT_STOPPED,21536/22029,28.3,80.6,0.0,
54289f17-1493-4b6e-a184-6fb5a842f697-0,END,2026/07/15 13:27:31.496,2026/07/15 13:27:31.501,,00:00:00.005,DATA_OBSERVER,contacts,0,NOT_STOPPED,21536/22104,28.3,80.3,0.0,
40fd1a66-5fc8-4476-89f1-65cccb047a49-0,END,2026/07/15 13:27:31.496,2026/07/15 13:27:31.500,,00:00:00.004,DATA_OBSERVER,my_contact_profile,0,NOT_STOPPED,21536/22100,28.3,80.3,0.0,
4bc3e58b-9d8e-4c13-8633-1be53581a53f-0,END,2026/07/15 13:27:31.161,2026/07/15 13:27:31.272,,00:00:00.111,REALTIME_DATA_COLLECTOR,contacts,0,NOT_STOPPED,21536/22029,28.3,80.1,14.6,contacts:72:noData:28.3:0.7:0.4:on;contacts:71:12.0:0.00:0.5:0.3:0:0:0:1;
1c71f13b-9d14-4c51-a4e6-f2a5c4c45b6b-0,END,2026/07/15 13:27:31.162,2026/07/15 13:27:31.224,,00:00:00.062,REALTIME_DATA_COLLECTOR,my_contact_profile,0,NOT_STOPPED,21536/22100,28.3,79.2,17.0,my_contact_profile:23:noData:28.3:0.4:0.3:on;my_contact_profile:22:10.5:0.00:0.2:0.4:0:0:0:1;
10981427-2c80-4885-b723-1e08e9daacf6-0,END,2026/07/15 13:27:21.136,2026/07/15 13:27:21.139,,00:00:00.003,DATA_OBSERVER,contacts,0,NOT_STOPPED,21536/22104,28.1,77.7,0.0,
208abbd1-d56f-4dab-8a9f-e126181c7862-0,END,2026/07/15 13:27:21.136,2026/07/15 13:27:21.139,,00:00:00.003,DATA_OBSERVER,my_contact_profile,0,NOT_STOPPED,21536/22100,28.1,77.7,0.0,
a6139727-cf4f-4920-a75b-901f2fda544b-0,END,2026/07/15 13:27:16.594,2026/07/15 13:27:16.974,,00:00:00.380,REALTIME_ANALYSIS,call_log,0,NOT_STOPPED,21536/22100,28.1,77.8,11.0,
1c3ade52-3b51-4dae-8f71-1ba563b53455-0,END,2026/07/15 13:27:14.294,2026/07/15 13:27:14.564,,00:00:00.270,REALTIME_DATA_COLLECTOR,call_log,0,NOT_STOPPED,21536/22029,28.1,75.9,6.2,call_log:222:success:28.1:1.4:0.0:on;call_log:207:4.1:0.00:1.2:0.0:0:14:0:1;
b1b36f57-e9ec-42ff-b27c-25905d0af5ed-0,END,2026/07/15 13:27:10.237,2026/07/15 13:27:10.240,,00:00:00.003,DATA_OBSERVER,call_log,0,NOT_STOPPED,21536/22028,28.1,74.9,0.0,
fb590678-d154-4db6-b757-131da18cb239-0,END,2026/07/15 13:27:04.252,2026/07/15 13:27:04.254,,00:00:00.002,DATA_OBSERVER,call_log,0,NOT_STOPPED,21536/22100,27.8,75.0,0.0,
9715b1e3-6b64-45e3-bf4d-b77256ea6579-0,END,2026/07/15 13:26:10.181,2026/07/15 13:26:10.638,,00:00:00.457,REALTIME_ANALYSIS,call_log,0,NOT_STOPPED,21536/22028,27.9,102.2,11.4,
a16ff043-9298-4d4c-baa0-4040f548f431-0,END,2026/07/15 13:26:07.779,2026/07/15 13:26:08.144,,00:00:00.365,REALTIME_DATA_COLLECTOR,call_log,0,NOT_STOPPED,21536/22029,26.7,100.1,3.7,call_log:308:success:26.7:1.2:-0.0:on;call_log:305:2.0:0.00:1.1:-0.0:1:0:0:1;
2a147c39-afc2-42d0-a83d-c0afe412a0b3-0,END,2026/07/15 13:25:57.735,2026/07/15 13:25:58.624,,00:00:00.889,BATCH_DATA_COLLECTOR,,0,NOT_STOPPED,21536/22104,26.9,98.8,1.4,Not compliant
eeeb7aaf-06dc-4d13-be26-c4d48373150a-0,END,2026/07/15 13:25:57.735,2026/07/15 13:25:57.741,,00:00:00.006,DATA_OBSERVER,call_log,0,NOT_STOPPED,21536/22029,26.9,103.2,0.0,
c17bef83-ca05-4481-8e14-64a771e71f1d-0,END,2026/07/15 11:48:14.762,2026/07/15 11:48:15.512,,00:00:00.750,REALTIME_ANALYSIS,call_log,0,NOT_STOPPED,21536/22029,27.8,100.7,8.8,
6360ccc0-7c62-4016-af1b-161a2b76f4f2-0,END,2026/07/15 11:48:12.001,2026/07/15 11:48:12.699,,00:00:00.698,REALTIME_DATA_COLLECTOR,call_log,0,NOT_STOPPED,21536/22104,27.8,89.2,4.3,call_log:574:success:27.8:2.1:-2.9:on;call_log:559:2.8:0.00:2.0:-3.0:5:41:0:1;
6a6c366f-96c3-45f6-a127-4549f061edce-0,END,2026/07/15 11:48:01.944,2026/07/15 11:48:01.952,,00:00:00.008,DATA_OBSERVER,call_log,0,NOT_STOPPED,21536/22029,27.8,83.8,0.0,
0cbfb712-a13f-4d88-9f75-b3e196b5fe4d-0,END,2026/07/15 09:47:31.703,2026/07/15 09:47:31.817,,00:00:00.114,BATCH_ANALYSIS,,0,NOT_STOPPED,21536/22100,26.6,74.9,0.9,Not compliant
4c627da2-d3a0-4ab3-9a26-aa7984ca8284-0,END,2026/07/15 08:35:52.521,2026/07/15 08:35:53.096,,00:00:00.575,BATCH_DATA_COLLECTOR,,0,NOT_STOPPED,21536/22029,28.5,70.5,0.4,Not compliant
f117107b-9ced-4fe4-a5fc-2cf311b0126a-0,END,2026/07/15 07:25:01.393,2026/07/15 07:25:04.256,,00:00:02.863,DAILY_ANALYTICS,,0,NOT_STOPPED,21536/22029,32.6,135.2,5.5,
f12f649e-647e-47cb-93a2-659bcfcfddb0-0,END,2026/07/15 07:25:01.800,2026/07/15 07:25:02.889,,00:00:01.089,DAILY_COLLECTOR_ANALYTICS,,0,NOT_STOPPED,21536/22100,32.6,113.3,5.4,
16dc78ce-6716-4337-83d4-242046550f63-0,END,2026/07/15 07:25:01.374,2026/07/15 07:25:02.501,,00:00:01.127,BATCH_ANALYSIS,,0,NOT_STOPPED,21536/22104,32.6,89.5,0.3,Not compliant
8f499c60-f099-48b4-9fdd-989e625a894e-0,END,2026/07/15 07:25:02.143,2026/07/15 07:25:02.501,,00:00:00.358,BATCH_DATA_COLLECTOR,,0,NOT_STOPPED,21536/22028,32.6,89.5,0.3,Not compliant
18046f19-49a0-41aa-a01a-4ea25ff0a2ab-0,END,2026/07/15 06:48:40.704,2026/07/15 06:48:40.724,,00:00:00.020,START_DATA_OBSERVER,,0,NOT_STOPPED,21536/22028,38.9,108.7,27.5,
8075006b-9f70-4fef-845f-b4afd21d04ad-0,END,2026/07/15 06:48:40.445,2026/07/15 06:48:40.661,,00:00:00.216,BOOT_COMPLETED,,0,NOT_STOPPED,21536/22029,38.9,105.1,5.2,
cc936ec8-8326-4aec-96d7-868442cece32-0,END,2026/07/15 06:47:06.007,2026/07/15 06:47:06.024,,00:00:00.017,START_DATA_OBSERVER,,0,NOT_STOPPED,19507/19866,38.9,102.5,18.1,
11b7fd52-5918-42dd-a873-5409d5940d9d-0,END,2026/07/15 06:47:05.667,2026/07/15 06:47:05.957,,00:00:00.290,BOOT_COMPLETED,,0,NOT_STOPPED,19507/19867,38.9,98.9,5.5,
48a7b647-ceb1-45ab-a34d-2c22f2678a43-0,END,2026/07/15 06:45:33.864,2026/07/15 06:45:33.878,,00:00:00.014,START_DATA_OBSERVER,,0,NOT_STOPPED,16791/17197,38.1,108.8,15.0,
795a14bf-a629-47bf-b7ce-8fb50d8e50f1-0,END,2026/07/15 06:45:33.638,2026/07/15 06:45:33.827,,00:00:00.189,BOOT_COMPLETED,,0,NOT_STOPPED,16791/17198,38.1,106.0,5.6,
4d463dad-9f26-44f2-b9f3-2005ca445492-0,END,2026/07/15 06:00:25.972,2026/07/15 06:00:26.032,,00:00:00.060,REALTIME_DATA_COLLECTOR,contacts,0,NOT_STOPPED,28582/29039,36.7,47.5,15.6,contacts:29:noData:36.7:0.6:0.0:on;contacts:27:11.4:0.00:0.4:0.0:0:0:0:1;
579b4bb5-7024-4797-9e9e-72a31715d1bc-0,END,2026/07/15 06:00:25.972,2026/07/15 06:00:26.011,,00:00:00.039,REALTIME_DATA_COLLECTOR,my_contact_profile,0,NOT_STOPPED,28582/29038,36.7,47.4,17.9,my_contact_profile:8:noData:36.7:0.3:0.2:on;my_contact_profile:8:0.0:0.00:0.2:0.2:0:0:0:1;
a682aa9c-e716-435e-a2fb-038ece32c651-0,END,2026/07/15 06:00:15.927,2026/07/15 06:00:15.931,,00:00:00.004,DATA_OBSERVER,contacts,0,NOT_STOPPED,28582/29108,36.4,46.7,0.0,
7c230cd4-c05c-44ea-b764-6ac9f4bacd49-0,END,2026/07/15 06:00:15.927,2026/07/15 06:00:15.930,,00:00:00.003,DATA_OBSERVER,my_contact_profile,0,NOT_STOPPED,28582/29038,36.4,46.7,0.0,
c36a000f-133d-45b4-9336-5c32adcc0b27-0,END,2026/07/15 06:00:15.376,2026/07/15 06:00:15.482,,00:00:00.106,REALTIME_DATA_COLLECTOR,contacts,0,NOT_STOPPED,28582/29105,36.4,46.4,11.1,contacts:68:noData:36.4:0.7:0.2:on;contacts:67:8.2:0.00:0.4:0.2:0:0:0:1;
0dd2cf50-3f33-4062-b539-7e3126e98d91-0,END,2026/07/15 06:00:15.376,2026/07/15 06:00:15.428,,00:00:00.052,REALTIME_DATA_COLLECTOR,my_contact_profile,0,NOT_STOPPED,28582/29108,36.4,45.2,14.5,my_contact_profile:16:noData:36.4:0.4:0.3:on;my_contact_profile:15:9.4:0.00:0.2:0.2:0:0:0:1;
89fafee4-a524-415a-bb10-c7fb502f3cfe-0,END,2026/07/15 06:00:12.029,2026/07/15 06:00:12.035,,00:00:00.006,DATA_OBSERVER,my_contact_profile,0,NOT_STOPPED,28582/29039,36.4,43.7,0.0,
56085024-06d2-4695-b898-27df54f611f4-0,END,2026/07/15 06:00:08.881,2026/07/15 06:00:08.887,,00:00:00.006,DATA_OBSERVER,contacts,0,NOT_STOPPED,28582/29105,36.4,43.7,0.0,
524f30b6-42d3-4ba8-9bba-cf4901fc1bab-0,END,2026/07/15 06:00:05.333,2026/07/15 06:00:05.343,,00:00:00.010,DATA_OBSERVER,contacts,0,NOT_STOPPED,28582/29108,36.4,42.1,12.0,
0c818e46-56db-40f8-9604-1d6024b403ae-0,END,2026/07/15 06:00:05.334,2026/07/15 06:00:05.348,,00:00:00.014,DATA_OBSERVER,my_contact_profile,0,NOT_STOPPED,28582/29038,36.4,42.5,12.7,
a0ec09a4-455a-4b36-bd57-d2e3e6a45452-0,END,2026/07/15 05:46:17.216,2026/07/15 05:46:17.295,,00:00:00.079,REALTIME_DATA_COLLECTOR,contacts,0,NOT_STOPPED,28582/29039,39.3,58.2,12.1,contacts:50:noData:39.3:0.5:0.0:on;contacts:50:9.4:0.00:0.4:0.1:0:0:0:1;
271a44e5-b517-4b6e-984a-966ac715a95f-0,END,2026/07/15 05:46:17.190,2026/07/15 05:46:17.254,,00:00:00.064,REALTIME_DATA_COLLECTOR,my_contact_profile,0,NOT_STOPPED,28582/29038,39.3,55.8,12.7,my_contact_profile:24:noData:39.3:0.3:0.2:on;my_contact_profile:22:11.7:0.00:0.3:0.1:0:0:0:1;
4328dce3-21e1-4b63-af56-8d64cb77af05-0,END,2026/07/15 05:46:07.155,2026/07/15 05:46:07.179,,00:00:00.024,DATA_OBSERVER,contacts,0,NOT_STOPPED,28582/29108,38.7,47.7,5.6,
49f6b9f9-598b-4b10-a9f3-ed03090b37e3-0,END,2026/07/15 05:46:07.154,2026/07/15 05:46:07.180,,00:00:00.026,DATA_OBSERVER,my_contact_profile,0,NOT_STOPPED,28582/29039,38.7,47.7,6.0,
af7ee007-7267-488e-915c-ca3b5732d7e9-0,END,2026/07/15 05:41:40.464,2026/07/15 05:41:40.480,,00:00:00.016,START_DATA_OBSERVER,,0,NOT_STOPPED,28582/29038,40.4,108.3,16.3,
b18aa5fc-973c-452b-805a-1781832ae54f-0,END,2026/07/15 05:41:40.202,2026/07/15 05:41:40.420,,00:00:00.218,BOOT_COMPLETED,,0,NOT_STOPPED,28582/29039,40.4,104.5,5.1,
738668b8-781a-4957-aa6b-f16b17e50b5e-0,END,2026/07/15 05:29:42.233,2026/07/15 05:29:42.363,,00:00:00.130,REALTIME_DATA_COLLECTOR,contacts,0,NOT_STOPPED,7190/7712,38.4,54.0,10.9,contacts:78:noData:38.4:0.5:0.3:on;contacts:77:9.0:0.00:0.4:0.2:0:0:0:1;
952099ee-53ae-4ba7-8a45-a97d51a74aad-0,END,2026/07/15 05:29:42.233,2026/07/15 05:29:42.321,,00:00:00.088,REALTIME_DATA_COLLECTOR,my_contact_profile,0,NOT_STOPPED,7190/7920,38.4,52.0,11.3,my_contact_profile:37:noData:38.4:0.4:0.4:on;my_contact_profile:36:7.7:0.00:0.2:0.3:0:0:0:1;
89664203-3ea5-4f2f-8808-c6ffde340ca0-0,END,2026/07/15 05:29:32.176,2026/07/15 05:29:32.198,,00:00:00.022,DATA_OBSERVER,my_contact_profile,0,NOT_STOPPED,7190/7937,38.6,44.6,9.0,
73313611-7428-4795-89d4-ea5f48eb3098-0,END,2026/07/15 05:29:32.180,2026/07/15 05:29:32.197,,00:00:00.017,DATA_OBSERVER,contacts,0,NOT_STOPPED,7190/7920,38.6,44.5,8.2,
ba4572ae-c037-41ae-964f-8e1634df1ba0-0,END,2026/07/15 05:18:15.129,2026/07/15 05:18:15.145,,00:00:00.016,START_DATA_OBSERVER,,0,NOT_STOPPED,7190/7712,37.4,89.3,13.1,
a4392f0c-0835-46af-93bf-e7a6c5fc5e35-0,END,2026/07/15 05:18:14.673,2026/07/15 05:18:15.076,,00:00:00.403,BOOT_COMPLETED,,0,NOT_STOPPED,7190/7713,37.4,86.9,3.7,
39d50984-3888-428b-8837-f8392678650b-0,END,2026/07/15 05:12:06.911,2026/07/15 05:12:06.927,,00:00:00.016,START_DATA_OBSERVER,,0,NOT_STOPPED,31346/31889,40.4,90.0,13.3,
6e704be6-f0e9-4913-be61-a615c90a2932-0,END,2026/07/15 05:12:06.439,2026/07/15 05:12:06.818,,00:00:00.379,BOOT_COMPLETED,,0,NOT_STOPPED,31346/31890,40.4,87.4,4.1,
394fd72e-9fbd-456b-8efd-4ccc6afbe906-0,END,2026/07/15 05:08:09.603,2026/07/15 05:08:09.759,,00:00:00.156,REALTIME_DATA_COLLECTOR,contacts,0,NOT_STOPPED,24355/24544,39.8,51.1,8.8,contacts:90:noData:39.8:0.5:0.2:on;contacts:86:7.3:0.00:0.3:0.2:0:0:0:1;
0c372405-45bd-4d47-b75d-8f31b4e44ab0-0,END,2026/07/15 05:08:09.603,2026/07/15 05:08:09.704,,00:00:00.101,REALTIME_DATA_COLLECTOR,my_contact_profile,0,NOT_STOPPED,24355/24804,39.8,47.6,9.2,my_contact_profile:32:noData:39.8:0.2:0.4:on;my_contact_profile:30:5.7:0.00:0.1:0.4:0:0:0:1;
f51963e3-ced0-452d-876d-1edc64d9807a-0,END,2026/07/15 05:07:59.569,2026/07/15 05:07:59.586,,00:00:00.017,DATA_OBSERVER,my_contact_profile,0,NOT_STOPPED,24355/24810,39.8,42.2,10.0,
22179df3-ffc3-45aa-a922-5045f7adf556-0,END,2026/07/15 05:07:59.569,2026/07/15 05:07:59.586,,00:00:00.017,DATA_OBSERVER,contacts,0,NOT_STOPPED,24355/24804,39.8,42.2,10.0,
96edbe2c-5fe9-4608-89a1-acb0474e7fe5-0,END,2026/07/15 05:06:56.624,2026/07/15 05:06:56.681,,00:00:00.057,START_DATA_OBSERVER,,0,NOT_STOPPED,24355/24544,40.8,83.0,6.7,
ef0e4032-3b2c-439c-b492-17db491fb82e-0,END,2026/07/15 05:06:55.616,2026/07/15 05:06:56.539,,00:00:00.923,BOOT_COMPLETED,,0,NOT_STOPPED,24355/24545,40.8,79.4,2.0,
a8e1a990-1bf3-480f-81d3-f2207493835a-0,END,2026/07/15 04:13:05.582,2026/07/15 04:13:05.614,,00:00:00.032,START_DATA_OBSERVER,,0,NOT_STOPPED,10765/11277,41.7,99.5,18.4,
e83d3391-169e-4129-9515-076c3c140677-0,END,2026/07/15 04:13:05.000,2026/07/15 04:13:05.525,,00:00:00.525,BOOT_COMPLETED,,0,NOT_STOPPED,10765/11278,41.7,96.7,3.9,
06e3dae3-3e96-48c1-989c-4af823c03b27-0,END,2026/07/15 04:12:28.943,2026/07/15 04:12:28.973,,00:00:00.030,START_DATA_OBSERVER,,0,NOT_STOPPED,8708/8932,41.9,102.2,9.7,
a9772771-479b-426a-b779-5cf31cc9cb0a-0,END,2026/07/15 04:12:28.077,2026/07/15 04:12:28.830,,00:00:00.753,BOOT_COMPLETED,,0,NOT_STOPPED,8708/8933,41.9,99.5,2.7,
3bd11ecc-8d9f-4055-8de9-668ae39bd8a4-0,END,2026/07/15 04:11:07.375,2026/07/15 04:11:07.380,,00:00:00.005,REALTIME_DATA_COLLECTOR,contacts,0,NOT_STOPPED,518/760,41.3,35.3,0.0,Not compliant
380eb683-45a0-4ffb-811c-3be8acb9eb4a-0,END,2026/07/15 04:11:07.377,2026/07/15 04:11:07.380,,00:00:00.003,REALTIME_DATA_COLLECTOR,my_contact_profile,0,NOT_STOPPED,518/909,41.3,35.3,0.0,Not compliant
def42f21-d8e4-4ca8-880a-6a8bb0fe7e33-0,END,2026/07/15 04:10:57.294,2026/07/15 04:10:57.346,,00:00:00.052,DATA_OBSERVER,contacts,0,NOT_STOPPED,518/1118,41.4,40.4,7.9,
49a9eb87-5843-4c8c-8e20-d12f0e91ae25-0,END,2026/07/15 04:10:57.294,2026/07/15 04:10:57.346,,00:00:00.052,DATA_OBSERVER,my_contact_profile,0,NOT_STOPPED,518/909,41.4,40.4,7.7,
c7fae541-89ac-4204-a015-126a521df127-0,END,2026/07/15 04:10:22.734,2026/07/15 04:10:22.749,,00:00:00.015,START_DATA_OBSERVER,,0,NOT_STOPPED,518/759,41.2,103.7,18.0,
b049ac2f-1fc6-42c3-bb8c-86f34ee3a2b5-0,END,2026/07/15 04:10:22.298,2026/07/15 04:10:22.632,,00:00:00.334,BOOT_COMPLETED,,0,NOT_STOPPED,518/760,41.2,100.3,4.0,
a95f5403-ff45-4e87-927c-b1a92b069180-0,END,2026/07/15 04:09:50.953,2026/07/15 04:09:51.012,,00:00:00.059,START_DATA_OBSERVER,,0,NOT_STOPPED,29783/30169,40.4,75.8,6.3,
8d0da752-6a20-46b7-9df2-aa0f80297104-0,END,2026/07/15 04:09:49.805,2026/07/15 04:09:50.831,,00:00:01.026,BOOT_COMPLETED,,0,NOT_STOPPED,29783/30170,40.4,69.8,2.0,
3bd47079-1958-406e-b883-39ea30d2a1e3-0,END,2026/07/15 04:09:34.155,2026/07/15 04:09:34.200,,00:00:00.045,START_DATA_OBSERVER,,0,NOT_STOPPED,28416/28595,38.9,92.5,9.8,
0b9962eb-72a4-4196-b3b3-4a0d6cad6d38-0,END,2026/07/15 04:09:33.660,2026/07/15 04:09:33.986,,00:00:00.326,BOOT_COMPLETED,,0,NOT_STOPPED,28416/28596,38.9,101.8,4.3,
c18f9364-7622-4dc6-be2e-c26872df31fb-0,END,2026/07/15 03:31:57.419,2026/07/15 03:31:57.419,,00:00:00.000,REALTIME_DATA_COLLECTOR,my_contact_profile,0,NOT_STOPPED,7848/8933,40.0,45.9,0.0,Not compliant
19dec5fe-128f-43f0-af2c-5f3f677c5cc5-0,END,2026/07/15 03:31:57.407,2026/07/15 03:31:57.408,,00:00:00.001,REALTIME_DATA_COLLECTOR,contacts,0,NOT_STOPPED,7848/8368,40.0,45.8,0.0,Not compliant
44fed201-71f6-4f3e-8ce1-9df260c6db3d-0,END,2026/07/15 03:31:47.396,2026/07/15 03:31:47.400,,00:00:00.004,DATA_OBSERVER,contacts,0,NOT_STOPPED,7848/8859,39.8,70.2,0.0,
b837b9a7-56ab-4bb1-b567-84164a2754db-0,END,2026/07/15 03:31:47.398,2026/07/15 03:31:47.400,,00:00:00.002,DATA_OBSERVER,my_contact_profile,0,NOT_STOPPED,7848/8370,39.8,69.6,0.0,
6992dfc6-96ef-4146-88c7-47aa8e00c8ba-0,END,2026/07/15 03:31:46.789,2026/07/15 03:31:46.891,,00:00:00.102,REALTIME_DATA_COLLECTOR,contacts,0,NOT_STOPPED,7848/8859,39.8,69.1,11.2,contacts:33:noData:39.8:0.6:0.0:on;contacts:32:10.3:0.00:0.3:0.1:0:0:0:1;
b1249144-615d-481f-8171-27fd5060a34c-0,END,2026/07/15 03:31:46.795,2026/07/15 03:31:46.863,,00:00:00.068,REALTIME_DATA_COLLECTOR,my_contact_profile,0,NOT_STOPPED,7848/8933,39.8,68.9,11.8,my_contact_profile:9:noData:39.8:0.4:0.1:on;my_contact_profile:8:0.0:0.00:0.3:0.1:0:0:0:1;
﻿418ed855-bdbe-4c59-9143-7592a3a958c7-0,END,2026/07/15 03:31:36.764,2026/07/15 03:31:36.766,,00:00:00.002,DATA_OBSERVER,my_contact_profile,0,NOT_STOPPED,7848/8370,39.6,69.2,0.0,
737f8981-f098-4845-8f74-6a0576126996-0,END,2026/07/15 03:31:36.760,2026/07/15 03:31:36.765,,00:00:00.005,DATA_OBSERVER,contacts,0,NOT_STOPPED,7848/8933,39.6,69.1,0.0,
a8d47d12-65d8-4c56-80e0-88b52272d9d2-0,END,2026/07/15 03:31:36.307,2026/07/15 03:31:36.366,,00:00:00.059,REALTIME_DATA_COLLECTOR,contacts,0,NOT_STOPPED,7848/8368,39.6,69.0,14.1,contacts:27:noData:39.6:0.6:0.0:on;contacts:25:11.7:0.00:0.4:0.0:0:0:0:1;
129bd411-ef96-4a81-bf95-794ca8772332-0,END,2026/07/15 03:31:36.316,2026/07/15 03:31:36.354,,00:00:00.038,REALTIME_DATA_COLLECTOR,my_contact_profile,0,NOT_STOPPED,7848/8933,39.6,68.9,15.0,my_contact_profile:7:noData:39.6:0.4:0.0:on;my_contact_profile:6:0.0:0.00:0.2:-0.2:0:0:0:1;
05caf5d2-4a00-448e-8ec8-886b362f8c9f-0,END,2026/07/15 03:31:26.285,2026/07/15 03:31:26.294,,00:00:00.009,DATA_OBSERVER,my_contact_profile,0,NOT_STOPPED,7848/8859,39.5,68.7,0.0,
e2970302-b1a6-4b32-988c-454ddbd304cb-0,END,2026/07/15 03:31:26.285,2026/07/15 03:31:26.291,,00:00:00.006,DATA_OBSERVER,contacts,0,NOT_STOPPED,7848/8933,39.5,68.7,0.0,
4f5ce85d-b42d-4ec8-9028-c0838914c62e-0,END,2026/07/15 03:31:25.377,2026/07/15 03:31:25.460,,00:00:00.083,REALTIME_DATA_COLLECTOR,contacts,0,NOT_STOPPED,7848/8370,39.5,71.2,11.0,contacts:40:noData:39.5:0.7:0.0:on;contacts:40:9.0:0.00:0.5:0.1:0:0:0:1;
ab80285d-98d5-48d5-920f-5b28e3a255e4-0,END,2026/07/15 03:31:25.375,2026/07/15 03:31:25.431,,00:00:00.056,REALTIME_DATA_COLLECTOR,my_contact_profile,0,NOT_STOPPED,7848/8368,39.5,70.9,11.3,my_contact_profile:15:noData:39.5:0.5:0.1:on;my_contact_profile:13:6.9:0.00:0.3:0.1:0:0:0:1;
6415ccae-df71-48c6-ae34-aa0be284ea08-0,END,2026/07/15 03:31:15.268,2026/07/15 03:31:15.276,,00:00:00.008,DATA_OBSERVER,contacts,0,NOT_STOPPED,7848/8933,39.5,70.6,0.0,
34f236e7-6169-4c79-837f-30310aea2837-0,END,2026/07/15 03:31:15.267,2026/07/15 03:31:15.273,,00:00:00.006,DATA_OBSERVER,my_contact_profile,0,NOT_STOPPED,7848/8370,39.5,70.6,0.0,
7b64533e-daaa-4a9d-81dd-e1fed561048e-0,END,2026/07/15 03:31:13.493,2026/07/15 03:31:13.551,,00:00:00.058,REALTIME_DATA_COLLECTOR,contacts,0,NOT_STOPPED,7848/8370,39.5,70.4,15.8,contacts:25:noData:39.5:0.5:0.0:on;contacts:25:13.3:0.00:0.3:0.1:0:0:0:1;
4a12faaa-34f7-4c4f-a2ba-f8d9613c427e-0,END,2026/07/15 03:31:13.494,2026/07/15 03:31:13.531,,00:00:00.037,REALTIME_DATA_COLLECTOR,my_contact_profile,0,NOT_STOPPED,7848/8933,39.5,70.1,16.6,my_contact_profile:6:noData:39.5:0.3:0.1:on;my_contact_profile:6:0.0:0.00:0.2:0.1:0:0:0:1;
3b5a0e58-a0e9-4397-a46c-e8049a45486a-0,END,2026/07/15 03:31:03.449,2026/07/15 03:31:03.455,,00:00:00.006,DATA_OBSERVER,my_contact_profile,0,NOT_STOPPED,7848/8859,39.5,69.7,0.0,
0ffc8a14-dd49-470d-aba2-0372c0236742-0,END,2026/07/15 03:31:03.449,2026/07/15 03:31:03.454,,00:00:00.005,DATA_OBSERVER,contacts,0,NOT_STOPPED,7848/8933,39.5,69.6,0.0,
eab8feef-576f-4203-b5f1-5080bd8d76c1-0,END,2026/07/15 03:31:02.345,2026/07/15 03:31:02.426,,00:00:00.081,REALTIME_DATA_COLLECTOR,contacts,0,NOT_STOPPED,7848/8933,39.5,69.4,12.7,contacts:48:noData:39.5:0.6:0.0:on;contacts:47:10.0:0.00:0.4:-0.0:0:0:0:1;
42d26ab7-27e6-4615-ab33-5cd4bc3bd767-0,END,2026/07/15 03:31:02.345,2026/07/15 03:31:02.390,,00:00:00.045,REALTIME_DATA_COLLECTOR,my_contact_profile,0,NOT_STOPPED,7848/8368,39.5,69.2,15.4,my_contact_profile:6:noData:39.5:0.5:0.0:on;my_contact_profile:6:0.0:0.00:0.2:-0.1:0:0:0:1;
cbc3adeb-5651-4f10-a4f2-81b806299868-0,END,2026/07/15 03:30:52.309,2026/07/15 03:30:52.314,,00:00:00.005,DATA_OBSERVER,contacts,0,NOT_STOPPED,7848/8370,39.5,68.6,0.0,
38e241a8-20f5-4ba0-ac63-c6f86f7db557-0,END,2026/07/15 03:30:52.309,2026/07/15 03:30:52.313,,00:00:00.004,DATA_OBSERVER,my_contact_profile,0,NOT_STOPPED,7848/8368,39.5,68.6,0.0,
5730a945-fa08-4e73-a855-c2e22fd812ec-0,END,2026/07/15 03:30:50.231,2026/07/15 03:30:50.292,,00:00:00.061,REALTIME_DATA_COLLECTOR,contacts,0,NOT_STOPPED,7848/8859,39.5,68.3,13.8,contacts:34:noData:39.5:0.5:0.0:on;contacts:33:8.8:0.00:0.4:0.0:0:0:0:1;
c9307a59-cc11-4b91-815e-a94f8c013da7-0,END,2026/07/15 03:30:50.231,2026/07/15 03:30:50.271,,00:00:00.040,REALTIME_DATA_COLLECTOR,my_contact_profile,0,NOT_STOPPED,7848/8370,39.5,68.2,16.3,my_contact_profile:4:noData:39.5:0.4:0.0:on;my_contact_profile:4:0.0:0.00:0.2:-0.2:0:0:0:1;
ee4659a3-fb75-4e7a-8ad0-f825083d1c4c-0,END,2026/07/15 03:30:40.198,2026/07/15 03:30:40.202,,00:00:00.004,DATA_OBSERVER,contacts,0,NOT_STOPPED,7848/8933,39.5,67.6,0.0,
d6f2cae1-ba25-49f7-9fc4-a906374afcb3-0,END,2026/07/15 03:30:40.198,2026/07/15 03:30:40.201,,00:00:00.003,DATA_OBSERVER,my_contact_profile,0,NOT_STOPPED,7848/8370,39.5,67.5,0.0,
3bca0a94-7dc1-4844-a74b-bcd3b65a16b8-0,END,2026/07/15 03:30:38.882,2026/07/15 03:30:38.990,,00:00:00.108,REALTIME_DATA_COLLECTOR,contacts,0,NOT_STOPPED,7848/8859,39.5,67.4,10.4,contacts:70:noData:39.5:0.5:0.2:on;contacts:68:7.6:0.00:0.3:0.2:0:0:0:1;
4866aef5-c3d1-49cb-9689-6023637161e4-0,END,2026/07/15 03:30:38.880,2026/07/15 03:30:38.944,,00:00:00.064,REALTIME_DATA_COLLECTOR,my_contact_profile,0,NOT_STOPPED,7848/8370,39.5,66.4,12.5,my_contact_profile:22:noData:39.5:0.3:0.1:on;my_contact_profile:20:7.0:0.00:0.1:0.1:0:0:0:1;
76655368-a31e-48c6-86c9-8e0c8c808ce0-0,END,2026/07/15 03:30:28.832,2026/07/15 03:30:28.851,,00:00:00.019,DATA_OBSERVER,my_contact_profile,0,NOT_STOPPED,7848/8368,39.3,62.2,7.8,
c1d58a10-f939-493f-981f-148aae421f67-0,END,2026/07/15 03:30:28.832,2026/07/15 03:30:28.852,,00:00:00.020,DATA_OBSERVER,contacts,0,NOT_STOPPED,7848/8859,39.3,62.0,8.4,
f4c1ed27-4746-498d-8dc6-549d77dbfe5e-0,END,2026/07/15 03:19:05.236,2026/07/15 03:19:05.308,,00:00:00.072,REALTIME_DATA_COLLECTOR,contacts,0,NOT_STOPPED,7848/8368,39.8,67.1,16.1,contacts:32:noData:39.8:0.6:-0.1:on;contacts:31:12.9:0.00:0.5:-0.1:0:0:0:1;
634dde52-7117-4ebb-810d-5b4ee927df91-0,END,2026/07/15 03:19:05.236,2026/07/15 03:19:05.283,,00:00:00.047,REALTIME_DATA_COLLECTOR,my_contact_profile,0,NOT_STOPPED,7848/8933,39.8,66.9,17.5,my_contact_profile:7:noData:39.8:0.4:0.0:on;my_contact_profile:6:0.0:0.00:0.2:0.0:0:0:0:1;
733ca84f-c9cc-4e43-b0d6-8cffc66a2d66-0,END,2026/07/15 03:18:55.206,2026/07/15 03:18:55.209,,00:00:00.003,DATA_OBSERVER,my_contact_profile,0,NOT_STOPPED,7848/8859,39.8,66.4,0.0,
9491c111-866a-4342-924c-2ad6cad37691-0,END,2026/07/15 03:18:55.205,2026/07/15 03:18:55.209,,00:00:00.004,DATA_OBSERVER,contacts,0,NOT_STOPPED,7848/8370,39.8,66.3,0.0,
f40d507d-31d2-4556-83ae-f6e977810d9b-0,END,2026/07/15 03:18:54.309,2026/07/15 03:18:54.382,,00:00:00.073,REALTIME_DATA_COLLECTOR,contacts,0,NOT_STOPPED,7848/8368,39.8,66.1,15.5,contacts:40:noData:39.8:0.5:0.0:on;contacts:38:11.6:0.00:0.3:0.0:0:0:0:1;
99ce9b5c-8a36-47fb-9f1f-e0119f2a00ac-0,END,2026/07/15 03:18:54.308,2026/07/15 03:18:54.349,,00:00:00.041,REALTIME_DATA_COLLECTOR,my_contact_profile,0,NOT_STOPPED,7848/8370,39.8,65.9,17.8,my_contact_profile:7:noData:39.8:0.3:0.0:on;my_contact_profile:6:0.0:0.00:0.2:0.0:0:0:0:1;
41217957-f3dc-49b8-9abf-62296b9362c8-0,END,2026/07/15 03:18:44.286,2026/07/15 03:18:44.289,,00:00:00.003,DATA_OBSERVER,contacts,0,NOT_STOPPED,7848/8859,39.8,65.9,0.0,
899661f7-497d-4e5c-aaaf-bd618e959eb6-0,END,2026/07/15 03:18:44.286,2026/07/15 03:18:44.289,,00:00:00.003,DATA_OBSERVER,my_contact_profile,0,NOT_STOPPED,7848/8368,39.8,65.9,0.0,
3ba393a5-a963-41ef-9d95-d4007048ae0b-0,END,2026/07/15 03:18:44.140,2026/07/15 03:18:44.251,,00:00:00.111,REALTIME_DATA_COLLECTOR,contacts,0,NOT_STOPPED,7848/8370,39.8,65.7,12.4,contacts:71:noData:39.8:0.5:0.2:on;contacts:68:8.8:0.00:0.4:0.2:0:0:0:1;
55e897a4-829a-4c5f-a5a6-c8976bc9d899-0,END,2026/07/15 03:18:44.139,2026/07/15 03:18:44.199,,00:00:00.060,REALTIME_DATA_COLLECTOR,my_contact_profile,0,NOT_STOPPED,7848/8859,39.8,64.3,15.9,my_contact_profile:16:noData:39.8:0.3:0.2:on;my_contact_profile:15:8.1:0.00:0.1:0.2:0:0:0:1;
9191e855-a436-44c9-808a-d2efcaa6ce0c-0,END,2026/07/15 03:18:34.118,2026/07/15 03:18:34.121,,00:00:00.003,DATA_OBSERVER,my_contact_profile,0,NOT_STOPPED,7848/8933,40.0,62.1,0.0,
74436483-ee59-47cb-aa42-d484c95888ea-0,END,2026/07/15 03:18:34.118,2026/07/15 03:18:34.121,,00:00:00.003,DATA_OBSERVER,contacts,0,NOT_STOPPED,7848/8370,40.0,62.0,0.0,
aa3f519c-bcd1-4407-bfca-ff1046000437-0,END,2026/07/15 03:18:33.186,2026/07/15 03:18:33.187,,00:00:00.001,REALTIME_DATA_COLLECTOR,contacts,0,NOT_STOPPED,7848/8368,40.0,61.8,0.0,Not compliant
d7f58ddb-c076-47ce-a882-a19f67a8533a-0,END,2026/07/15 03:18:33.192,2026/07/15 03:18:33.192,,00:00:00.000,REALTIME_DATA_COLLECTOR,my_contact_profile,0,NOT_STOPPED,7848/8370,40.0,61.8,0.0,Not compliant
9b09dd6a-311a-4546-86a4-be981df90ea6-0,END,2026/07/15 03:18:23.164,2026/07/15 03:18:23.167,,00:00:00.003,DATA_OBSERVER,my_contact_profile,0,NOT_STOPPED,7848/8370,40.0,61.6,0.0,
ed051ff8-6736-4571-9bb3-4172df2b8c1d-0,END,2026/07/15 03:18:23.164,2026/07/15 03:18:23.168,,00:00:00.004,DATA_OBSERVER,contacts,0,NOT_STOPPED,7848/8933,40.0,61.6,0.0,
868b25ca-d1cc-4197-8a8f-253f5c616a00-0,END,2026/07/15 03:18:11.958,2026/07/15 03:18:11.959,,00:00:00.001,REALTIME_DATA_COLLECTOR,contacts,0,NOT_STOPPED,7848/8368,40.2,61.3,0.0,Not compliant
edde1e28-ad58-400b-be4c-bda8b5a13f23-0,END,2026/07/15 03:18:11.960,2026/07/15 03:18:11.961,,00:00:00.001,REALTIME_DATA_COLLECTOR,my_contact_profile,0,NOT_STOPPED,7848/8859,40.2,61.3,0.0,Not compliant
b19f49bc-ee88-4b23-8bcc-381584bdad4a-0,END,2026/07/15 03:18:11.840,2026/07/15 03:18:11.845,,00:00:00.005,DATA_OBSERVER,contacts,0,NOT_STOPPED,7848/8859,40.2,61.2,0.0,
78a6d1fd-86d3-44a9-a6ba-06733d70c8e2-0,END,2026/07/15 03:18:11.844,2026/07/15 03:18:11.845,,00:00:00.001,DATA_OBSERVER,my_contact_profile,0,NOT_STOPPED,7848/8370,40.2,61.2,0.0,
da7a2a1d-314b-4a70-ac54-282482110ce1-0,END,2026/07/15 03:18:01.939,2026/07/15 03:18:01.943,,00:00:00.004,DATA_OBSERVER,my_contact_profile,0,NOT_STOPPED,7848/8933,40.3,60.9,0.0,
31a3cd22-680b-4e1a-b19c-9560f41793d3-0,END,2026/07/15 03:18:01.939,2026/07/15 03:18:01.944,,00:00:00.005,DATA_OBSERVER,contacts,0,NOT_STOPPED,7848/8370,40.3,60.9,0.0,
3f0bd895-3303-4d5c-abe5-f3a6c8e98dfa-0,END,2026/07/15 03:18:00.734,2026/07/15 03:18:00.738,,00:00:00.004,REALTIME_DATA_COLLECTOR,contacts,0,NOT_STOPPED,7848/8933,40.3,60.5,0.0,Not compliant
9acb02a3-f57b-4207-aaf2-565f6f217fc8-0,END,2026/07/15 03:18:00.740,2026/07/15 03:18:00.741,,00:00:00.001,REALTIME_DATA_COLLECTOR,my_contact_profile,0,NOT_STOPPED,7848/8368,40.3,60.6,0.0,Not compliant
6a9b8927-03db-42d3-b927-510c748fd5d3-0,END,2026/07/15 03:17:50.684,2026/07/15 03:17:50.706,,00:00:00.022,DATA_OBSERVER,contacts,0,NOT_STOPPED,7848/8370,40.3,57.5,12.9,
0820a32b-bc5f-428a-880a-45de43f435dc-0,END,2026/07/15 03:17:50.684,2026/07/15 03:17:50.707,,00:00:00.023,DATA_OBSERVER,my_contact_profile,0,NOT_STOPPED,7848/8368,40.3,57.4,13.0,
56156c65-9478-4b78-a25b-54d1598ad4d3-0,END,2026/07/15 02:42:42.558,2026/07/15 02:42:42.596,,00:00:00.038,REALTIME_DATA_COLLECTOR,my_contact_profile,0,NOT_STOPPED,7848/8933,36.7,51.3,7.9,my_contact_profile:8:noData:36.7:0.2:-0.0:on;my_contact_profile:7:0.0:0.00:0.1:-0.0:0:0:0:1;
b739333f-be24-4d6c-b748-1b5a58c3c829-0,END,2026/07/15 02:42:14.232,2026/07/15 02:42:14.315,,00:00:00.083,REALTIME_DATA_COLLECTOR,contacts,0,NOT_STOPPED,7848/8933,37.1,51.0,7.6,contacts:43:noData:37.1:0.3:0.0:on;contacts:42:4.3:0.00:0.2:0.0:0:0:0:1;
a7f2552d-8720-4858-b017-4ab0ec8ef5bd-0,END,2026/07/15 02:42:04.176,2026/07/15 02:42:04.185,,00:00:00.009,DATA_OBSERVER,contacts,0,NOT_STOPPED,7848/8370,37.2,50.4,0.0,
cdb01667-b1cb-41d8-95fb-bd0a4c3ad211-0,END,2026/07/15 02:42:04.177,2026/07/15 02:42:04.183,,00:00:00.006,DATA_OBSERVER,my_contact_profile,0,NOT_STOPPED,7848/8368,37.2,50.4,0.0,
ee97e014-eb59-47bc-abf7-cba67c36aae3-0,END,2026/07/15 02:41:53.002,2026/07/15 02:41:53.074,,00:00:00.072,REALTIME_DATA_COLLECTOR,contacts,0,NOT_STOPPED,7848/8859,37.4,50.5,16.7,contacts:33:noData:37.4:0.5:0.0:on;contacts:32:13.1:0.00:0.4:0.0:0:0:0:1;
1416b0e4-5deb-4594-96fc-a36cf74f5987-0,END,2026/07/15 02:41:53.001,2026/07/15 02:41:53.049,,00:00:00.048,REALTIME_DATA_COLLECTOR,my_contact_profile,0,NOT_STOPPED,7848/8370,37.4,50.3,21.1,my_contact_profile:9:noData:37.4:0.4:0.2:on;my_contact_profile:7:0.0:0.00:0.2:0.2:0:0:0:1;
bd328b11-3160-4b95-abcf-bad8c01efe6b-0,END,2026/07/15 02:41:52.404,2026/07/15 02:41:52.409,,00:00:00.005,DATA_OBSERVER,my_contact_profile,0,NOT_STOPPED,7848/8933,37.4,49.7,0.0,
0cb34263-6abe-4e97-92f8-66d10afbb3b8-0,END,2026/07/15 02:41:52.404,2026/07/15 02:41:52.410,,00:00:00.006,DATA_OBSERVER,contacts,0,NOT_STOPPED,7848/8368,37.4,49.7,0.0,
0189fd5c-de4d-477f-86a9-71521e73dd1f-0,END,2026/07/15 02:41:40.644,2026/07/15 02:41:40.648,,00:00:00.004,DATA_OBSERVER,my_contact_profile,0,NOT_STOPPED,7848/8859,37.7,49.3,0.0,
0a313d3b-ae52-49da-a9fd-f414ca8945d2-0,END,2026/07/15 02:41:40.644,2026/07/15 02:41:40.648,,00:00:00.004,DATA_OBSERVER,contacts,0,NOT_STOPPED,7848/8370,37.7,49.3,0.0,
c467c756-d9a3-4380-ad36-a302df52e666-0,END,2026/07/15 02:41:29.549,2026/07/15 02:41:29.638,,00:00:00.089,REALTIME_DATA_COLLECTOR,contacts,0,NOT_STOPPED,7848/8368,37.9,49.2,16.4,contacts:46:noData:37.9:0.6:0.0:on;contacts:44:13.1:0.00:0.4:0.0:0:0:0:1;
35095646-fd6c-4f45-86a3-1ec8e0e7a56a-0,END,2026/07/15 02:41:29.549,2026/07/15 02:41:29.600,,00:00:00.051,REALTIME_DATA_COLLECTOR,my_contact_profile,0,NOT_STOPPED,7848/8859,37.9,49.0,19.4,my_contact_profile:7:noData:37.9:0.3:0.2:on;my_contact_profile:5:0.0:0.00:0.2:0.2:0:0:0:1;
191f9fe0-25fd-4797-9837-ea8433f60b76-0,END,2026/07/15 02:41:28.903,2026/07/15 02:41:28.908,,00:00:00.005,DATA_OBSERVER,my_contact_profile,0,NOT_STOPPED,7848/8933,37.9,48.5,0.0,
ac88dafd-05ca-44f3-96c0-712f4820fe78-0,END,2026/07/15 02:41:28.903,2026/07/15 02:41:28.908,,00:00:00.005,DATA_OBSERVER,contacts,0,NOT_STOPPED,7848/8370,37.9,48.5,0.0,
7469a131-7aad-4559-983a-e165e59af362-0,END,2026/07/15 02:41:18.696,2026/07/15 02:41:18.700,,00:00:00.004,DATA_OBSERVER,my_contact_profile,0,NOT_STOPPED,7848/8368,38.1,48.2,0.0,
c31206b9-b2a9-4ed4-80a7-092e24f6b641-0,END,2026/07/15 02:41:18.696,2026/07/15 02:41:18.698,,00:00:00.002,DATA_OBSERVER,contacts,0,NOT_STOPPED,7848/8859,38.1,48.1,0.0,
2d2ed677-534d-4bae-ab32-35938633c153-0,END,2026/07/15 02:41:09.258,2026/07/15 02:41:09.353,,00:00:00.095,REALTIME_DATA_COLLECTOR,contacts,0,NOT_STOPPED,7848/8368,38.2,47.8,18.4,contacts:43:noData:38.2:0.5:-0.0:on;contacts:42:16.2:0.00:0.4:-0.0:0:0:0:1;
3e64b91c-05a2-4034-a8f2-2f6f91b19604-0,END,2026/07/15 02:41:09.258,2026/07/15 02:41:09.318,,00:00:00.060,REALTIME_DATA_COLLECTOR,my_contact_profile,0,NOT_STOPPED,7848/8859,38.2,47.6,21.2,my_contact_profile:9:noData:38.2:0.3:0.2:on;my_contact_profile:8:0.0:0.00:0.2:0.2:0:0:0:1;
4eb698b2-1c10-41d2-911b-ca52b4c062a2-0,END,2026/07/15 02:41:08.664,2026/07/15 02:41:08.667,,00:00:00.003,DATA_OBSERVER,contacts,0,NOT_STOPPED,7848/8933,38.2,47.0,0.0,
8421f0de-cc93-4b10-b664-9f4afd44868a-0,END,2026/07/15 02:41:08.654,2026/07/15 02:41:08.662,,00:00:00.008,DATA_OBSERVER,my_contact_profile,0,NOT_STOPPED,7848/8370,38.2,46.9,0.0,
7a6b68bf-e0fb-4875-a62a-9fc3a111a1d5-0,END,2026/07/15 02:40:58.613,2026/07/15 02:40:58.618,,00:00:00.005,DATA_OBSERVER,my_contact_profile,0,NOT_STOPPED,7848/8933,38.2,46.6,0.0,
0c508a5a-a016-4bac-8288-0826869604b2-0,END,2026/07/15 02:40:58.579,2026/07/15 02:40:58.581,,00:00:00.002,DATA_OBSERVER,contacts,0,NOT_STOPPED,7848/8859,38.2,46.5,0.0,
42a0eddf-4624-459a-a1e6-24415157e57b-0,END,2026/07/15 02:40:29.239,2026/07/15 02:40:29.394,,00:00:00.155,REALTIME_DATA_COLLECTOR,contacts,0,NOT_STOPPED,7848/8859,38.9,47.2,13.5,contacts:111:noData:38.9:0.5:0.2:on;contacts:108:11.1:0.00:0.5:0.2:0:0:0:1;
ed9b9219-c7de-49cb-98bc-9c16c6229daf-0,END,2026/07/15 02:40:29.238,2026/07/15 02:40:29.332,,00:00:00.094,REALTIME_DATA_COLLECTOR,my_contact_profile,0,NOT_STOPPED,7848/8368,38.9,46.2,15.8,my_contact_profile:27:noData:38.9:0.4:0.1:on;my_contact_profile:26:8.5:0.00:0.2:0.1:0:0:0:1;
d57e6ccb-2c28-440c-a223-807fa9195e71-0,END,2026/07/15 02:40:01.661,2026/07/15 02:40:01.664,,00:00:00.003,DATA_OBSERVER,my_contact_profile,0,NOT_STOPPED,7848/8370,39.6,44.1,0.0,
d085203b-73d6-45c5-99fa-2283a6c9e339-0,END,2026/07/15 02:40:01.623,2026/07/15 02:40:01.635,,00:00:00.012,DATA_OBSERVER,contacts,0,NOT_STOPPED,7848/8859,39.6,42.3,11.7,
1b35171d-c89e-4953-8ec9-00c182204402-0,END,2026/07/15 02:39:28.197,2026/07/15 02:39:28.273,,00:00:00.076,START_DATA_OBSERVER,,0,NOT_STOPPED,7848/8370,39.2,67.1,8.1,
fd92b813-b2ac-4e8c-a526-e481e297f40f-0,END,2026/07/15 02:39:27.989,2026/07/15 02:39:27.995,,00:00:00.006,BOOT_COMPLETED,,0,NOT_STOPPED,7848/8933,39.2,82.3,0.0,
af2a79c4-b332-4750-aaf7-15a6b2553ee9-0,END,2026/07/15 02:39:20.111,2026/07/15 02:39:20.171,,00:00:00.060,REALTIME_DATA_COLLECTOR,my_contact_profile,0,NOT_STOPPED,7848/8933,38.9,46.6,8.0,my_contact_profile:19:noData:38.9:0.1:0.0:on;my_contact_profile:18:5.3:0.00:0.0:0.0:0:0:0:1;
e2ca3b5f-82be-43ba-a867-34a4ca67e7d1-0,END,2026/07/15 02:39:19.783,2026/07/15 02:39:20.060,,00:00:00.277,REALTIME_DATA_COLLECTOR,contacts,0,NOT_STOPPED,7848/8859,38.9,46.0,4.1,contacts:171:noData:38.9:0.4:0.2:on;contacts:161:2.8:0.00:0.3:0.2:0:0:0:1;
5bf850ba-044b-46f8-9c75-17ca79d826b5-0,END,2026/07/15 02:39:08.169,2026/07/15 02:39:08.173,,00:00:00.004,DATA_OBSERVER,my_contact_profile,0,NOT_STOPPED,7848/8368,38.3,40.5,0.0,
55d6c804-708e-42f2-9703-56d452ca52a5-0,END,2026/07/15 02:39:08.038,2026/07/15 02:39:08.148,,00:00:00.110,DATA_OBSERVER,contacts,0,NOT_STOPPED,7848/8933,38.3,39.7,12.2,
44bef904-312d-4d56-b7b6-cce028912778-0,END,2026/07/15 02:38:47.141,2026/07/15 02:38:47.184,,00:00:00.043,START_DATA_OBSERVER,,0,NOT_STOPPED,7848/8368,36.0,78.9,8.8,
71b4de17-421a-4877-9389-1fb27cce1a38-0,END,2026/07/15 02:38:46.020,2026/07/15 02:38:46.909,,00:00:00.889,BOOT_COMPLETED,,0,NOT_STOPPED,7848/8370,36.0,76.1,1.9,
